audio_id,word,start,end,duration,text,label
1209,The,0.0,0.08,0.08,The marketing team and the sales department let in the strategy meeting.,2
1209,marketing,0.08,0.3,0.21999999999999997,The marketing team and the sales department let in the strategy meeting.,2
1209,team,0.3,0.64,0.34,The marketing team and the sales department let in the strategy meeting.,2
1209,and,0.64,0.8,0.16000000000000003,The marketing team and the sales department let in the strategy meeting.,2
1209,the,0.8,0.88,0.07999999999999996,The marketing team and the sales department let in the strategy meeting.,2
1209,sales,0.88,1.08,0.20000000000000007,The marketing team and the sales department let in the strategy meeting.,2
1209,department,1.08,1.56,0.48,The marketing team and the sales department let in the strategy meeting.,2
1209,let,1.56,1.78,0.21999999999999997,The marketing team and the sales department let in the strategy meeting.,2
1209,in,1.78,2.0,0.21999999999999997,The marketing team and the sales department let in the strategy meeting.,2
1209,the,2.0,2.12,0.1200000000000001,The marketing team and the sales department let in the strategy meeting.,2
1209,strategy,2.12,2.46,0.33999999999999986,The marketing team and the sales department let in the strategy meeting.,2
1209,meeting.,2.46,2.88,0.41999999999999993,The marketing team and the sales department let in the strategy meeting.,2
1065,The,0.0,0.12,0.12,The teacher explained the project would be due at the end of the month.,2
1065,teacher,0.12,0.4,0.28,The teacher explained the project would be due at the end of the month.,2
1065,explained,0.4,0.86,0.45999999999999996,The teacher explained the project would be due at the end of the month.,2
1065,the,0.86,1.02,0.16000000000000003,The teacher explained the project would be due at the end of the month.,2
1065,project,1.02,1.36,0.3400000000000001,The teacher explained the project would be due at the end of the month.,2
1065,would,1.36,1.58,0.21999999999999997,The teacher explained the project would be due at the end of the month.,2
1065,be,1.58,1.74,0.15999999999999992,The teacher explained the project would be due at the end of the month.,2
1065,due,1.74,1.88,0.1399999999999999,The teacher explained the project would be due at the end of the month.,2
1065,at,1.88,2.02,0.14000000000000012,The teacher explained the project would be due at the end of the month.,2
1065,the,2.02,2.1,0.08000000000000007,The teacher explained the project would be due at the end of the month.,2
1065,end,2.1,2.26,0.1599999999999997,The teacher explained the project would be due at the end of the month.,2
1065,of,2.26,2.38,0.1200000000000001,The teacher explained the project would be due at the end of the month.,2
1065,the,2.38,2.5,0.1200000000000001,The teacher explained the project would be due at the end of the month.,2
1065,month.,2.5,2.72,0.2200000000000002,The teacher explained the project would be due at the end of the month.,2
1136,The,0.0,0.14,0.14,The students were excited about the coming field trip to the museum.,2
1136,students,0.14,0.46,0.32,The students were excited about the coming field trip to the museum.,2
1136,were,0.46,0.72,0.25999999999999995,The students were excited about the coming field trip to the museum.,2
1136,excited,0.72,1.04,0.32000000000000006,The students were excited about the coming field trip to the museum.,2
1136,about,1.04,1.3,0.26,The students were excited about the coming field trip to the museum.,2
1136,the,1.3,1.42,0.11999999999999988,The students were excited about the coming field trip to the museum.,2
1136,coming,1.42,1.68,0.26,The students were excited about the coming field trip to the museum.,2
1136,field,1.68,1.96,0.28,The students were excited about the coming field trip to the museum.,2
1136,trip,1.96,2.18,0.2200000000000002,The students were excited about the coming field trip to the museum.,2
1136,to,2.18,2.36,0.17999999999999972,The students were excited about the coming field trip to the museum.,2
1136,the,2.36,2.46,0.10000000000000009,The students were excited about the coming field trip to the museum.,2
1136,museum.,2.46,2.74,0.28000000000000025,The students were excited about the coming field trip to the museum.,2
103,the,0.0,0.08,0.08,the documentary highlights importance of Bader Vs. T in maintaining ecological balance.,2
103,documentary,0.08,0.52,0.44,the documentary highlights importance of Bader Vs. T in maintaining ecological balance.,2
103,highlights,0.52,1.14,0.6199999999999999,the documentary highlights importance of Bader Vs. T in maintaining ecological balance.,2
103,importance,1.14,1.76,0.6200000000000001,the documentary highlights importance of Bader Vs. T in maintaining ecological balance.,2
103,of,1.76,2.1,0.3400000000000001,the documentary highlights importance of Bader Vs. T in maintaining ecological balance.,2
103,Bader,2.1,2.44,0.33999999999999986,the documentary highlights importance of Bader Vs. T in maintaining ecological balance.,2
103,Vs.,2.44,2.9,0.45999999999999996,the documentary highlights importance of Bader Vs. T in maintaining ecological balance.,2
103,T,3.06,3.12,0.06000000000000005,the documentary highlights importance of Bader Vs. T in maintaining ecological balance.,2
103,in,3.12,3.26,0.13999999999999968,the documentary highlights importance of Bader Vs. T in maintaining ecological balance.,2
103,maintaining,3.26,3.7,0.4400000000000004,the documentary highlights importance of Bader Vs. T in maintaining ecological balance.,2
103,ecological,3.7,4.22,0.5199999999999996,the documentary highlights importance of Bader Vs. T in maintaining ecological balance.,2
103,balance.,4.22,4.88,0.6600000000000001,the documentary highlights importance of Bader Vs. T in maintaining ecological balance.,2
1086,the,0.0,0.1,0.1,the company be hiring new employees next month.,2
1086,company,0.1,0.46,0.36,the company be hiring new employees next month.,2
1086,be,0.46,0.68,0.22000000000000003,the company be hiring new employees next month.,2
1086,hiring,0.68,1.1,0.42000000000000004,the company be hiring new employees next month.,2
1086,new,1.1,1.36,0.26,the company be hiring new employees next month.,2
1086,employees,1.36,1.74,0.3799999999999999,the company be hiring new employees next month.,2
1086,next,1.74,2.0,0.26,the company be hiring new employees next month.,2
1086,month.,2.0,2.32,0.31999999999999984,the company be hiring new employees next month.,2
1053,She,0.0,0.28,0.28,She asked him whether he finished the report that was due by the end of the day.,2
1053,asked,0.28,0.54,0.26,She asked him whether he finished the report that was due by the end of the day.,2
1053,him,0.54,0.72,0.17999999999999994,She asked him whether he finished the report that was due by the end of the day.,2
1053,whether,0.72,1.0,0.28,She asked him whether he finished the report that was due by the end of the day.,2
1053,he,1.0,1.18,0.17999999999999994,She asked him whether he finished the report that was due by the end of the day.,2
1053,finished,1.18,1.48,0.30000000000000004,She asked him whether he finished the report that was due by the end of the day.,2
1053,the,1.48,1.72,0.24,She asked him whether he finished the report that was due by the end of the day.,2
1053,report,1.72,2.1,0.3800000000000001,She asked him whether he finished the report that was due by the end of the day.,2
1053,that,2.1,2.42,0.31999999999999984,She asked him whether he finished the report that was due by the end of the day.,2
1053,was,2.42,2.58,0.16000000000000014,She asked him whether he finished the report that was due by the end of the day.,2
1053,due,2.58,2.82,0.23999999999999977,She asked him whether he finished the report that was due by the end of the day.,2
1053,by,2.82,3.02,0.20000000000000018,She asked him whether he finished the report that was due by the end of the day.,2
1053,the,3.02,3.14,0.1200000000000001,She asked him whether he finished the report that was due by the end of the day.,2
1053,end,3.14,3.3,0.1599999999999997,She asked him whether he finished the report that was due by the end of the day.,2
1053,of,3.3,3.42,0.1200000000000001,She asked him whether he finished the report that was due by the end of the day.,2
1053,the,3.42,3.54,0.1200000000000001,She asked him whether he finished the report that was due by the end of the day.,2
1053,day.,3.54,3.72,0.18000000000000016,She asked him whether he finished the report that was due by the end of the day.,2
123,The,0.0,0.14,0.14,The engineering team made substantial progress and developed in the new product prototype.,2
123,engineering,0.14,0.72,0.58,The engineering team made substantial progress and developed in the new product prototype.,2
123,team,0.72,1.14,0.41999999999999993,The engineering team made substantial progress and developed in the new product prototype.,2
123,made,1.14,1.4,0.26,The engineering team made substantial progress and developed in the new product prototype.,2
123,substantial,1.4,2.3,0.8999999999999999,The engineering team made substantial progress and developed in the new product prototype.,2
123,progress,2.3,2.88,0.5800000000000001,The engineering team made substantial progress and developed in the new product prototype.,2
123,and,2.88,3.32,0.43999999999999995,The engineering team made substantial progress and developed in the new product prototype.,2
123,developed,3.32,3.76,0.43999999999999995,The engineering team made substantial progress and developed in the new product prototype.,2
123,in,3.76,4.08,0.3200000000000003,The engineering team made substantial progress and developed in the new product prototype.,2
123,the,4.08,4.26,0.17999999999999972,The engineering team made substantial progress and developed in the new product prototype.,2
123,new,4.26,4.54,0.28000000000000025,The engineering team made substantial progress and developed in the new product prototype.,2
123,product,4.54,4.94,0.40000000000000036,The engineering team made substantial progress and developed in the new product prototype.,2
123,prototype.,4.94,5.86,0.9199999999999999,The engineering team made substantial progress and developed in the new product prototype.,2
1045,The,0.0,0.1,0.1,The professor explained the exam which cover all the material discussed in class this semester.,2
1045,professor,0.1,0.46,0.36,The professor explained the exam which cover all the material discussed in class this semester.,2
1045,explained,0.46,1.02,0.56,The professor explained the exam which cover all the material discussed in class this semester.,2
1045,the,1.02,1.24,0.21999999999999997,The professor explained the exam which cover all the material discussed in class this semester.,2
1045,exam,1.24,1.5,0.26,The professor explained the exam which cover all the material discussed in class this semester.,2
1045,which,1.5,1.7,0.19999999999999996,The professor explained the exam which cover all the material discussed in class this semester.,2
1045,cover,1.7,1.98,0.28,The professor explained the exam which cover all the material discussed in class this semester.,2
1045,all,1.98,2.24,0.26000000000000023,The professor explained the exam which cover all the material discussed in class this semester.,2
1045,the,2.24,2.4,0.1599999999999997,The professor explained the exam which cover all the material discussed in class this semester.,2
1045,material,2.4,2.8,0.3999999999999999,The professor explained the exam which cover all the material discussed in class this semester.,2
1045,discussed,2.8,3.22,0.4200000000000004,The professor explained the exam which cover all the material discussed in class this semester.,2
1045,in,3.22,3.52,0.2999999999999998,The professor explained the exam which cover all the material discussed in class this semester.,2
1045,class,3.52,3.8,0.2799999999999998,The professor explained the exam which cover all the material discussed in class this semester.,2
1045,this,3.8,4.08,0.28000000000000025,The professor explained the exam which cover all the material discussed in class this semester.,2
1045,semester.,4.08,4.54,0.45999999999999996,The professor explained the exam which cover all the material discussed in class this semester.,2
1229,We,0.0,0.14,0.14,We implemented new security measures to protect sensitive data.,2
1229,implemented,0.14,0.46,0.32,We implemented new security measures to protect sensitive data.,2
1229,new,0.46,0.7,0.23999999999999994,We implemented new security measures to protect sensitive data.,2
1229,security,0.7,1.14,0.43999999999999995,We implemented new security measures to protect sensitive data.,2
1229,measures,1.14,1.36,0.2200000000000002,We implemented new security measures to protect sensitive data.,2
1229,to,1.36,1.58,0.21999999999999997,We implemented new security measures to protect sensitive data.,2
1229,protect,1.58,1.8,0.21999999999999997,We implemented new security measures to protect sensitive data.,2
1229,sensitive,1.8,2.22,0.42000000000000015,We implemented new security measures to protect sensitive data.,2
1229,data.,2.22,2.66,0.43999999999999995,We implemented new security measures to protect sensitive data.,2
1012,I,0.0,0.14,0.14,I have working on this project for three months and this finally nearing completion.,2
1012,have,0.14,0.24,0.09999999999999998,I have working on this project for three months and this finally nearing completion.,2
1012,working,0.24,0.48,0.24,I have working on this project for three months and this finally nearing completion.,2
1012,on,0.48,0.64,0.16000000000000003,I have working on this project for three months and this finally nearing completion.,2
1012,this,0.64,0.8,0.16000000000000003,I have working on this project for three months and this finally nearing completion.,2
1012,project,0.8,1.12,0.32000000000000006,I have working on this project for three months and this finally nearing completion.,2
1012,for,1.12,1.32,0.19999999999999996,I have working on this project for three months and this finally nearing completion.,2
1012,three,1.32,1.54,0.21999999999999997,I have working on this project for three months and this finally nearing completion.,2
1012,months,1.54,1.86,0.32000000000000006,I have working on this project for three months and this finally nearing completion.,2
1012,and,1.86,2.2,0.3400000000000001,I have working on this project for three months and this finally nearing completion.,2
1012,this,2.2,2.32,0.11999999999999966,I have working on this project for three months and this finally nearing completion.,2
1012,finally,2.32,2.64,0.3200000000000003,I have working on this project for three months and this finally nearing completion.,2
1012,nearing,2.64,2.92,0.2799999999999998,I have working on this project for three months and this finally nearing completion.,2
1012,completion.,2.92,3.4,0.48,I have working on this project for three months and this finally nearing completion.,2
1013,The,0.0,0.14,0.14,The new restaurant downtown's so it's most delicious Italian food I've ever tasted.,2
1013,new,0.14,0.28,0.14,The new restaurant downtown's so it's most delicious Italian food I've ever tasted.,2
1013,restaurant,0.28,0.54,0.26,The new restaurant downtown's so it's most delicious Italian food I've ever tasted.,2
1013,downtown's,0.54,1.24,0.7,The new restaurant downtown's so it's most delicious Italian food I've ever tasted.,2
1013,so,1.24,1.32,0.08000000000000007,The new restaurant downtown's so it's most delicious Italian food I've ever tasted.,2
1013,it's,1.32,1.44,0.11999999999999988,The new restaurant downtown's so it's most delicious Italian food I've ever tasted.,2
1013,most,1.44,1.58,0.14000000000000012,The new restaurant downtown's so it's most delicious Italian food I've ever tasted.,2
1013,delicious,1.58,2.04,0.45999999999999996,The new restaurant downtown's so it's most delicious Italian food I've ever tasted.,2
1013,Italian,2.04,2.5,0.45999999999999996,The new restaurant downtown's so it's most delicious Italian food I've ever tasted.,2
1013,food,2.5,2.86,0.3599999999999999,The new restaurant downtown's so it's most delicious Italian food I've ever tasted.,2
1013,I've,2.86,3.08,0.2200000000000002,The new restaurant downtown's so it's most delicious Italian food I've ever tasted.,2
1013,ever,3.08,3.18,0.10000000000000009,The new restaurant downtown's so it's most delicious Italian food I've ever tasted.,2
1013,tasted.,3.18,3.66,0.48,The new restaurant downtown's so it's most delicious Italian food I've ever tasted.,2
1156,we,0.0,0.1,0.1,we should consider ethical implications before implementing this policy.,2
1156,should,0.1,0.24,0.13999999999999999,we should consider ethical implications before implementing this policy.,2
1156,consider,0.24,0.7,0.45999999999999996,we should consider ethical implications before implementing this policy.,2
1156,ethical,0.7,1.12,0.42000000000000015,we should consider ethical implications before implementing this policy.,2
1156,implications,1.12,1.78,0.6599999999999999,we should consider ethical implications before implementing this policy.,2
1156,before,1.78,2.24,0.4600000000000002,we should consider ethical implications before implementing this policy.,2
1156,implementing,2.24,2.66,0.41999999999999993,we should consider ethical implications before implementing this policy.,2
1156,this,2.66,2.98,0.31999999999999984,we should consider ethical implications before implementing this policy.,2
1156,policy.,2.98,3.34,0.3599999999999999,we should consider ethical implications before implementing this policy.,2
1101,She,0.0,0.12,0.12,She asked I wanted to join her for lunch tomorrow.,2
1101,asked,0.12,0.34,0.22000000000000003,She asked I wanted to join her for lunch tomorrow.,2
1101,I,0.34,0.56,0.22000000000000003,She asked I wanted to join her for lunch tomorrow.,2
1101,wanted,0.56,0.84,0.2799999999999999,She asked I wanted to join her for lunch tomorrow.,2
1101,to,0.84,1.0,0.16000000000000003,She asked I wanted to join her for lunch tomorrow.,2
1101,join,1.0,1.22,0.21999999999999997,She asked I wanted to join her for lunch tomorrow.,2
1101,her,1.22,1.38,0.15999999999999992,She asked I wanted to join her for lunch tomorrow.,2
1101,for,1.38,1.5,0.1200000000000001,She asked I wanted to join her for lunch tomorrow.,2
1101,lunch,1.5,1.72,0.21999999999999997,She asked I wanted to join her for lunch tomorrow.,2
1101,tomorrow.,1.72,2.02,0.30000000000000004,She asked I wanted to join her for lunch tomorrow.,2
1117,The,0.0,0.14,0.14,"The weather forecast was sunny, it ended up raining all day.",2
1117,weather,0.14,0.38,0.24,"The weather forecast was sunny, it ended up raining all day.",2
1117,forecast,0.38,0.84,0.45999999999999996,"The weather forecast was sunny, it ended up raining all day.",2
1117,was,0.84,1.24,0.4,"The weather forecast was sunny, it ended up raining all day.",2
1117,"sunny,",1.24,1.58,0.3400000000000001,"The weather forecast was sunny, it ended up raining all day.",2
1117,it,1.78,1.86,0.08000000000000007,"The weather forecast was sunny, it ended up raining all day.",2
1117,ended,1.86,2.18,0.32000000000000006,"The weather forecast was sunny, it ended up raining all day.",2
1117,up,2.18,2.36,0.17999999999999972,"The weather forecast was sunny, it ended up raining all day.",2
1117,raining,2.36,2.68,0.3200000000000003,"The weather forecast was sunny, it ended up raining all day.",2
1117,all,2.68,3.06,0.3799999999999999,"The weather forecast was sunny, it ended up raining all day.",2
1117,day.,3.06,3.36,0.2999999999999998,"The weather forecast was sunny, it ended up raining all day.",2
1029,She,0.0,0.24,0.24,She asked him whether he finished a report that was due yesterday afternoon.,2
1029,asked,0.24,0.5,0.26,She asked him whether he finished a report that was due yesterday afternoon.,2
1029,him,0.5,0.7,0.19999999999999996,She asked him whether he finished a report that was due yesterday afternoon.,2
1029,whether,0.7,0.9,0.20000000000000007,She asked him whether he finished a report that was due yesterday afternoon.,2
1029,he,0.9,1.04,0.14,She asked him whether he finished a report that was due yesterday afternoon.,2
1029,finished,1.04,1.32,0.28,She asked him whether he finished a report that was due yesterday afternoon.,2
1029,a,1.32,1.52,0.19999999999999996,She asked him whether he finished a report that was due yesterday afternoon.,2
1029,report,1.52,1.8,0.28,She asked him whether he finished a report that was due yesterday afternoon.,2
1029,that,1.8,2.0,0.19999999999999996,She asked him whether he finished a report that was due yesterday afternoon.,2
1029,was,2.0,2.14,0.14000000000000012,She asked him whether he finished a report that was due yesterday afternoon.,2
1029,due,2.14,2.36,0.21999999999999975,She asked him whether he finished a report that was due yesterday afternoon.,2
1029,yesterday,2.36,2.78,0.41999999999999993,She asked him whether he finished a report that was due yesterday afternoon.,2
1029,afternoon.,2.78,3.38,0.6000000000000001,She asked him whether he finished a report that was due yesterday afternoon.,2
1195,Employees,0.0,0.56,0.56,Employees wear protective gear when handling hazardous materials.,2
1195,wear,0.56,0.7,0.1399999999999999,Employees wear protective gear when handling hazardous materials.,2
1195,protective,0.7,1.14,0.43999999999999995,Employees wear protective gear when handling hazardous materials.,2
1195,gear,1.14,1.54,0.40000000000000013,Employees wear protective gear when handling hazardous materials.,2
1195,when,1.54,1.74,0.19999999999999996,Employees wear protective gear when handling hazardous materials.,2
1195,handling,1.74,2.12,0.3800000000000001,Employees wear protective gear when handling hazardous materials.,2
1195,hazardous,2.12,2.52,0.3999999999999999,Employees wear protective gear when handling hazardous materials.,2
1195,materials.,2.52,3.24,0.7200000000000002,Employees wear protective gear when handling hazardous materials.,2
1204,The,0.0,0.12,0.12,The doctor advised the patient rest for at least a week after the surgery.,2
1204,doctor,0.12,0.42,0.3,The doctor advised the patient rest for at least a week after the surgery.,2
1204,advised,0.42,0.76,0.34,The doctor advised the patient rest for at least a week after the surgery.,2
1204,the,0.76,0.94,0.17999999999999994,The doctor advised the patient rest for at least a week after the surgery.,2
1204,patient,0.94,1.18,0.24,The doctor advised the patient rest for at least a week after the surgery.,2
1204,rest,1.18,1.46,0.28,The doctor advised the patient rest for at least a week after the surgery.,2
1204,for,1.46,1.62,0.16000000000000014,The doctor advised the patient rest for at least a week after the surgery.,2
1204,at,1.62,1.74,0.11999999999999988,The doctor advised the patient rest for at least a week after the surgery.,2
1204,least,1.74,1.86,0.1200000000000001,The doctor advised the patient rest for at least a week after the surgery.,2
1204,a,1.86,2.02,0.15999999999999992,The doctor advised the patient rest for at least a week after the surgery.,2
1204,week,2.02,2.18,0.16000000000000014,The doctor advised the patient rest for at least a week after the surgery.,2
1204,after,2.18,2.52,0.33999999999999986,The doctor advised the patient rest for at least a week after the surgery.,2
1204,the,2.52,2.68,0.16000000000000014,The doctor advised the patient rest for at least a week after the surgery.,2
1204,surgery.,2.68,3.04,0.3599999999999999,The doctor advised the patient rest for at least a week after the surgery.,2
1087,She,0.0,0.22,0.22,She asked I had seen her lost keys anywhere.,2
1087,asked,0.22,0.46,0.24000000000000002,She asked I had seen her lost keys anywhere.,2
1087,I,0.46,0.66,0.2,She asked I had seen her lost keys anywhere.,2
1087,had,0.66,0.78,0.12,She asked I had seen her lost keys anywhere.,2
1087,seen,0.78,0.98,0.19999999999999996,She asked I had seen her lost keys anywhere.,2
1087,her,0.98,1.2,0.21999999999999997,She asked I had seen her lost keys anywhere.,2
1087,lost,1.2,1.4,0.19999999999999996,She asked I had seen her lost keys anywhere.,2
1087,keys,1.4,1.68,0.28,She asked I had seen her lost keys anywhere.,2
1087,anywhere.,1.68,2.16,0.4800000000000002,She asked I had seen her lost keys anywhere.,2
102,Can,0.0,0.2,0.2,Can you explain how the new software improves productivity?,2
102,you,0.2,0.34,0.14,Can you explain how the new software improves productivity?,2
102,explain,0.34,0.68,0.34,Can you explain how the new software improves productivity?,2
102,how,0.68,0.92,0.24,Can you explain how the new software improves productivity?,2
102,the,0.92,1.02,0.09999999999999998,Can you explain how the new software improves productivity?,2
102,new,1.02,1.14,0.11999999999999988,Can you explain how the new software improves productivity?,2
102,software,1.14,1.56,0.42000000000000015,Can you explain how the new software improves productivity?,2
102,improves,1.56,1.92,0.3599999999999999,Can you explain how the new software improves productivity?,2
102,productivity?,1.92,2.54,0.6200000000000001,Can you explain how the new software improves productivity?,2
1160,I've,0.0,0.2,0.2,I've been working on this project for three weeks now.,2
1160,been,0.2,0.26,0.06,I've been working on this project for three weeks now.,2
1160,working,0.26,0.5,0.24,I've been working on this project for three weeks now.,2
1160,on,0.5,0.7,0.19999999999999996,I've been working on this project for three weeks now.,2
1160,this,0.7,0.84,0.14,I've been working on this project for three weeks now.,2
1160,project,0.84,1.18,0.33999999999999997,I've been working on this project for three weeks now.,2
1160,for,1.18,1.38,0.19999999999999996,I've been working on this project for three weeks now.,2
1160,three,1.38,1.52,0.14000000000000012,I've been working on this project for three weeks now.,2
1160,weeks,1.52,1.72,0.19999999999999996,I've been working on this project for three weeks now.,2
1160,now.,1.72,2.02,0.30000000000000004,I've been working on this project for three weeks now.,2
1033,She,0.0,0.2,0.2,She is working as a volunteer at the animal shelter for over five years now.,2
1033,is,0.2,0.32,0.12,She is working as a volunteer at the animal shelter for over five years now.,2
1033,working,0.32,0.66,0.34,She is working as a volunteer at the animal shelter for over five years now.,2
1033,as,0.66,0.86,0.19999999999999996,She is working as a volunteer at the animal shelter for over five years now.,2
1033,a,0.86,0.94,0.07999999999999996,She is working as a volunteer at the animal shelter for over five years now.,2
1033,volunteer,0.94,1.38,0.43999999999999995,She is working as a volunteer at the animal shelter for over five years now.,2
1033,at,1.38,1.64,0.26,She is working as a volunteer at the animal shelter for over five years now.,2
1033,the,1.64,1.7,0.06000000000000005,She is working as a volunteer at the animal shelter for over five years now.,2
1033,animal,1.7,1.92,0.21999999999999997,She is working as a volunteer at the animal shelter for over five years now.,2
1033,shelter,1.92,2.38,0.45999999999999996,She is working as a volunteer at the animal shelter for over five years now.,2
1033,for,2.38,2.58,0.20000000000000018,She is working as a volunteer at the animal shelter for over five years now.,2
1033,over,2.58,2.84,0.2599999999999998,She is working as a volunteer at the animal shelter for over five years now.,2
1033,five,2.84,3.24,0.40000000000000036,She is working as a volunteer at the animal shelter for over five years now.,2
1033,years,3.24,3.48,0.23999999999999977,She is working as a volunteer at the animal shelter for over five years now.,2
1033,now.,3.48,3.8,0.31999999999999984,She is working as a volunteer at the animal shelter for over five years now.,2
114,She,0.0,0.26,0.26,She wondered she should pursue a graduate degree or enter the job market.,2
114,wondered,0.26,0.64,0.38,She wondered she should pursue a graduate degree or enter the job market.,2
114,she,0.64,0.98,0.33999999999999997,She wondered she should pursue a graduate degree or enter the job market.,2
114,should,0.98,1.22,0.24,She wondered she should pursue a graduate degree or enter the job market.,2
114,pursue,1.22,1.62,0.40000000000000013,She wondered she should pursue a graduate degree or enter the job market.,2
114,a,1.62,1.84,0.21999999999999997,She wondered she should pursue a graduate degree or enter the job market.,2
114,graduate,1.84,2.28,0.4399999999999997,She wondered she should pursue a graduate degree or enter the job market.,2
114,degree,2.28,2.82,0.54,She wondered she should pursue a graduate degree or enter the job market.,2
114,or,2.82,3.2,0.38000000000000034,She wondered she should pursue a graduate degree or enter the job market.,2
114,enter,3.2,3.64,0.43999999999999995,She wondered she should pursue a graduate degree or enter the job market.,2
114,the,3.64,3.82,0.17999999999999972,She wondered she should pursue a graduate degree or enter the job market.,2
114,job,3.82,4.08,0.26000000000000023,She wondered she should pursue a graduate degree or enter the job market.,2
114,market.,4.08,4.5,0.41999999999999993,She wondered she should pursue a graduate degree or enter the job market.,2
1121,The,0.0,0.12,0.12,The students were eager to start summer internships next week.,2
1121,students,0.12,0.52,0.4,The students were eager to start summer internships next week.,2
1121,were,0.52,0.8,0.28,The students were eager to start summer internships next week.,2
1121,eager,0.8,1.0,0.19999999999999996,The students were eager to start summer internships next week.,2
1121,to,1.0,1.24,0.24,The students were eager to start summer internships next week.,2
1121,start,1.24,1.54,0.30000000000000004,The students were eager to start summer internships next week.,2
1121,summer,1.54,1.96,0.41999999999999993,The students were eager to start summer internships next week.,2
1121,internships,1.96,2.38,0.41999999999999993,The students were eager to start summer internships next week.,2
1121,next,2.38,2.76,0.3799999999999999,The students were eager to start summer internships next week.,2
1121,week.,2.76,3.14,0.38000000000000034,The students were eager to start summer internships next week.,2
1064,We,0.0,0.14,0.14,We should arrive at venue-ally to get good seats for the concert tonight.,2
1064,should,0.14,0.28,0.14,We should arrive at venue-ally to get good seats for the concert tonight.,2
1064,arrive,0.28,0.54,0.26,We should arrive at venue-ally to get good seats for the concert tonight.,2
1064,at,0.54,0.72,0.17999999999999994,We should arrive at venue-ally to get good seats for the concert tonight.,2
1064,venue,0.72,1.0,0.28,We should arrive at venue-ally to get good seats for the concert tonight.,2
1064,-ally,1.0,1.28,0.28,We should arrive at venue-ally to get good seats for the concert tonight.,2
1064,to,1.28,1.46,0.17999999999999994,We should arrive at venue-ally to get good seats for the concert tonight.,2
1064,get,1.46,1.62,0.16000000000000014,We should arrive at venue-ally to get good seats for the concert tonight.,2
1064,good,1.62,1.82,0.19999999999999996,We should arrive at venue-ally to get good seats for the concert tonight.,2
1064,seats,1.82,2.12,0.30000000000000004,We should arrive at venue-ally to get good seats for the concert tonight.,2
1064,for,2.12,2.4,0.2799999999999998,We should arrive at venue-ally to get good seats for the concert tonight.,2
1064,the,2.4,2.5,0.10000000000000009,We should arrive at venue-ally to get good seats for the concert tonight.,2
1064,concert,2.5,2.9,0.3999999999999999,We should arrive at venue-ally to get good seats for the concert tonight.,2
1064,tonight.,2.9,3.28,0.3799999999999999,We should arrive at venue-ally to get good seats for the concert tonight.,2
1080,We,0.0,0.16,0.16,We need to ensure all the necessary precautions are taken before starting the experiment.,2
1080,need,0.16,0.3,0.13999999999999999,We need to ensure all the necessary precautions are taken before starting the experiment.,2
1080,to,0.3,0.48,0.18,We need to ensure all the necessary precautions are taken before starting the experiment.,2
1080,ensure,0.48,0.82,0.33999999999999997,We need to ensure all the necessary precautions are taken before starting the experiment.,2
1080,all,0.82,1.06,0.2400000000000001,We need to ensure all the necessary precautions are taken before starting the experiment.,2
1080,the,1.06,1.14,0.07999999999999985,We need to ensure all the necessary precautions are taken before starting the experiment.,2
1080,necessary,1.14,1.66,0.52,We need to ensure all the necessary precautions are taken before starting the experiment.,2
1080,precautions,1.66,2.3,0.6399999999999999,We need to ensure all the necessary precautions are taken before starting the experiment.,2
1080,are,2.3,2.58,0.28000000000000025,We need to ensure all the necessary precautions are taken before starting the experiment.,2
1080,taken,2.58,2.92,0.33999999999999986,We need to ensure all the necessary precautions are taken before starting the experiment.,2
1080,before,2.92,3.22,0.30000000000000027,We need to ensure all the necessary precautions are taken before starting the experiment.,2
1080,starting,3.22,3.66,0.43999999999999995,We need to ensure all the necessary precautions are taken before starting the experiment.,2
1080,the,3.66,3.9,0.23999999999999977,We need to ensure all the necessary precautions are taken before starting the experiment.,2
1080,experiment.,3.9,4.52,0.6199999999999997,We need to ensure all the necessary precautions are taken before starting the experiment.,2
1203,The,0.0,0.12,0.12,The manager recommended we implement the new software system gradually.,2
1203,manager,0.12,0.44,0.32,The manager recommended we implement the new software system gradually.,2
1203,recommended,0.44,0.98,0.54,The manager recommended we implement the new software system gradually.,2
1203,we,0.98,1.3,0.32000000000000006,The manager recommended we implement the new software system gradually.,2
1203,implement,1.3,1.66,0.3599999999999999,The manager recommended we implement the new software system gradually.,2
1203,the,1.66,1.82,0.16000000000000014,The manager recommended we implement the new software system gradually.,2
1203,new,1.82,1.96,0.1399999999999999,The manager recommended we implement the new software system gradually.,2
1203,software,1.96,2.44,0.48,The manager recommended we implement the new software system gradually.,2
1203,system,2.44,2.94,0.5,The manager recommended we implement the new software system gradually.,2
1203,gradually.,2.94,3.56,0.6200000000000001,The manager recommended we implement the new software system gradually.,2
1038,We,0.0,0.12,0.12,We need to make sure all the necessary documents are prepared before the meeting tomorrow.,2
1038,need,0.12,0.28,0.16000000000000003,We need to make sure all the necessary documents are prepared before the meeting tomorrow.,2
1038,to,0.28,0.42,0.13999999999999996,We need to make sure all the necessary documents are prepared before the meeting tomorrow.,2
1038,make,0.42,0.56,0.14000000000000007,We need to make sure all the necessary documents are prepared before the meeting tomorrow.,2
1038,sure,0.56,0.8,0.24,We need to make sure all the necessary documents are prepared before the meeting tomorrow.,2
1038,all,0.8,1.0,0.19999999999999996,We need to make sure all the necessary documents are prepared before the meeting tomorrow.,2
1038,the,1.0,1.12,0.1200000000000001,We need to make sure all the necessary documents are prepared before the meeting tomorrow.,2
1038,necessary,1.12,1.56,0.43999999999999995,We need to make sure all the necessary documents are prepared before the meeting tomorrow.,2
1038,documents,1.56,2.12,0.56,We need to make sure all the necessary documents are prepared before the meeting tomorrow.,2
1038,are,2.12,2.42,0.2999999999999998,We need to make sure all the necessary documents are prepared before the meeting tomorrow.,2
1038,prepared,2.42,2.78,0.3599999999999999,We need to make sure all the necessary documents are prepared before the meeting tomorrow.,2
1038,before,2.78,3.16,0.38000000000000034,We need to make sure all the necessary documents are prepared before the meeting tomorrow.,2
1038,the,3.16,3.34,0.17999999999999972,We need to make sure all the necessary documents are prepared before the meeting tomorrow.,2
1038,meeting,3.34,3.56,0.2200000000000002,We need to make sure all the necessary documents are prepared before the meeting tomorrow.,2
1038,tomorrow.,3.56,3.94,0.3799999999999999,We need to make sure all the necessary documents are prepared before the meeting tomorrow.,2
1079,The,0.0,0.12,0.12,The new product has become very popular to its innovative design and affordability.,2
1079,new,0.12,0.34,0.22000000000000003,The new product has become very popular to its innovative design and affordability.,2
1079,product,0.34,0.64,0.3,The new product has become very popular to its innovative design and affordability.,2
1079,has,0.64,0.86,0.21999999999999997,The new product has become very popular to its innovative design and affordability.,2
1079,become,0.86,1.14,0.2799999999999999,The new product has become very popular to its innovative design and affordability.,2
1079,very,1.14,1.44,0.30000000000000004,The new product has become very popular to its innovative design and affordability.,2
1079,popular,1.44,1.86,0.42000000000000015,The new product has become very popular to its innovative design and affordability.,2
1079,to,1.86,2.08,0.21999999999999997,The new product has become very popular to its innovative design and affordability.,2
1079,its,2.08,2.26,0.17999999999999972,The new product has become very popular to its innovative design and affordability.,2
1079,innovative,2.26,2.54,0.28000000000000025,The new product has become very popular to its innovative design and affordability.,2
1079,design,2.54,3.0,0.45999999999999996,The new product has become very popular to its innovative design and affordability.,2
1079,and,3.0,3.36,0.3599999999999999,The new product has become very popular to its innovative design and affordability.,2
1079,affordability.,3.36,4.12,0.7600000000000002,The new product has become very popular to its innovative design and affordability.,2
1055,I'm,0.0,0.22,0.22,I'm not sure whether I should take bus or walk to the office tomorrow morning.,2
1055,not,0.22,0.28,0.060000000000000026,I'm not sure whether I should take bus or walk to the office tomorrow morning.,2
1055,sure,0.28,0.5,0.21999999999999997,I'm not sure whether I should take bus or walk to the office tomorrow morning.,2
1055,whether,0.5,0.84,0.33999999999999997,I'm not sure whether I should take bus or walk to the office tomorrow morning.,2
1055,I,0.84,0.98,0.14,I'm not sure whether I should take bus or walk to the office tomorrow morning.,2
1055,should,0.98,1.1,0.1200000000000001,I'm not sure whether I should take bus or walk to the office tomorrow morning.,2
1055,take,1.1,1.32,0.21999999999999997,I'm not sure whether I should take bus or walk to the office tomorrow morning.,2
1055,bus,1.32,1.46,0.1399999999999999,I'm not sure whether I should take bus or walk to the office tomorrow morning.,2
1055,or,1.46,1.6,0.14000000000000012,I'm not sure whether I should take bus or walk to the office tomorrow morning.,2
1055,walk,1.6,1.82,0.21999999999999997,I'm not sure whether I should take bus or walk to the office tomorrow morning.,2
1055,to,1.82,2.04,0.21999999999999997,I'm not sure whether I should take bus or walk to the office tomorrow morning.,2
1055,the,2.04,2.14,0.10000000000000009,I'm not sure whether I should take bus or walk to the office tomorrow morning.,2
1055,office,2.14,2.4,0.2599999999999998,I'm not sure whether I should take bus or walk to the office tomorrow morning.,2
1055,tomorrow,2.4,2.66,0.26000000000000023,I'm not sure whether I should take bus or walk to the office tomorrow morning.,2
1055,morning.,2.66,3.04,0.3799999999999999,I'm not sure whether I should take bus or walk to the office tomorrow morning.,2
1110,The,0.0,0.1,0.1,The chef creating a unique dish for the upcoming food festival.,2
1110,chef,0.1,0.34,0.24000000000000002,The chef creating a unique dish for the upcoming food festival.,2
1110,creating,0.34,0.94,0.5999999999999999,The chef creating a unique dish for the upcoming food festival.,2
1110,a,0.94,1.18,0.24,The chef creating a unique dish for the upcoming food festival.,2
1110,unique,1.18,1.5,0.32000000000000006,The chef creating a unique dish for the upcoming food festival.,2
1110,dish,1.5,2.0,0.5,The chef creating a unique dish for the upcoming food festival.,2
1110,for,2.0,2.22,0.2200000000000002,The chef creating a unique dish for the upcoming food festival.,2
1110,the,2.22,2.36,0.13999999999999968,The chef creating a unique dish for the upcoming food festival.,2
1110,upcoming,2.36,2.72,0.3600000000000003,The chef creating a unique dish for the upcoming food festival.,2
1110,food,2.72,3.22,0.5,The chef creating a unique dish for the upcoming food festival.,2
1110,festival.,3.22,3.92,0.6999999999999997,The chef creating a unique dish for the upcoming food festival.,2
1043,The,0.0,0.12,0.12,"The movie was so boring, I fell asleep halfway through a misty ending.",2
1043,movie,0.12,0.4,0.28,"The movie was so boring, I fell asleep halfway through a misty ending.",2
1043,was,0.4,0.58,0.17999999999999994,"The movie was so boring, I fell asleep halfway through a misty ending.",2
1043,so,0.58,0.76,0.18000000000000005,"The movie was so boring, I fell asleep halfway through a misty ending.",2
1043,"boring,",0.76,1.02,0.26,"The movie was so boring, I fell asleep halfway through a misty ending.",2
1043,I,1.2,1.2,0.0,"The movie was so boring, I fell asleep halfway through a misty ending.",2
1043,fell,1.2,1.42,0.21999999999999997,"The movie was so boring, I fell asleep halfway through a misty ending.",2
1043,asleep,1.42,1.68,0.26,"The movie was so boring, I fell asleep halfway through a misty ending.",2
1043,halfway,1.68,2.06,0.3800000000000001,"The movie was so boring, I fell asleep halfway through a misty ending.",2
1043,through,2.06,2.32,0.2599999999999998,"The movie was so boring, I fell asleep halfway through a misty ending.",2
1043,a,2.32,2.4,0.08000000000000007,"The movie was so boring, I fell asleep halfway through a misty ending.",2
1043,misty,2.4,2.74,0.3400000000000003,"The movie was so boring, I fell asleep halfway through a misty ending.",2
1043,ending.,2.74,3.06,0.31999999999999984,"The movie was so boring, I fell asleep halfway through a misty ending.",2
1151,The,0.0,0.12,0.12,The researchers were excited about breakthrough in the latest experiment.,2
1151,researchers,0.12,0.7,0.58,The researchers were excited about breakthrough in the latest experiment.,2
1151,were,0.7,0.98,0.28,The researchers were excited about breakthrough in the latest experiment.,2
1151,excited,0.98,1.5,0.52,The researchers were excited about breakthrough in the latest experiment.,2
1151,about,1.5,1.86,0.3600000000000001,The researchers were excited about breakthrough in the latest experiment.,2
1151,breakthrough,1.86,2.32,0.45999999999999974,The researchers were excited about breakthrough in the latest experiment.,2
1151,in,2.32,2.6,0.28000000000000025,The researchers were excited about breakthrough in the latest experiment.,2
1151,the,2.6,2.7,0.10000000000000009,The researchers were excited about breakthrough in the latest experiment.,2
1151,latest,2.7,2.98,0.2799999999999998,The researchers were excited about breakthrough in the latest experiment.,2
1151,experiment.,2.98,3.62,0.6400000000000001,The researchers were excited about breakthrough in the latest experiment.,2
1063,The,0.0,0.14,0.14,The movie was so captivating I didn't even notice how quickly the time had passed.,2
1063,movie,0.14,0.4,0.26,The movie was so captivating I didn't even notice how quickly the time had passed.,2
1063,was,0.4,0.62,0.21999999999999997,The movie was so captivating I didn't even notice how quickly the time had passed.,2
1063,so,0.62,0.78,0.16000000000000003,The movie was so captivating I didn't even notice how quickly the time had passed.,2
1063,captivating,0.78,1.5,0.72,The movie was so captivating I didn't even notice how quickly the time had passed.,2
1063,I,1.5,1.66,0.15999999999999992,The movie was so captivating I didn't even notice how quickly the time had passed.,2
1063,didn't,1.66,1.98,0.32000000000000006,The movie was so captivating I didn't even notice how quickly the time had passed.,2
1063,even,1.98,2.16,0.18000000000000016,The movie was so captivating I didn't even notice how quickly the time had passed.,2
1063,notice,2.16,2.54,0.3799999999999999,The movie was so captivating I didn't even notice how quickly the time had passed.,2
1063,how,2.54,2.78,0.23999999999999977,The movie was so captivating I didn't even notice how quickly the time had passed.,2
1063,quickly,2.78,3.2,0.4200000000000004,The movie was so captivating I didn't even notice how quickly the time had passed.,2
1063,the,3.2,3.42,0.21999999999999975,The movie was so captivating I didn't even notice how quickly the time had passed.,2
1063,time,3.42,3.7,0.28000000000000025,The movie was so captivating I didn't even notice how quickly the time had passed.,2
1063,had,3.7,3.9,0.19999999999999973,The movie was so captivating I didn't even notice how quickly the time had passed.,2
1063,passed.,3.9,4.46,0.56,The movie was so captivating I didn't even notice how quickly the time had passed.,2
1171,She,0.0,0.18,0.18,She wondered the restaurant would be open on Christmas Day.,2
1171,wondered,0.18,0.48,0.3,She wondered the restaurant would be open on Christmas Day.,2
1171,the,0.48,0.72,0.24,She wondered the restaurant would be open on Christmas Day.,2
1171,restaurant,0.72,1.08,0.3600000000000001,She wondered the restaurant would be open on Christmas Day.,2
1171,would,1.08,1.34,0.26,She wondered the restaurant would be open on Christmas Day.,2
1171,be,1.34,1.48,0.1399999999999999,She wondered the restaurant would be open on Christmas Day.,2
1171,open,1.48,1.78,0.30000000000000004,She wondered the restaurant would be open on Christmas Day.,2
1171,on,1.78,1.94,0.15999999999999992,She wondered the restaurant would be open on Christmas Day.,2
1171,Christmas,1.94,2.3,0.3599999999999999,She wondered the restaurant would be open on Christmas Day.,2
1171,Day.,2.3,2.62,0.3200000000000003,She wondered the restaurant would be open on Christmas Day.,2
1034,the,0.0,0.12,0.12,the students were asked to submit their essays by end of the week for grading.,2
1034,students,0.12,0.48,0.36,the students were asked to submit their essays by end of the week for grading.,2
1034,were,0.48,0.8,0.32000000000000006,the students were asked to submit their essays by end of the week for grading.,2
1034,asked,0.8,1.02,0.21999999999999997,the students were asked to submit their essays by end of the week for grading.,2
1034,to,1.02,1.16,0.1399999999999999,the students were asked to submit their essays by end of the week for grading.,2
1034,submit,1.16,1.5,0.3400000000000001,the students were asked to submit their essays by end of the week for grading.,2
1034,their,1.5,1.74,0.24,the students were asked to submit their essays by end of the week for grading.,2
1034,essays,1.74,2.08,0.3400000000000001,the students were asked to submit their essays by end of the week for grading.,2
1034,by,2.08,2.4,0.31999999999999984,the students were asked to submit their essays by end of the week for grading.,2
1034,end,2.4,2.68,0.28000000000000025,the students were asked to submit their essays by end of the week for grading.,2
1034,of,2.68,2.9,0.21999999999999975,the students were asked to submit their essays by end of the week for grading.,2
1034,the,2.9,3.0,0.10000000000000009,the students were asked to submit their essays by end of the week for grading.,2
1034,week,3.0,3.2,0.20000000000000018,the students were asked to submit their essays by end of the week for grading.,2
1034,for,3.2,3.44,0.23999999999999977,the students were asked to submit their essays by end of the week for grading.,2
1034,grading.,3.44,3.82,0.3799999999999999,the students were asked to submit their essays by end of the week for grading.,2
1022,The,0.0,0.14,0.14,The company's new policy states all employees must attend a safety training session.,2
1022,company's,0.14,0.66,0.52,The company's new policy states all employees must attend a safety training session.,2
1022,new,0.66,0.8,0.14,The company's new policy states all employees must attend a safety training session.,2
1022,policy,0.8,1.18,0.3799999999999999,The company's new policy states all employees must attend a safety training session.,2
1022,states,1.18,1.58,0.40000000000000013,The company's new policy states all employees must attend a safety training session.,2
1022,all,1.58,1.86,0.28,The company's new policy states all employees must attend a safety training session.,2
1022,employees,1.86,2.32,0.45999999999999974,The company's new policy states all employees must attend a safety training session.,2
1022,must,2.32,2.58,0.26000000000000023,The company's new policy states all employees must attend a safety training session.,2
1022,attend,2.58,3.0,0.41999999999999993,The company's new policy states all employees must attend a safety training session.,2
1022,a,3.0,3.2,0.20000000000000018,The company's new policy states all employees must attend a safety training session.,2
1022,safety,3.2,3.5,0.2999999999999998,The company's new policy states all employees must attend a safety training session.,2
1022,training,3.5,3.92,0.41999999999999993,The company's new policy states all employees must attend a safety training session.,2
1022,session.,3.92,4.36,0.4400000000000004,The company's new policy states all employees must attend a safety training session.,2
1075,The,0.0,0.18,0.18,The symposium all attended by renowned experts from various fields of medical research.,2
1075,symposium,0.18,0.8,0.6200000000000001,The symposium all attended by renowned experts from various fields of medical research.,2
1075,all,0.8,0.98,0.17999999999999994,The symposium all attended by renowned experts from various fields of medical research.,2
1075,attended,0.98,1.38,0.3999999999999999,The symposium all attended by renowned experts from various fields of medical research.,2
1075,by,1.38,1.64,0.26,The symposium all attended by renowned experts from various fields of medical research.,2
1075,renowned,1.64,1.9,0.26,The symposium all attended by renowned experts from various fields of medical research.,2
1075,experts,1.9,2.38,0.48,The symposium all attended by renowned experts from various fields of medical research.,2
1075,from,2.38,2.64,0.26000000000000023,The symposium all attended by renowned experts from various fields of medical research.,2
1075,various,2.64,2.96,0.31999999999999984,The symposium all attended by renowned experts from various fields of medical research.,2
1075,fields,2.96,3.26,0.2999999999999998,The symposium all attended by renowned experts from various fields of medical research.,2
1075,of,3.26,3.44,0.18000000000000016,The symposium all attended by renowned experts from various fields of medical research.,2
1075,medical,3.44,3.68,0.2400000000000002,The symposium all attended by renowned experts from various fields of medical research.,2
1075,research.,3.68,4.3,0.6199999999999997,The symposium all attended by renowned experts from various fields of medical research.,2
1059,We,0.0,0.12,0.12,We need to ensure all the necessary equipment is available before starting the experiment.,2
1059,need,0.12,0.3,0.18,We need to ensure all the necessary equipment is available before starting the experiment.,2
1059,to,0.3,0.44,0.14,We need to ensure all the necessary equipment is available before starting the experiment.,2
1059,ensure,0.44,0.66,0.22000000000000003,We need to ensure all the necessary equipment is available before starting the experiment.,2
1059,all,0.66,0.9,0.24,We need to ensure all the necessary equipment is available before starting the experiment.,2
1059,the,0.9,1.0,0.09999999999999998,We need to ensure all the necessary equipment is available before starting the experiment.,2
1059,necessary,1.0,1.44,0.43999999999999995,We need to ensure all the necessary equipment is available before starting the experiment.,2
1059,equipment,1.44,1.88,0.43999999999999995,We need to ensure all the necessary equipment is available before starting the experiment.,2
1059,is,1.88,2.12,0.2400000000000002,We need to ensure all the necessary equipment is available before starting the experiment.,2
1059,available,2.12,2.46,0.33999999999999986,We need to ensure all the necessary equipment is available before starting the experiment.,2
1059,before,2.46,2.86,0.3999999999999999,We need to ensure all the necessary equipment is available before starting the experiment.,2
1059,starting,2.86,3.4,0.54,We need to ensure all the necessary equipment is available before starting the experiment.,2
1059,the,3.4,3.6,0.20000000000000018,We need to ensure all the necessary equipment is available before starting the experiment.,2
1059,experiment.,3.6,4.14,0.5399999999999996,We need to ensure all the necessary equipment is available before starting the experiment.,2
1019,I'm,0.0,0.22,0.22,I'm not sure whether should accept the job offer or continue looking for other opportunities.,2
1019,not,0.22,0.34,0.12000000000000002,I'm not sure whether should accept the job offer or continue looking for other opportunities.,2
1019,sure,0.34,0.66,0.32,I'm not sure whether should accept the job offer or continue looking for other opportunities.,2
1019,whether,0.66,1.04,0.38,I'm not sure whether should accept the job offer or continue looking for other opportunities.,2
1019,should,1.04,1.28,0.24,I'm not sure whether should accept the job offer or continue looking for other opportunities.,2
1019,accept,1.28,1.68,0.3999999999999999,I'm not sure whether should accept the job offer or continue looking for other opportunities.,2
1019,the,1.68,1.86,0.18000000000000016,I'm not sure whether should accept the job offer or continue looking for other opportunities.,2
1019,job,1.86,2.06,0.19999999999999996,I'm not sure whether should accept the job offer or continue looking for other opportunities.,2
1019,offer,2.06,2.46,0.3999999999999999,I'm not sure whether should accept the job offer or continue looking for other opportunities.,2
1019,or,2.46,2.7,0.2400000000000002,I'm not sure whether should accept the job offer or continue looking for other opportunities.,2
1019,continue,2.7,3.12,0.41999999999999993,I'm not sure whether should accept the job offer or continue looking for other opportunities.,2
1019,looking,3.12,3.52,0.3999999999999999,I'm not sure whether should accept the job offer or continue looking for other opportunities.,2
1019,for,3.52,3.82,0.2999999999999998,I'm not sure whether should accept the job offer or continue looking for other opportunities.,2
1019,other,3.82,4.1,0.2799999999999998,I'm not sure whether should accept the job offer or continue looking for other opportunities.,2
1019,opportunities.,4.1,4.86,0.7600000000000007,I'm not sure whether should accept the job offer or continue looking for other opportunities.,2
1166,hairig,0.0,0.2,0.2,hairig pe этиidaw er sawd��om wrthydd iaithf y fung lyriff Turn.,2
1166,pe,0.2,0.2,0.0,hairig pe этиidaw er sawd��om wrthydd iaithf y fung lyriff Turn.,2
1166,этиidaw,0.2,0.66,0.46,hairig pe этиidaw er sawd��om wrthydd iaithf y fung lyriff Turn.,2
1166,er,0.66,1.02,0.36,hairig pe этиidaw er sawd��om wrthydd iaithf y fung lyriff Turn.,2
1166,sawd��om,1.02,1.4,0.3799999999999999,hairig pe этиidaw er sawd��om wrthydd iaithf y fung lyriff Turn.,2
1166,wrthydd,1.4,1.4,0.0,hairig pe этиidaw er sawd��om wrthydd iaithf y fung lyriff Turn.,2
1166,iaithf,1.4,1.74,0.3400000000000001,hairig pe этиidaw er sawd��om wrthydd iaithf y fung lyriff Turn.,2
1166,y,1.74,1.88,0.1399999999999999,hairig pe этиidaw er sawd��om wrthydd iaithf y fung lyriff Turn.,2
1166,fung,1.88,2.3,0.41999999999999993,hairig pe этиidaw er sawd��om wrthydd iaithf y fung lyriff Turn.,2
1166,lyriff,2.3,2.62,0.3200000000000003,hairig pe этиidaw er sawd��om wrthydd iaithf y fung lyriff Turn.,2
1166,Turn.,2.62,2.62,0.0,hairig pe этиidaw er sawd��om wrthydd iaithf y fung lyriff Turn.,2
1023,We're,0.0,0.16,0.16,We're planning to go on road trip across the country during our summer vacation.,2
1023,planning,0.16,0.4,0.24000000000000002,We're planning to go on road trip across the country during our summer vacation.,2
1023,to,0.4,0.64,0.24,We're planning to go on road trip across the country during our summer vacation.,2
1023,go,0.64,0.8,0.16000000000000003,We're planning to go on road trip across the country during our summer vacation.,2
1023,on,0.8,1.0,0.19999999999999996,We're planning to go on road trip across the country during our summer vacation.,2
1023,road,1.0,1.18,0.17999999999999994,We're planning to go on road trip across the country during our summer vacation.,2
1023,trip,1.18,1.38,0.19999999999999996,We're planning to go on road trip across the country during our summer vacation.,2
1023,across,1.38,1.68,0.30000000000000004,We're planning to go on road trip across the country during our summer vacation.,2
1023,the,1.68,1.88,0.19999999999999996,We're planning to go on road trip across the country during our summer vacation.,2
1023,country,1.88,2.22,0.3400000000000003,We're planning to go on road trip across the country during our summer vacation.,2
1023,during,2.22,2.6,0.3799999999999999,We're planning to go on road trip across the country during our summer vacation.,2
1023,our,2.6,2.82,0.21999999999999975,We're planning to go on road trip across the country during our summer vacation.,2
1023,summer,2.82,3.12,0.30000000000000027,We're planning to go on road trip across the country during our summer vacation.,2
1023,vacation.,3.12,3.72,0.6000000000000001,We're planning to go on road trip across the country during our summer vacation.,2
112,Have,0.0,0.14,0.14,Have you thought about how the new regulations impact our international trade?,2
112,you,0.14,0.22,0.07999999999999999,Have you thought about how the new regulations impact our international trade?,2
112,thought,0.22,0.38,0.16,Have you thought about how the new regulations impact our international trade?,2
112,about,0.38,0.66,0.28,Have you thought about how the new regulations impact our international trade?,2
112,how,0.66,0.82,0.15999999999999992,Have you thought about how the new regulations impact our international trade?,2
112,the,0.82,0.92,0.10000000000000009,Have you thought about how the new regulations impact our international trade?,2
112,new,0.92,1.02,0.09999999999999998,Have you thought about how the new regulations impact our international trade?,2
112,regulations,1.02,1.5,0.48,Have you thought about how the new regulations impact our international trade?,2
112,impact,1.5,1.98,0.48,Have you thought about how the new regulations impact our international trade?,2
112,our,1.98,2.2,0.2200000000000002,Have you thought about how the new regulations impact our international trade?,2
112,international,2.2,2.5,0.2999999999999998,Have you thought about how the new regulations impact our international trade?,2
112,trade?,2.5,3.1,0.6000000000000001,Have you thought about how the new regulations impact our international trade?,2
1015,She,0.0,0.14,0.14,She asked me if I could pick up some milk on my home from work.,2
1015,asked,0.14,0.4,0.26,She asked me if I could pick up some milk on my home from work.,2
1015,me,0.4,0.54,0.14,She asked me if I could pick up some milk on my home from work.,2
1015,if,0.54,0.68,0.14,She asked me if I could pick up some milk on my home from work.,2
1015,I,0.68,0.82,0.1399999999999999,She asked me if I could pick up some milk on my home from work.,2
1015,could,0.82,0.98,0.16000000000000003,She asked me if I could pick up some milk on my home from work.,2
1015,pick,0.98,1.2,0.21999999999999997,She asked me if I could pick up some milk on my home from work.,2
1015,up,1.2,1.32,0.1200000000000001,She asked me if I could pick up some milk on my home from work.,2
1015,some,1.32,1.52,0.19999999999999996,She asked me if I could pick up some milk on my home from work.,2
1015,milk,1.52,1.74,0.21999999999999997,She asked me if I could pick up some milk on my home from work.,2
1015,on,1.74,1.9,0.15999999999999992,She asked me if I could pick up some milk on my home from work.,2
1015,my,1.9,2.04,0.14000000000000012,She asked me if I could pick up some milk on my home from work.,2
1015,home,2.04,2.26,0.21999999999999975,She asked me if I could pick up some milk on my home from work.,2
1015,from,2.26,2.44,0.18000000000000016,She asked me if I could pick up some milk on my home from work.,2
1015,work.,2.44,2.64,0.20000000000000018,She asked me if I could pick up some milk on my home from work.,2
1,The,0.0,0.14,0.14,The new project manager working on the proposal for weeks.,2
1,new,0.14,0.32,0.18,The new project manager working on the proposal for weeks.,2
1,project,0.32,0.74,0.42,The new project manager working on the proposal for weeks.,2
1,manager,0.74,1.2,0.45999999999999996,The new project manager working on the proposal for weeks.,2
1,working,1.2,1.52,0.32000000000000006,The new project manager working on the proposal for weeks.,2
1,on,1.52,1.72,0.19999999999999996,The new project manager working on the proposal for weeks.,2
1,the,1.72,1.84,0.1200000000000001,The new project manager working on the proposal for weeks.,2
1,proposal,1.84,2.38,0.5399999999999998,The new project manager working on the proposal for weeks.,2
1,for,2.38,2.74,0.3600000000000003,The new project manager working on the proposal for weeks.,2
1,weeks.,2.74,3.1,0.3599999999999999,The new project manager working on the proposal for weeks.,2
1003,She,0.0,0.18,0.18,She always brings Reese Buschop in bag to the store to reduce plastic waste.,2
1003,always,0.18,0.44,0.26,She always brings Reese Buschop in bag to the store to reduce plastic waste.,2
1003,brings,0.44,0.74,0.3,She always brings Reese Buschop in bag to the store to reduce plastic waste.,2
1003,Reese,0.74,1.1,0.3600000000000001,She always brings Reese Buschop in bag to the store to reduce plastic waste.,2
1003,Buschop,1.1,1.52,0.41999999999999993,She always brings Reese Buschop in bag to the store to reduce plastic waste.,2
1003,in,1.52,1.68,0.15999999999999992,She always brings Reese Buschop in bag to the store to reduce plastic waste.,2
1003,bag,1.68,1.98,0.30000000000000004,She always brings Reese Buschop in bag to the store to reduce plastic waste.,2
1003,to,1.98,2.24,0.26000000000000023,She always brings Reese Buschop in bag to the store to reduce plastic waste.,2
1003,the,2.24,2.38,0.13999999999999968,She always brings Reese Buschop in bag to the store to reduce plastic waste.,2
1003,store,2.38,2.62,0.2400000000000002,She always brings Reese Buschop in bag to the store to reduce plastic waste.,2
1003,to,2.62,2.8,0.17999999999999972,She always brings Reese Buschop in bag to the store to reduce plastic waste.,2
1003,reduce,2.8,3.12,0.3200000000000003,She always brings Reese Buschop in bag to the store to reduce plastic waste.,2
1003,plastic,3.12,3.62,0.5,She always brings Reese Buschop in bag to the store to reduce plastic waste.,2
1003,waste.,3.62,3.92,0.2999999999999998,She always brings Reese Buschop in bag to the store to reduce plastic waste.,2
1146,She,0.0,0.3,0.3,She inquired I had received the invitation to the wedding.,2
1146,inquired,0.3,0.8,0.5,She inquired I had received the invitation to the wedding.,2
1146,I,0.8,0.98,0.17999999999999994,She inquired I had received the invitation to the wedding.,2
1146,had,0.98,1.22,0.24,She inquired I had received the invitation to the wedding.,2
1146,received,1.22,1.58,0.3600000000000001,She inquired I had received the invitation to the wedding.,2
1146,the,1.58,1.92,0.33999999999999986,She inquired I had received the invitation to the wedding.,2
1146,invitation,1.92,2.56,0.6400000000000001,She inquired I had received the invitation to the wedding.,2
1146,to,2.56,2.86,0.2999999999999998,She inquired I had received the invitation to the wedding.,2
1146,the,2.86,2.98,0.1200000000000001,She inquired I had received the invitation to the wedding.,2
1146,wedding.,2.98,3.3,0.31999999999999984,She inquired I had received the invitation to the wedding.,2
1185,The,0.0,0.14,0.14,The research is conducting experiments on renewable energy sources.,2
1185,research,0.14,0.58,0.43999999999999995,The research is conducting experiments on renewable energy sources.,2
1185,is,0.58,0.84,0.26,The research is conducting experiments on renewable energy sources.,2
1185,conducting,0.84,1.26,0.42000000000000004,The research is conducting experiments on renewable energy sources.,2
1185,experiments,1.26,2.12,0.8600000000000001,The research is conducting experiments on renewable energy sources.,2
1185,on,2.12,2.34,0.21999999999999975,The research is conducting experiments on renewable energy sources.,2
1185,renewable,2.34,2.7,0.3600000000000003,The research is conducting experiments on renewable energy sources.,2
1185,energy,2.7,3.2,0.5,The research is conducting experiments on renewable energy sources.,2
1185,sources.,3.2,3.86,0.6599999999999997,The research is conducting experiments on renewable energy sources.,2
11,Students,0.0,0.36,0.36,Students require to submit their assignments by the end of the week.,2
11,require,0.36,0.74,0.38,Students require to submit their assignments by the end of the week.,2
11,to,0.74,1.02,0.28,Students require to submit their assignments by the end of the week.,2
11,submit,1.02,1.32,0.30000000000000004,Students require to submit their assignments by the end of the week.,2
11,their,1.32,1.52,0.19999999999999996,Students require to submit their assignments by the end of the week.,2
11,assignments,1.52,2.04,0.52,Students require to submit their assignments by the end of the week.,2
11,by,2.04,2.36,0.31999999999999984,Students require to submit their assignments by the end of the week.,2
11,the,2.36,2.48,0.1200000000000001,Students require to submit their assignments by the end of the week.,2
11,end,2.48,2.7,0.2200000000000002,Students require to submit their assignments by the end of the week.,2
11,of,2.7,2.84,0.13999999999999968,Students require to submit their assignments by the end of the week.,2
11,the,2.84,2.94,0.10000000000000009,Students require to submit their assignments by the end of the week.,2
11,week.,2.94,3.22,0.28000000000000025,Students require to submit their assignments by the end of the week.,2
1039,The,0.0,0.12,0.12,The company's new policy requires all employees complete a training course on cybersecurity.,2
1039,company's,0.12,0.76,0.64,The company's new policy requires all employees complete a training course on cybersecurity.,2
1039,new,0.76,0.92,0.16000000000000003,The company's new policy requires all employees complete a training course on cybersecurity.,2
1039,policy,0.92,1.46,0.5399999999999999,The company's new policy requires all employees complete a training course on cybersecurity.,2
1039,requires,1.46,2.16,0.7000000000000002,The company's new policy requires all employees complete a training course on cybersecurity.,2
1039,all,2.16,2.54,0.3799999999999999,The company's new policy requires all employees complete a training course on cybersecurity.,2
1039,employees,2.54,3.02,0.48,The company's new policy requires all employees complete a training course on cybersecurity.,2
1039,complete,3.02,3.48,0.45999999999999996,The company's new policy requires all employees complete a training course on cybersecurity.,2
1039,a,3.48,3.72,0.2400000000000002,The company's new policy requires all employees complete a training course on cybersecurity.,2
1039,training,3.72,4.1,0.37999999999999945,The company's new policy requires all employees complete a training course on cybersecurity.,2
1039,course,4.1,4.62,0.5200000000000005,The company's new policy requires all employees complete a training course on cybersecurity.,2
1039,on,4.62,4.88,0.2599999999999998,The company's new policy requires all employees complete a training course on cybersecurity.,2
1039,cybersecurity.,4.88,5.52,0.6399999999999997,The company's new policy requires all employees complete a training course on cybersecurity.,2
1081,The,0.0,0.14,0.14,The students have been studying for their final exams all week.,2
1081,students,0.14,0.46,0.32,The students have been studying for their final exams all week.,2
1081,have,0.46,0.7,0.23999999999999994,The students have been studying for their final exams all week.,2
1081,been,0.7,0.78,0.08000000000000007,The students have been studying for their final exams all week.,2
1081,studying,0.78,1.08,0.30000000000000004,The students have been studying for their final exams all week.,2
1081,for,1.08,1.34,0.26,The students have been studying for their final exams all week.,2
1081,their,1.34,1.44,0.09999999999999987,The students have been studying for their final exams all week.,2
1081,final,1.44,1.74,0.30000000000000004,The students have been studying for their final exams all week.,2
1081,exams,1.74,2.1,0.3600000000000001,The students have been studying for their final exams all week.,2
1081,all,2.1,2.34,0.23999999999999977,The students have been studying for their final exams all week.,2
1081,week.,2.34,2.56,0.2200000000000002,The students have been studying for their final exams all week.,2
1057,She,0.0,0.2,0.2,She explained that she would late for the meeting because of the heavy traffic on the,2
1057,explained,0.2,0.52,0.32,She explained that she would late for the meeting because of the heavy traffic on the,2
1057,that,0.52,0.74,0.21999999999999997,She explained that she would late for the meeting because of the heavy traffic on the,2
1057,she,0.74,0.9,0.16000000000000003,She explained that she would late for the meeting because of the heavy traffic on the,2
1057,would,0.9,1.02,0.12,She explained that she would late for the meeting because of the heavy traffic on the,2
1057,late,1.02,1.22,0.19999999999999996,She explained that she would late for the meeting because of the heavy traffic on the,2
1057,for,1.22,1.48,0.26,She explained that she would late for the meeting because of the heavy traffic on the,2
1057,the,1.48,1.56,0.08000000000000007,She explained that she would late for the meeting because of the heavy traffic on the,2
1057,meeting,1.56,1.82,0.26,She explained that she would late for the meeting because of the heavy traffic on the,2
1057,because,1.82,2.16,0.3400000000000001,She explained that she would late for the meeting because of the heavy traffic on the,2
1057,of,2.16,2.34,0.17999999999999972,She explained that she would late for the meeting because of the heavy traffic on the,2
1057,the,2.34,2.42,0.08000000000000007,She explained that she would late for the meeting because of the heavy traffic on the,2
1057,heavy,2.42,2.58,0.16000000000000014,She explained that she would late for the meeting because of the heavy traffic on the,2
1057,traffic,2.58,3.02,0.43999999999999995,She explained that she would late for the meeting because of the heavy traffic on the,2
1057,on,3.02,3.28,0.2599999999999998,She explained that she would late for the meeting because of the heavy traffic on the,2
1057,the,3.28,3.38,0.10000000000000009,She explained that she would late for the meeting because of the heavy traffic on the,2
1057,freeway.,3.38,3.78,0.3999999999999999,freeway.,2
1094,they,0.0,0.12,0.12,they discuss the proposal decided to implement it immediately.,2
1094,discuss,0.12,0.42,0.3,they discuss the proposal decided to implement it immediately.,2
1094,the,0.42,0.62,0.2,they discuss the proposal decided to implement it immediately.,2
1094,proposal,0.62,0.98,0.36,they discuss the proposal decided to implement it immediately.,2
1094,decided,0.98,1.36,0.3800000000000001,they discuss the proposal decided to implement it immediately.,2
1094,to,1.36,1.64,0.2799999999999998,they discuss the proposal decided to implement it immediately.,2
1094,implement,1.64,2.06,0.42000000000000015,they discuss the proposal decided to implement it immediately.,2
1094,it,2.06,2.48,0.41999999999999993,they discuss the proposal decided to implement it immediately.,2
1094,immediately.,2.48,2.9,0.41999999999999993,they discuss the proposal decided to implement it immediately.,2
1201,The,0.0,0.14,0.14,The professor suggests his students review their notes before the final exam.,2
1201,professor,0.14,0.6,0.45999999999999996,The professor suggests his students review their notes before the final exam.,2
1201,suggests,0.6,1.06,0.4600000000000001,The professor suggests his students review their notes before the final exam.,2
1201,his,1.06,1.46,0.3999999999999999,The professor suggests his students review their notes before the final exam.,2
1201,students,1.46,1.78,0.32000000000000006,The professor suggests his students review their notes before the final exam.,2
1201,review,1.78,2.3,0.5199999999999998,The professor suggests his students review their notes before the final exam.,2
1201,their,2.3,2.54,0.2400000000000002,The professor suggests his students review their notes before the final exam.,2
1201,notes,2.54,2.8,0.2599999999999998,The professor suggests his students review their notes before the final exam.,2
1201,before,2.8,3.2,0.40000000000000036,The professor suggests his students review their notes before the final exam.,2
1201,the,3.2,3.44,0.23999999999999977,The professor suggests his students review their notes before the final exam.,2
1201,final,3.44,3.78,0.33999999999999986,The professor suggests his students review their notes before the final exam.,2
1201,exam.,3.78,4.1,0.31999999999999984,The professor suggests his students review their notes before the final exam.,2
1108,The,0.0,0.12,0.12,The new policy implemented by the management last month.,2
1108,new,0.12,0.26,0.14,The new policy implemented by the management last month.,2
1108,policy,0.26,0.72,0.45999999999999996,The new policy implemented by the management last month.,2
1108,implemented,0.72,1.36,0.6400000000000001,The new policy implemented by the management last month.,2
1108,by,1.36,1.6,0.24,The new policy implemented by the management last month.,2
1108,the,1.6,1.7,0.09999999999999987,The new policy implemented by the management last month.,2
1108,management,1.7,2.12,0.42000000000000015,The new policy implemented by the management last month.,2
1108,last,2.12,2.42,0.2999999999999998,The new policy implemented by the management last month.,2
1108,month.,2.42,2.76,0.33999999999999986,The new policy implemented by the management last month.,2
107,The,0.0,0.12,0.12,The CEO emphasized customer satisfaction is crucial for the company's growth.,2
107,CEO,0.12,0.46,0.34,The CEO emphasized customer satisfaction is crucial for the company's growth.,2
107,emphasized,0.46,1.04,0.5800000000000001,The CEO emphasized customer satisfaction is crucial for the company's growth.,2
107,customer,1.04,1.64,0.5999999999999999,The CEO emphasized customer satisfaction is crucial for the company's growth.,2
107,satisfaction,1.64,2.36,0.72,The CEO emphasized customer satisfaction is crucial for the company's growth.,2
107,is,2.36,2.84,0.48,The CEO emphasized customer satisfaction is crucial for the company's growth.,2
107,crucial,2.84,3.18,0.3400000000000003,The CEO emphasized customer satisfaction is crucial for the company's growth.,2
107,for,3.18,3.42,0.23999999999999977,The CEO emphasized customer satisfaction is crucial for the company's growth.,2
107,the,3.42,3.56,0.14000000000000012,The CEO emphasized customer satisfaction is crucial for the company's growth.,2
107,company's,3.56,4.12,0.56,The CEO emphasized customer satisfaction is crucial for the company's growth.,2
107,growth.,4.12,4.34,0.21999999999999975,The CEO emphasized customer satisfaction is crucial for the company's growth.,2
1132,For,0.0,0.2,0.2,"For Chaos predicted sin, it ended up snowing all day.",2
1132,Chaos,0.2,0.58,0.37999999999999995,"For Chaos predicted sin, it ended up snowing all day.",2
1132,predicted,0.58,1.06,0.4800000000000001,"For Chaos predicted sin, it ended up snowing all day.",2
1132,"sin,",1.06,1.52,0.45999999999999996,"For Chaos predicted sin, it ended up snowing all day.",2
1132,it,1.9,2.0,0.10000000000000009,"For Chaos predicted sin, it ended up snowing all day.",2
1132,ended,2.0,2.36,0.3599999999999999,"For Chaos predicted sin, it ended up snowing all day.",2
1132,up,2.36,2.62,0.26000000000000023,"For Chaos predicted sin, it ended up snowing all day.",2
1132,snowing,2.62,3.1,0.48,"For Chaos predicted sin, it ended up snowing all day.",2
1132,all,3.1,3.3,0.19999999999999973,"For Chaos predicted sin, it ended up snowing all day.",2
1132,day.,3.3,3.62,0.3200000000000003,"For Chaos predicted sin, it ended up snowing all day.",2
1036,She,0.0,0.22,0.22,She explained that she would wait for dinner because of the heavy traffic on the highway.,2
1036,explained,0.22,0.68,0.4600000000000001,She explained that she would wait for dinner because of the heavy traffic on the highway.,2
1036,that,0.68,1.08,0.4,She explained that she would wait for dinner because of the heavy traffic on the highway.,2
1036,she,1.08,1.28,0.19999999999999996,She explained that she would wait for dinner because of the heavy traffic on the highway.,2
1036,would,1.28,1.42,0.1399999999999999,She explained that she would wait for dinner because of the heavy traffic on the highway.,2
1036,wait,1.42,1.64,0.21999999999999997,She explained that she would wait for dinner because of the heavy traffic on the highway.,2
1036,for,1.64,1.92,0.28,She explained that she would wait for dinner because of the heavy traffic on the highway.,2
1036,dinner,1.92,2.18,0.26000000000000023,She explained that she would wait for dinner because of the heavy traffic on the highway.,2
1036,because,2.18,2.54,0.3599999999999999,She explained that she would wait for dinner because of the heavy traffic on the highway.,2
1036,of,2.54,2.8,0.2599999999999998,She explained that she would wait for dinner because of the heavy traffic on the highway.,2
1036,the,2.8,2.92,0.1200000000000001,She explained that she would wait for dinner because of the heavy traffic on the highway.,2
1036,heavy,2.92,3.2,0.28000000000000025,She explained that she would wait for dinner because of the heavy traffic on the highway.,2
1036,traffic,3.2,3.66,0.45999999999999996,She explained that she would wait for dinner because of the heavy traffic on the highway.,2
1036,on,3.66,4.0,0.33999999999999986,She explained that she would wait for dinner because of the heavy traffic on the highway.,2
1036,the,4.0,4.16,0.16000000000000014,She explained that she would wait for dinner because of the heavy traffic on the highway.,2
1036,highway.,4.16,4.5,0.33999999999999986,She explained that she would wait for dinner because of the heavy traffic on the highway.,2
1173,The,0.0,0.1,0.1,The concert was so loud I could barely hear my friend speaking next to me.,2
1173,concert,0.1,0.62,0.52,The concert was so loud I could barely hear my friend speaking next to me.,2
1173,was,0.62,0.92,0.30000000000000004,The concert was so loud I could barely hear my friend speaking next to me.,2
1173,so,0.92,1.16,0.23999999999999988,The concert was so loud I could barely hear my friend speaking next to me.,2
1173,loud,1.16,1.46,0.30000000000000004,The concert was so loud I could barely hear my friend speaking next to me.,2
1173,I,1.46,1.78,0.32000000000000006,The concert was so loud I could barely hear my friend speaking next to me.,2
1173,could,1.78,2.02,0.24,The concert was so loud I could barely hear my friend speaking next to me.,2
1173,barely,2.02,2.44,0.41999999999999993,The concert was so loud I could barely hear my friend speaking next to me.,2
1173,hear,2.44,2.78,0.33999999999999986,The concert was so loud I could barely hear my friend speaking next to me.,2
1173,my,2.78,2.94,0.16000000000000014,The concert was so loud I could barely hear my friend speaking next to me.,2
1173,friend,2.94,3.26,0.31999999999999984,The concert was so loud I could barely hear my friend speaking next to me.,2
1173,speaking,3.26,3.78,0.52,The concert was so loud I could barely hear my friend speaking next to me.,2
1173,next,3.78,4.18,0.3999999999999999,The concert was so loud I could barely hear my friend speaking next to me.,2
1173,to,4.18,4.52,0.33999999999999986,The concert was so loud I could barely hear my friend speaking next to me.,2
1173,me.,4.52,4.68,0.16000000000000014,The concert was so loud I could barely hear my friend speaking next to me.,2
1061,The,0.0,0.62,0.62,The researchers conducting experiments to determine the effectiveness of the new treatment.,2
1061,researchers,0.62,1.18,0.5599999999999999,The researchers conducting experiments to determine the effectiveness of the new treatment.,2
1061,conducting,1.18,1.9,0.72,The researchers conducting experiments to determine the effectiveness of the new treatment.,2
1061,experiments,1.9,2.46,0.56,The researchers conducting experiments to determine the effectiveness of the new treatment.,2
1061,to,2.46,2.74,0.28000000000000025,The researchers conducting experiments to determine the effectiveness of the new treatment.,2
1061,determine,2.74,3.2,0.45999999999999996,The researchers conducting experiments to determine the effectiveness of the new treatment.,2
1061,the,3.2,3.38,0.17999999999999972,The researchers conducting experiments to determine the effectiveness of the new treatment.,2
1061,effectiveness,3.38,3.86,0.48,The researchers conducting experiments to determine the effectiveness of the new treatment.,2
1061,of,3.86,4.26,0.3999999999999999,The researchers conducting experiments to determine the effectiveness of the new treatment.,2
1061,the,4.26,4.38,0.1200000000000001,The researchers conducting experiments to determine the effectiveness of the new treatment.,2
1061,new,4.38,4.58,0.20000000000000018,The researchers conducting experiments to determine the effectiveness of the new treatment.,2
1061,treatment.,4.58,4.98,0.40000000000000036,The researchers conducting experiments to determine the effectiveness of the new treatment.,2
1124,The,0.0,0.18,0.18,The exam and the contractor cited to negotiate better times.,2
1124,exam,0.18,0.52,0.34,The exam and the contractor cited to negotiate better times.,2
1124,and,0.52,0.74,0.21999999999999997,The exam and the contractor cited to negotiate better times.,2
1124,the,0.74,0.86,0.12,The exam and the contractor cited to negotiate better times.,2
1124,contractor,0.86,1.2,0.33999999999999997,The exam and the contractor cited to negotiate better times.,2
1124,cited,1.2,1.68,0.48,The exam and the contractor cited to negotiate better times.,2
1124,to,1.68,1.86,0.18000000000000016,The exam and the contractor cited to negotiate better times.,2
1124,negotiate,1.86,2.26,0.3999999999999997,The exam and the contractor cited to negotiate better times.,2
1124,better,2.26,2.66,0.40000000000000036,The exam and the contractor cited to negotiate better times.,2
1124,times.,2.66,3.12,0.45999999999999996,The exam and the contractor cited to negotiate better times.,2
1125,The,0.0,0.12,0.12,The artist creating a masterpiece for the upcoming exhibition.,2
1125,artist,0.12,0.4,0.28,The artist creating a masterpiece for the upcoming exhibition.,2
1125,creating,0.4,0.86,0.45999999999999996,The artist creating a masterpiece for the upcoming exhibition.,2
1125,a,0.86,1.0,0.14,The artist creating a masterpiece for the upcoming exhibition.,2
1125,masterpiece,1.0,1.38,0.3799999999999999,The artist creating a masterpiece for the upcoming exhibition.,2
1125,for,1.38,1.76,0.3800000000000001,The artist creating a masterpiece for the upcoming exhibition.,2
1125,the,1.76,1.92,0.15999999999999992,The artist creating a masterpiece for the upcoming exhibition.,2
1125,upcoming,1.92,2.28,0.3599999999999999,The artist creating a masterpiece for the upcoming exhibition.,2
1125,exhibition.,2.28,2.92,0.6400000000000001,The artist creating a masterpiece for the upcoming exhibition.,2
106,Not,0.0,0.16,0.16,"Not only did she win the competition, she also broke the previous record.",2
106,only,0.16,0.4,0.24000000000000002,"Not only did she win the competition, she also broke the previous record.",2
106,did,0.4,0.58,0.17999999999999994,"Not only did she win the competition, she also broke the previous record.",2
106,she,0.58,0.78,0.20000000000000007,"Not only did she win the competition, she also broke the previous record.",2
106,win,0.78,1.0,0.21999999999999997,"Not only did she win the competition, she also broke the previous record.",2
106,the,1.0,1.14,0.1399999999999999,"Not only did she win the competition, she also broke the previous record.",2
106,"competition,",1.14,1.68,0.54,"Not only did she win the competition, she also broke the previous record.",2
106,she,2.26,2.44,0.18000000000000016,"Not only did she win the competition, she also broke the previous record.",2
106,also,2.44,2.62,0.18000000000000016,"Not only did she win the competition, she also broke the previous record.",2
106,broke,2.62,2.88,0.2599999999999998,"Not only did she win the competition, she also broke the previous record.",2
106,the,2.88,3.08,0.20000000000000018,"Not only did she win the competition, she also broke the previous record.",2
106,previous,3.08,3.38,0.2999999999999998,"Not only did she win the competition, she also broke the previous record.",2
106,record.,3.38,3.8,0.41999999999999993,"Not only did she win the competition, she also broke the previous record.",2
1109,og,0.0,0.2,0.2,og talon aolutions o'n byn ond lle i mewn i wneudン ac bas刚.,2
1109,talon,0.2,0.4,0.2,og talon aolutions o'n byn ond lle i mewn i wneudン ac bas刚.,2
1109,aolutions,0.4,1.0,0.6,og talon aolutions o'n byn ond lle i mewn i wneudン ac bas刚.,2
1109,o,1.0,1.3,0.30000000000000004,og talon aolutions o'n byn ond lle i mewn i wneudン ac bas刚.,2
1109,'n,1.3,1.58,0.28,og talon aolutions o'n byn ond lle i mewn i wneudン ac bas刚.,2
1109,byn,1.58,1.84,0.26,og talon aolutions o'n byn ond lle i mewn i wneudン ac bas刚.,2
1109,ond,1.84,1.84,0.0,og talon aolutions o'n byn ond lle i mewn i wneudン ac bas刚.,2
1109,lle,1.84,1.84,0.0,og talon aolutions o'n byn ond lle i mewn i wneudン ac bas刚.,2
1109,i,1.84,1.84,0.0,og talon aolutions o'n byn ond lle i mewn i wneudン ac bas刚.,2
1109,mewn,1.84,2.16,0.32000000000000006,og talon aolutions o'n byn ond lle i mewn i wneudン ac bas刚.,2
1109,i,2.16,2.16,0.0,og talon aolutions o'n byn ond lle i mewn i wneudン ac bas刚.,2
1109,wneudン,2.16,3.36,1.1999999999999997,og talon aolutions o'n byn ond lle i mewn i wneudン ac bas刚.,2
1109,ac,3.36,3.44,0.08000000000000007,og talon aolutions o'n byn ond lle i mewn i wneudン ac bas刚.,2
1109,bas刚.,3.44,3.44,0.0,og talon aolutions o'n byn ond lle i mewn i wneudン ac bas刚.,2
1129,The,0.0,0.12,0.12,The scientists explained the new Vaxing could prevent the spread of the virus.,2
1129,scientists,0.12,0.54,0.42000000000000004,The scientists explained the new Vaxing could prevent the spread of the virus.,2
1129,explained,0.54,1.08,0.54,The scientists explained the new Vaxing could prevent the spread of the virus.,2
1129,the,1.08,1.26,0.17999999999999994,The scientists explained the new Vaxing could prevent the spread of the virus.,2
1129,new,1.26,1.42,0.15999999999999992,The scientists explained the new Vaxing could prevent the spread of the virus.,2
1129,Vaxing,1.42,1.88,0.45999999999999996,The scientists explained the new Vaxing could prevent the spread of the virus.,2
1129,could,1.88,2.04,0.16000000000000014,The scientists explained the new Vaxing could prevent the spread of the virus.,2
1129,prevent,2.04,2.38,0.33999999999999986,The scientists explained the new Vaxing could prevent the spread of the virus.,2
1129,the,2.38,2.56,0.18000000000000016,The scientists explained the new Vaxing could prevent the spread of the virus.,2
1129,spread,2.56,2.86,0.2999999999999998,The scientists explained the new Vaxing could prevent the spread of the virus.,2
1129,of,2.86,3.02,0.16000000000000014,The scientists explained the new Vaxing could prevent the spread of the virus.,2
1129,the,3.02,3.14,0.1200000000000001,The scientists explained the new Vaxing could prevent the spread of the virus.,2
1129,virus.,3.14,3.54,0.3999999999999999,The scientists explained the new Vaxing could prevent the spread of the virus.,2
1191,You,0.0,0.14,0.14,You arrive at the airport at least two hours before your flight.,2
1191,arrive,0.14,0.42,0.27999999999999997,You arrive at the airport at least two hours before your flight.,2
1191,at,0.42,0.6,0.18,You arrive at the airport at least two hours before your flight.,2
1191,the,0.6,0.68,0.08000000000000007,You arrive at the airport at least two hours before your flight.,2
1191,airport,0.68,1.0,0.31999999999999995,You arrive at the airport at least two hours before your flight.,2
1191,at,1.0,1.22,0.21999999999999997,You arrive at the airport at least two hours before your flight.,2
1191,least,1.22,1.38,0.15999999999999992,You arrive at the airport at least two hours before your flight.,2
1191,two,1.38,1.7,0.32000000000000006,You arrive at the airport at least two hours before your flight.,2
1191,hours,1.7,1.92,0.21999999999999997,You arrive at the airport at least two hours before your flight.,2
1191,before,1.92,2.3,0.3799999999999999,You arrive at the airport at least two hours before your flight.,2
1191,your,2.3,2.48,0.18000000000000016,You arrive at the airport at least two hours before your flight.,2
1191,flight.,2.48,2.78,0.2999999999999998,You arrive at the airport at least two hours before your flight.,2
1216,Software,0.0,0.34,0.34,Software update nor the hardware upgrade resolve the persistent system issues.,2
1216,update,0.34,0.74,0.39999999999999997,Software update nor the hardware upgrade resolve the persistent system issues.,2
1216,nor,0.74,1.04,0.30000000000000004,Software update nor the hardware upgrade resolve the persistent system issues.,2
1216,the,1.04,1.2,0.15999999999999992,Software update nor the hardware upgrade resolve the persistent system issues.,2
1216,hardware,1.2,1.54,0.3400000000000001,Software update nor the hardware upgrade resolve the persistent system issues.,2
1216,upgrade,1.54,1.94,0.3999999999999999,Software update nor the hardware upgrade resolve the persistent system issues.,2
1216,resolve,1.94,2.34,0.3999999999999999,Software update nor the hardware upgrade resolve the persistent system issues.,2
1216,the,2.34,2.56,0.2200000000000002,Software update nor the hardware upgrade resolve the persistent system issues.,2
1216,persistent,2.56,2.94,0.3799999999999999,Software update nor the hardware upgrade resolve the persistent system issues.,2
1216,system,2.94,3.42,0.48,Software update nor the hardware upgrade resolve the persistent system issues.,2
1216,issues.,3.42,3.84,0.41999999999999993,Software update nor the hardware upgrade resolve the persistent system issues.,2
1144,The,0.0,0.14,0.14,The professor explained the theory was still controversial in academic circles.,2
1144,professor,0.14,0.52,0.38,The professor explained the theory was still controversial in academic circles.,2
1144,explained,0.52,1.14,0.6199999999999999,The professor explained the theory was still controversial in academic circles.,2
1144,the,1.14,1.38,0.24,The professor explained the theory was still controversial in academic circles.,2
1144,theory,1.38,1.72,0.3400000000000001,The professor explained the theory was still controversial in academic circles.,2
1144,was,1.72,2.08,0.3600000000000001,The professor explained the theory was still controversial in academic circles.,2
1144,still,2.08,2.38,0.2999999999999998,The professor explained the theory was still controversial in academic circles.,2
1144,controversial,2.38,2.94,0.56,The professor explained the theory was still controversial in academic circles.,2
1144,in,2.94,3.38,0.43999999999999995,The professor explained the theory was still controversial in academic circles.,2
1144,academic,3.38,3.82,0.43999999999999995,The professor explained the theory was still controversial in academic circles.,2
1144,circles.,3.82,4.34,0.52,The professor explained the theory was still controversial in academic circles.,2
1159,The,0.0,0.1,0.1,The guide explained the ancient civilization had built such impressive structures.,2
1159,guide,0.1,0.32,0.22,The guide explained the ancient civilization had built such impressive structures.,2
1159,explained,0.32,0.76,0.44,The guide explained the ancient civilization had built such impressive structures.,2
1159,the,0.76,1.0,0.24,The guide explained the ancient civilization had built such impressive structures.,2
1159,ancient,1.0,1.28,0.28,The guide explained the ancient civilization had built such impressive structures.,2
1159,civilization,1.28,1.88,0.5999999999999999,The guide explained the ancient civilization had built such impressive structures.,2
1159,had,1.88,2.26,0.3799999999999999,The guide explained the ancient civilization had built such impressive structures.,2
1159,built,2.26,2.44,0.18000000000000016,The guide explained the ancient civilization had built such impressive structures.,2
1159,such,2.44,2.72,0.28000000000000025,The guide explained the ancient civilization had built such impressive structures.,2
1159,impressive,2.72,3.24,0.52,The guide explained the ancient civilization had built such impressive structures.,2
1159,structures.,3.24,3.72,0.48,The guide explained the ancient civilization had built such impressive structures.,2
1227,the,0.0,0.12,0.12,the Environmental Impact Study conducted by an independent research group.,2
1227,Environmental,0.12,0.54,0.42000000000000004,the Environmental Impact Study conducted by an independent research group.,2
1227,Impact,0.54,1.12,0.5800000000000001,the Environmental Impact Study conducted by an independent research group.,2
1227,Study,1.12,1.54,0.41999999999999993,the Environmental Impact Study conducted by an independent research group.,2
1227,conducted,1.54,2.06,0.52,the Environmental Impact Study conducted by an independent research group.,2
1227,by,2.06,2.34,0.2799999999999998,the Environmental Impact Study conducted by an independent research group.,2
1227,an,2.34,2.58,0.2400000000000002,the Environmental Impact Study conducted by an independent research group.,2
1227,independent,2.58,3.12,0.54,the Environmental Impact Study conducted by an independent research group.,2
1227,research,3.12,3.54,0.41999999999999993,the Environmental Impact Study conducted by an independent research group.,2
1227,group.,3.54,3.96,0.41999999999999993,the Environmental Impact Study conducted by an independent research group.,2
1118,We,0.0,0.14,0.14,We need to finalize budget for the upcoming fiscal year.,2
1118,need,0.14,0.24,0.09999999999999998,We need to finalize budget for the upcoming fiscal year.,2
1118,to,0.24,0.38,0.14,We need to finalize budget for the upcoming fiscal year.,2
1118,finalize,0.38,0.92,0.54,We need to finalize budget for the upcoming fiscal year.,2
1118,budget,0.92,1.26,0.33999999999999997,We need to finalize budget for the upcoming fiscal year.,2
1118,for,1.26,1.5,0.24,We need to finalize budget for the upcoming fiscal year.,2
1118,the,1.5,1.64,0.1399999999999999,We need to finalize budget for the upcoming fiscal year.,2
1118,upcoming,1.64,2.0,0.3600000000000001,We need to finalize budget for the upcoming fiscal year.,2
1118,fiscal,2.0,2.46,0.45999999999999996,We need to finalize budget for the upcoming fiscal year.,2
1118,year.,2.46,2.8,0.33999999999999986,We need to finalize budget for the upcoming fiscal year.,2
1071,The,0.0,0.12,0.12,The historic building was deemed unsafe in schedule to undergo extensive renovations.,2
1071,historic,0.12,0.68,0.56,The historic building was deemed unsafe in schedule to undergo extensive renovations.,2
1071,building,0.68,1.16,0.47999999999999987,The historic building was deemed unsafe in schedule to undergo extensive renovations.,2
1071,was,1.16,1.54,0.3800000000000001,The historic building was deemed unsafe in schedule to undergo extensive renovations.,2
1071,deemed,1.54,1.94,0.3999999999999999,The historic building was deemed unsafe in schedule to undergo extensive renovations.,2
1071,unsafe,1.94,2.58,0.6400000000000001,The historic building was deemed unsafe in schedule to undergo extensive renovations.,2
1071,in,2.58,2.94,0.3599999999999999,The historic building was deemed unsafe in schedule to undergo extensive renovations.,2
1071,schedule,2.94,3.32,0.3799999999999999,The historic building was deemed unsafe in schedule to undergo extensive renovations.,2
1071,to,3.32,3.58,0.26000000000000023,The historic building was deemed unsafe in schedule to undergo extensive renovations.,2
1071,undergo,3.58,4.02,0.4399999999999995,The historic building was deemed unsafe in schedule to undergo extensive renovations.,2
1071,extensive,4.02,4.7,0.6800000000000006,The historic building was deemed unsafe in schedule to undergo extensive renovations.,2
1071,renovations.,4.7,5.7,1.0,The historic building was deemed unsafe in schedule to undergo extensive renovations.,2
101,The,0.0,0.14,0.14,The new policy implement to gradually over the next fiscal year.,2
101,new,0.14,0.32,0.18,The new policy implement to gradually over the next fiscal year.,2
101,policy,0.32,0.78,0.46,The new policy implement to gradually over the next fiscal year.,2
101,implement,0.78,1.34,0.56,The new policy implement to gradually over the next fiscal year.,2
101,to,1.34,1.54,0.19999999999999996,The new policy implement to gradually over the next fiscal year.,2
101,gradually,1.54,1.86,0.32000000000000006,The new policy implement to gradually over the next fiscal year.,2
101,over,1.86,2.26,0.3999999999999997,The new policy implement to gradually over the next fiscal year.,2
101,the,2.26,2.4,0.14000000000000012,The new policy implement to gradually over the next fiscal year.,2
101,next,2.4,2.64,0.2400000000000002,The new policy implement to gradually over the next fiscal year.,2
101,fiscal,2.64,3.1,0.45999999999999996,The new policy implement to gradually over the next fiscal year.,2
101,year.,3.1,3.48,0.3799999999999999,The new policy implement to gradually over the next fiscal year.,2
1026,The,0.0,0.12,0.12,The chef demonstrated how properly prepare and cook the exotic dish during the class.,2
1026,chef,0.12,0.36,0.24,The chef demonstrated how properly prepare and cook the exotic dish during the class.,2
1026,demonstrated,0.36,0.96,0.6,The chef demonstrated how properly prepare and cook the exotic dish during the class.,2
1026,how,0.96,1.2,0.24,The chef demonstrated how properly prepare and cook the exotic dish during the class.,2
1026,properly,1.2,1.6,0.40000000000000013,The chef demonstrated how properly prepare and cook the exotic dish during the class.,2
1026,prepare,1.6,2.02,0.41999999999999993,The chef demonstrated how properly prepare and cook the exotic dish during the class.,2
1026,and,2.02,2.26,0.23999999999999977,The chef demonstrated how properly prepare and cook the exotic dish during the class.,2
1026,cook,2.26,2.42,0.16000000000000014,The chef demonstrated how properly prepare and cook the exotic dish during the class.,2
1026,the,2.42,2.6,0.18000000000000016,The chef demonstrated how properly prepare and cook the exotic dish during the class.,2
1026,exotic,2.6,2.92,0.31999999999999984,The chef demonstrated how properly prepare and cook the exotic dish during the class.,2
1026,dish,2.92,3.18,0.26000000000000023,The chef demonstrated how properly prepare and cook the exotic dish during the class.,2
1026,during,3.18,3.38,0.19999999999999973,The chef demonstrated how properly prepare and cook the exotic dish during the class.,2
1026,the,3.38,3.5,0.1200000000000001,The chef demonstrated how properly prepare and cook the exotic dish during the class.,2
1026,class.,3.5,3.74,0.2400000000000002,The chef demonstrated how properly prepare and cook the exotic dish during the class.,2
1163,More,0.0,0.22,0.22,More master 5 finished my homework before going out with friends.,2
1163,master,0.22,0.66,0.44000000000000006,More master 5 finished my homework before going out with friends.,2
1163,5,0.66,0.92,0.26,More master 5 finished my homework before going out with friends.,2
1163,finished,0.92,1.38,0.45999999999999985,More master 5 finished my homework before going out with friends.,2
1163,my,1.38,1.68,0.30000000000000004,More master 5 finished my homework before going out with friends.,2
1163,homework,1.68,1.98,0.30000000000000004,More master 5 finished my homework before going out with friends.,2
1163,before,1.98,2.4,0.41999999999999993,More master 5 finished my homework before going out with friends.,2
1163,going,2.4,2.82,0.41999999999999993,More master 5 finished my homework before going out with friends.,2
1163,out,2.82,3.02,0.20000000000000018,More master 5 finished my homework before going out with friends.,2
1163,with,3.02,3.28,0.2599999999999998,More master 5 finished my homework before going out with friends.,2
1163,friends.,3.28,3.58,0.30000000000000027,More master 5 finished my homework before going out with friends.,2
1175,The,0.0,0.12,0.12,The committee is considering to approve the proposed budget for next year.,2
1175,committee,0.12,0.54,0.42000000000000004,The committee is considering to approve the proposed budget for next year.,2
1175,is,0.54,0.92,0.38,The committee is considering to approve the proposed budget for next year.,2
1175,considering,0.92,1.46,0.5399999999999999,The committee is considering to approve the proposed budget for next year.,2
1175,to,1.46,1.7,0.24,The committee is considering to approve the proposed budget for next year.,2
1175,approve,1.7,2.0,0.30000000000000004,The committee is considering to approve the proposed budget for next year.,2
1175,the,2.0,2.2,0.20000000000000018,The committee is considering to approve the proposed budget for next year.,2
1175,proposed,2.2,2.62,0.41999999999999993,The committee is considering to approve the proposed budget for next year.,2
1175,budget,2.62,3.02,0.3999999999999999,The committee is considering to approve the proposed budget for next year.,2
1175,for,3.02,3.22,0.20000000000000018,The committee is considering to approve the proposed budget for next year.,2
1175,next,3.22,3.44,0.21999999999999975,The committee is considering to approve the proposed budget for next year.,2
1175,year.,3.44,3.7,0.26000000000000023,The committee is considering to approve the proposed budget for next year.,2
117,the,0.0,0.14,0.14,the patient instructed to take the medication twice daily for 10 days.,2
117,patient,0.14,0.54,0.4,the patient instructed to take the medication twice daily for 10 days.,2
117,instructed,0.54,1.18,0.6399999999999999,the patient instructed to take the medication twice daily for 10 days.,2
117,to,1.18,1.38,0.19999999999999996,the patient instructed to take the medication twice daily for 10 days.,2
117,take,1.38,1.64,0.26,the patient instructed to take the medication twice daily for 10 days.,2
117,the,1.64,1.82,0.18000000000000016,the patient instructed to take the medication twice daily for 10 days.,2
117,medication,1.82,2.2,0.3800000000000001,the patient instructed to take the medication twice daily for 10 days.,2
117,twice,2.2,2.82,0.6199999999999997,the patient instructed to take the medication twice daily for 10 days.,2
117,daily,2.82,3.26,0.43999999999999995,the patient instructed to take the medication twice daily for 10 days.,2
117,for,3.26,3.54,0.28000000000000025,the patient instructed to take the medication twice daily for 10 days.,2
117,10,3.54,3.78,0.23999999999999977,the patient instructed to take the medication twice daily for 10 days.,2
117,days.,3.78,4.06,0.2799999999999998,the patient instructed to take the medication twice daily for 10 days.,2
1122,Econ,0.0,0.38,0.38,Econ contemplated he should pursue a career in medicine or law.,2
1122,contemplated,0.38,1.1,0.7200000000000001,Econ contemplated he should pursue a career in medicine or law.,2
1122,he,1.1,1.3,0.19999999999999996,Econ contemplated he should pursue a career in medicine or law.,2
1122,should,1.3,1.54,0.24,Econ contemplated he should pursue a career in medicine or law.,2
1122,pursue,1.54,1.88,0.33999999999999986,Econ contemplated he should pursue a career in medicine or law.,2
1122,a,1.88,2.1,0.2200000000000002,Econ contemplated he should pursue a career in medicine or law.,2
1122,career,2.1,2.54,0.43999999999999995,Econ contemplated he should pursue a career in medicine or law.,2
1122,in,2.54,2.78,0.23999999999999977,Econ contemplated he should pursue a career in medicine or law.,2
1122,medicine,2.78,3.26,0.48,Econ contemplated he should pursue a career in medicine or law.,2
1122,or,3.26,3.74,0.4800000000000004,Econ contemplated he should pursue a career in medicine or law.,2
1122,law.,3.74,4.04,0.2999999999999998,Econ contemplated he should pursue a career in medicine or law.,2
1088,The,0.0,0.12,0.12,"The teachers explained the concept, the students still didn't understand.",2
1088,teachers,0.12,0.54,0.42000000000000004,"The teachers explained the concept, the students still didn't understand.",2
1088,explained,0.54,1.08,0.54,"The teachers explained the concept, the students still didn't understand.",2
1088,the,1.08,1.34,0.26,"The teachers explained the concept, the students still didn't understand.",2
1088,"concept,",1.34,1.88,0.5399999999999998,"The teachers explained the concept, the students still didn't understand.",2
1088,the,2.3,2.38,0.08000000000000007,"The teachers explained the concept, the students still didn't understand.",2
1088,students,2.38,2.76,0.3799999999999999,"The teachers explained the concept, the students still didn't understand.",2
1088,still,2.76,3.18,0.4200000000000004,"The teachers explained the concept, the students still didn't understand.",2
1088,didn't,3.18,3.62,0.43999999999999995,"The teachers explained the concept, the students still didn't understand.",2
1088,understand.,3.62,4.16,0.54,"The teachers explained the concept, the students still didn't understand.",2
1114,The,0.0,0.12,0.12,The professor explained the experiment results were inconclusive.,2
1114,professor,0.12,0.78,0.66,The professor explained the experiment results were inconclusive.,2
1114,explained,0.78,1.56,0.78,The professor explained the experiment results were inconclusive.,2
1114,the,1.56,1.84,0.28,The professor explained the experiment results were inconclusive.,2
1114,experiment,1.84,2.46,0.6199999999999999,The professor explained the experiment results were inconclusive.,2
1114,results,2.46,3.2,0.7400000000000002,The professor explained the experiment results were inconclusive.,2
1114,were,3.2,3.74,0.54,The professor explained the experiment results were inconclusive.,2
1114,inconclusive.,3.74,4.62,0.8799999999999999,The professor explained the experiment results were inconclusive.,2
121,The,0.0,0.14,0.14,The committee evaluating the proposals and will announce the winners next month.,2
121,committee,0.14,0.48,0.33999999999999997,The committee evaluating the proposals and will announce the winners next month.,2
121,evaluating,0.48,1.24,0.76,The committee evaluating the proposals and will announce the winners next month.,2
121,the,1.24,1.6,0.3600000000000001,The committee evaluating the proposals and will announce the winners next month.,2
121,proposals,1.6,2.08,0.48,The committee evaluating the proposals and will announce the winners next month.,2
121,and,2.08,2.42,0.33999999999999986,The committee evaluating the proposals and will announce the winners next month.,2
121,will,2.42,2.56,0.14000000000000012,The committee evaluating the proposals and will announce the winners next month.,2
121,announce,2.56,2.96,0.3999999999999999,The committee evaluating the proposals and will announce the winners next month.,2
121,the,2.96,3.26,0.2999999999999998,The committee evaluating the proposals and will announce the winners next month.,2
121,winners,3.26,3.48,0.2200000000000002,The committee evaluating the proposals and will announce the winners next month.,2
121,next,3.48,3.78,0.2999999999999998,The committee evaluating the proposals and will announce the winners next month.,2
121,month.,3.78,4.08,0.30000000000000027,The committee evaluating the proposals and will announce the winners next month.,2
1006,The,0.0,0.1,0.1,The company is offering referral bonus to employees who recommend successful job candidates.,2
1006,company,0.1,0.42,0.31999999999999995,The company is offering referral bonus to employees who recommend successful job candidates.,2
1006,is,0.42,0.66,0.24000000000000005,The company is offering referral bonus to employees who recommend successful job candidates.,2
1006,offering,0.66,0.98,0.31999999999999995,The company is offering referral bonus to employees who recommend successful job candidates.,2
1006,referral,0.98,1.3,0.32000000000000006,The company is offering referral bonus to employees who recommend successful job candidates.,2
1006,bonus,1.3,1.66,0.3599999999999999,The company is offering referral bonus to employees who recommend successful job candidates.,2
1006,to,1.66,1.88,0.21999999999999997,The company is offering referral bonus to employees who recommend successful job candidates.,2
1006,employees,1.88,2.3,0.41999999999999993,The company is offering referral bonus to employees who recommend successful job candidates.,2
1006,who,2.3,2.54,0.2400000000000002,The company is offering referral bonus to employees who recommend successful job candidates.,2
1006,recommend,2.54,2.92,0.3799999999999999,The company is offering referral bonus to employees who recommend successful job candidates.,2
1006,successful,2.92,3.58,0.6600000000000001,The company is offering referral bonus to employees who recommend successful job candidates.,2
1006,job,3.58,3.92,0.33999999999999986,The company is offering referral bonus to employees who recommend successful job candidates.,2
1006,candidates.,3.92,4.46,0.54,The company is offering referral bonus to employees who recommend successful job candidates.,2
1138,The,0.0,0.14,0.14,The new policy adopted by the Board of Directors last quarter.,2
1138,new,0.14,0.28,0.14,The new policy adopted by the Board of Directors last quarter.,2
1138,policy,0.28,0.64,0.36,The new policy adopted by the Board of Directors last quarter.,2
1138,adopted,0.64,1.12,0.4800000000000001,The new policy adopted by the Board of Directors last quarter.,2
1138,by,1.12,1.36,0.24,The new policy adopted by the Board of Directors last quarter.,2
1138,the,1.36,1.48,0.11999999999999988,The new policy adopted by the Board of Directors last quarter.,2
1138,Board,1.48,1.68,0.19999999999999996,The new policy adopted by the Board of Directors last quarter.,2
1138,of,1.68,1.8,0.1200000000000001,The new policy adopted by the Board of Directors last quarter.,2
1138,Directors,1.8,2.26,0.45999999999999974,The new policy adopted by the Board of Directors last quarter.,2
1138,last,2.26,2.48,0.2200000000000002,The new policy adopted by the Board of Directors last quarter.,2
1138,quarter.,2.48,2.98,0.5,The new policy adopted by the Board of Directors last quarter.,2
1180,The,0.0,0.1,0.1,The project team working on the new design for the company website.,2
1180,project,0.1,0.4,0.30000000000000004,The project team working on the new design for the company website.,2
1180,team,0.4,0.7,0.29999999999999993,The project team working on the new design for the company website.,2
1180,working,0.7,1.08,0.3800000000000001,The project team working on the new design for the company website.,2
1180,on,1.08,1.26,0.17999999999999994,The project team working on the new design for the company website.,2
1180,the,1.26,1.4,0.1399999999999999,The project team working on the new design for the company website.,2
1180,new,1.4,1.54,0.14000000000000012,The project team working on the new design for the company website.,2
1180,design,1.54,1.98,0.43999999999999995,The project team working on the new design for the company website.,2
1180,for,1.98,2.28,0.2999999999999998,The project team working on the new design for the company website.,2
1180,the,2.28,2.4,0.1200000000000001,The project team working on the new design for the company website.,2
1180,company,2.4,2.7,0.30000000000000027,The project team working on the new design for the company website.,2
1180,website.,2.7,3.28,0.5799999999999996,The project team working on the new design for the company website.,2
1196,The,0.0,0.1,0.1,The concept be consoled if the weather conditions worsen.,2
1196,concept,0.1,0.42,0.31999999999999995,The concept be consoled if the weather conditions worsen.,2
1196,be,0.42,0.58,0.15999999999999998,The concept be consoled if the weather conditions worsen.,2
1196,consoled,0.58,1.08,0.5000000000000001,The concept be consoled if the weather conditions worsen.,2
1196,if,1.08,1.2,0.11999999999999988,The concept be consoled if the weather conditions worsen.,2
1196,the,1.2,1.3,0.10000000000000009,The concept be consoled if the weather conditions worsen.,2
1196,weather,1.3,1.54,0.24,The concept be consoled if the weather conditions worsen.,2
1196,conditions,1.54,2.02,0.48,The concept be consoled if the weather conditions worsen.,2
1196,worsen.,2.02,2.68,0.6600000000000001,The concept be consoled if the weather conditions worsen.,2
1085,they,0.0,0.14,0.14,they were discussing to go to the beach or the mountains.,2
1085,were,0.14,0.24,0.09999999999999998,they were discussing to go to the beach or the mountains.,2
1085,discussing,0.24,0.76,0.52,they were discussing to go to the beach or the mountains.,2
1085,to,0.76,1.04,0.28,they were discussing to go to the beach or the mountains.,2
1085,go,1.04,1.22,0.17999999999999994,they were discussing to go to the beach or the mountains.,2
1085,to,1.22,1.42,0.19999999999999996,they were discussing to go to the beach or the mountains.,2
1085,the,1.42,1.52,0.10000000000000009,they were discussing to go to the beach or the mountains.,2
1085,beach,1.52,1.88,0.3599999999999999,they were discussing to go to the beach or the mountains.,2
1085,or,1.88,2.04,0.16000000000000014,they were discussing to go to the beach or the mountains.,2
1085,the,2.04,2.14,0.10000000000000009,they were discussing to go to the beach or the mountains.,2
1085,mountains.,2.14,2.52,0.3799999999999999,they were discussing to go to the beach or the mountains.,2
1206,The,0.0,0.12,0.12,The committee decided the proposal needed further revision before approval.,2
1206,committee,0.12,0.38,0.26,The committee decided the proposal needed further revision before approval.,2
1206,decided,0.38,0.82,0.43999999999999995,The committee decided the proposal needed further revision before approval.,2
1206,the,0.82,1.04,0.22000000000000008,The committee decided the proposal needed further revision before approval.,2
1206,proposal,1.04,1.42,0.3799999999999999,The committee decided the proposal needed further revision before approval.,2
1206,needed,1.42,1.78,0.3600000000000001,The committee decided the proposal needed further revision before approval.,2
1206,further,1.78,2.12,0.3400000000000001,The committee decided the proposal needed further revision before approval.,2
1206,revision,2.12,2.46,0.33999999999999986,The committee decided the proposal needed further revision before approval.,2
1206,before,2.46,2.84,0.3799999999999999,The committee decided the proposal needed further revision before approval.,2
1206,approval.,2.84,3.26,0.41999999999999993,The committee decided the proposal needed further revision before approval.,2
1178,The,0.0,0.12,0.12,The experiment results suggest the hypothesis may need to be revised.,2
1178,experiment,0.12,0.7,0.58,The experiment results suggest the hypothesis may need to be revised.,2
1178,results,0.7,1.12,0.42000000000000015,The experiment results suggest the hypothesis may need to be revised.,2
1178,suggest,1.12,1.72,0.5999999999999999,The experiment results suggest the hypothesis may need to be revised.,2
1178,the,1.72,2.04,0.32000000000000006,The experiment results suggest the hypothesis may need to be revised.,2
1178,hypothesis,2.04,2.7,0.6600000000000001,The experiment results suggest the hypothesis may need to be revised.,2
1178,may,2.7,3.22,0.52,The experiment results suggest the hypothesis may need to be revised.,2
1178,need,3.22,3.48,0.2599999999999998,The experiment results suggest the hypothesis may need to be revised.,2
1178,to,3.48,3.66,0.18000000000000016,The experiment results suggest the hypothesis may need to be revised.,2
1178,be,3.66,3.84,0.17999999999999972,The experiment results suggest the hypothesis may need to be revised.,2
1178,revised.,3.84,4.36,0.5200000000000005,The experiment results suggest the hypothesis may need to be revised.,2
1181,She's,0.0,0.3,0.3,She's studying for her final exams for the past three weeks.,2
1181,studying,0.3,0.68,0.38000000000000006,She's studying for her final exams for the past three weeks.,2
1181,for,0.68,0.92,0.24,She's studying for her final exams for the past three weeks.,2
1181,her,0.92,1.06,0.14,She's studying for her final exams for the past three weeks.,2
1181,final,1.06,1.38,0.31999999999999984,She's studying for her final exams for the past three weeks.,2
1181,exams,1.38,1.88,0.5,She's studying for her final exams for the past three weeks.,2
1181,for,1.88,2.18,0.30000000000000027,She's studying for her final exams for the past three weeks.,2
1181,the,2.18,2.3,0.11999999999999966,She's studying for her final exams for the past three weeks.,2
1181,past,2.3,2.58,0.28000000000000025,She's studying for her final exams for the past three weeks.,2
1181,three,2.58,2.98,0.3999999999999999,She's studying for her final exams for the past three weeks.,2
1181,weeks.,2.98,3.32,0.33999999999999986,She's studying for her final exams for the past three weeks.,2
120,If,0.0,0.2,0.2,"If you had invested in that stock last year, you have seen significant returns.",2
120,you,0.2,0.3,0.09999999999999998,"If you had invested in that stock last year, you have seen significant returns.",2
120,had,0.3,0.46,0.16000000000000003,"If you had invested in that stock last year, you have seen significant returns.",2
120,invested,0.46,0.9,0.44,"If you had invested in that stock last year, you have seen significant returns.",2
120,in,0.9,1.14,0.23999999999999988,"If you had invested in that stock last year, you have seen significant returns.",2
120,that,1.14,1.28,0.14000000000000012,"If you had invested in that stock last year, you have seen significant returns.",2
120,stock,1.28,1.56,0.28,"If you had invested in that stock last year, you have seen significant returns.",2
120,last,1.56,1.92,0.3599999999999999,"If you had invested in that stock last year, you have seen significant returns.",2
120,"year,",1.92,2.3,0.3799999999999999,"If you had invested in that stock last year, you have seen significant returns.",2
120,you,2.56,2.7,0.14000000000000012,"If you had invested in that stock last year, you have seen significant returns.",2
120,have,2.7,2.84,0.13999999999999968,"If you had invested in that stock last year, you have seen significant returns.",2
120,seen,2.84,3.08,0.2400000000000002,"If you had invested in that stock last year, you have seen significant returns.",2
120,significant,3.08,3.7,0.6200000000000001,"If you had invested in that stock last year, you have seen significant returns.",2
120,returns.,3.7,4.6,0.8999999999999995,"If you had invested in that stock last year, you have seen significant returns.",2
1050,We,0.0,0.12,0.12,We need to find a solution to this problem before it escalates into a major crisis.,2
1050,need,0.12,0.22,0.1,We need to find a solution to this problem before it escalates into a major crisis.,2
1050,to,0.22,0.36,0.13999999999999999,We need to find a solution to this problem before it escalates into a major crisis.,2
1050,find,0.36,0.6,0.24,We need to find a solution to this problem before it escalates into a major crisis.,2
1050,a,0.6,0.86,0.26,We need to find a solution to this problem before it escalates into a major crisis.,2
1050,solution,0.86,1.06,0.20000000000000007,We need to find a solution to this problem before it escalates into a major crisis.,2
1050,to,1.06,1.26,0.19999999999999996,We need to find a solution to this problem before it escalates into a major crisis.,2
1050,this,1.26,1.4,0.1399999999999999,We need to find a solution to this problem before it escalates into a major crisis.,2
1050,problem,1.4,1.76,0.3600000000000001,We need to find a solution to this problem before it escalates into a major crisis.,2
1050,before,1.76,2.08,0.32000000000000006,We need to find a solution to this problem before it escalates into a major crisis.,2
1050,it,2.08,2.26,0.17999999999999972,We need to find a solution to this problem before it escalates into a major crisis.,2
1050,escalates,2.26,2.78,0.52,We need to find a solution to this problem before it escalates into a major crisis.,2
1050,into,2.78,2.96,0.18000000000000016,We need to find a solution to this problem before it escalates into a major crisis.,2
1050,a,2.96,3.08,0.1200000000000001,We need to find a solution to this problem before it escalates into a major crisis.,2
1050,major,3.08,3.32,0.23999999999999977,We need to find a solution to this problem before it escalates into a major crisis.,2
1050,crisis.,3.32,3.74,0.4200000000000004,We need to find a solution to this problem before it escalates into a major crisis.,2
1103,We,0.0,0.12,0.12,We need to submit report by the end of this week.,2
1103,need,0.12,0.26,0.14,We need to submit report by the end of this week.,2
1103,to,0.26,0.4,0.14,We need to submit report by the end of this week.,2
1103,submit,0.4,0.62,0.21999999999999997,We need to submit report by the end of this week.,2
1103,report,0.62,0.96,0.33999999999999997,We need to submit report by the end of this week.,2
1103,by,0.96,1.18,0.21999999999999997,We need to submit report by the end of this week.,2
1103,the,1.18,1.32,0.14000000000000012,We need to submit report by the end of this week.,2
1103,end,1.32,1.54,0.21999999999999997,We need to submit report by the end of this week.,2
1103,of,1.54,1.68,0.1399999999999999,We need to submit report by the end of this week.,2
1103,this,1.68,1.88,0.19999999999999996,We need to submit report by the end of this week.,2
1103,week.,1.88,2.14,0.26000000000000023,We need to submit report by the end of this week.,2
116,both,0.0,0.28,0.28,"both the fine and department, the human resources team contributed to the policy revision.",2
116,the,0.28,0.4,0.12,"both the fine and department, the human resources team contributed to the policy revision.",2
116,fine,0.4,0.72,0.31999999999999995,"both the fine and department, the human resources team contributed to the policy revision.",2
116,and,0.72,0.84,0.12,"both the fine and department, the human resources team contributed to the policy revision.",2
116,"department,",0.84,1.34,0.5000000000000001,"both the fine and department, the human resources team contributed to the policy revision.",2
116,the,1.52,1.56,0.040000000000000036,"both the fine and department, the human resources team contributed to the policy revision.",2
116,human,1.56,1.76,0.19999999999999996,"both the fine and department, the human resources team contributed to the policy revision.",2
116,resources,1.76,2.26,0.4999999999999998,"both the fine and department, the human resources team contributed to the policy revision.",2
116,team,2.26,2.64,0.38000000000000034,"both the fine and department, the human resources team contributed to the policy revision.",2
116,contributed,2.64,3.22,0.5800000000000001,"both the fine and department, the human resources team contributed to the policy revision.",2
116,to,3.22,3.5,0.2799999999999998,"both the fine and department, the human resources team contributed to the policy revision.",2
116,the,3.5,3.6,0.10000000000000009,"both the fine and department, the human resources team contributed to the policy revision.",2
116,policy,3.6,4.04,0.43999999999999995,"both the fine and department, the human resources team contributed to the policy revision.",2
116,revision.,4.04,4.52,0.47999999999999954,"both the fine and department, the human resources team contributed to the policy revision.",2
1123,The,0.0,0.12,0.12,The new security measures implemented by the Department last week.,2
1123,new,0.12,0.3,0.18,The new security measures implemented by the Department last week.,2
1123,security,0.3,0.98,0.6799999999999999,The new security measures implemented by the Department last week.,2
1123,measures,0.98,1.28,0.30000000000000004,The new security measures implemented by the Department last week.,2
1123,implemented,1.28,1.88,0.5999999999999999,The new security measures implemented by the Department last week.,2
1123,by,1.88,2.22,0.3400000000000003,The new security measures implemented by the Department last week.,2
1123,the,2.22,2.36,0.13999999999999968,The new security measures implemented by the Department last week.,2
1123,Department,2.36,2.76,0.3999999999999999,The new security measures implemented by the Department last week.,2
1123,last,2.76,3.12,0.3600000000000003,The new security measures implemented by the Department last week.,2
1123,week.,3.12,3.46,0.33999999999999986,The new security measures implemented by the Department last week.,2
1174,He,0.0,0.14,0.14,He asked I had seen the latest episode of the popular TV series.,2
1174,asked,0.14,0.42,0.27999999999999997,He asked I had seen the latest episode of the popular TV series.,2
1174,I,0.42,0.62,0.2,He asked I had seen the latest episode of the popular TV series.,2
1174,had,0.62,0.84,0.21999999999999997,He asked I had seen the latest episode of the popular TV series.,2
1174,seen,0.84,1.1,0.2600000000000001,He asked I had seen the latest episode of the popular TV series.,2
1174,the,1.1,1.32,0.21999999999999997,He asked I had seen the latest episode of the popular TV series.,2
1174,latest,1.32,1.62,0.30000000000000004,He asked I had seen the latest episode of the popular TV series.,2
1174,episode,1.62,2.18,0.56,He asked I had seen the latest episode of the popular TV series.,2
1174,of,2.18,2.34,0.1599999999999997,He asked I had seen the latest episode of the popular TV series.,2
1174,the,2.34,2.42,0.08000000000000007,He asked I had seen the latest episode of the popular TV series.,2
1174,popular,2.42,2.86,0.43999999999999995,He asked I had seen the latest episode of the popular TV series.,2
1174,TV,2.86,3.24,0.38000000000000034,He asked I had seen the latest episode of the popular TV series.,2
1174,series.,3.24,3.86,0.6199999999999997,He asked I had seen the latest episode of the popular TV series.,2
1027,We,0.0,0.12,0.12,We need to find solution to this problem before it gets out to FAND.,2
1027,need,0.12,0.22,0.1,We need to find solution to this problem before it gets out to FAND.,2
1027,to,0.22,0.38,0.16,We need to find solution to this problem before it gets out to FAND.,2
1027,find,0.38,0.58,0.19999999999999996,We need to find solution to this problem before it gets out to FAND.,2
1027,solution,0.58,1.04,0.4600000000000001,We need to find solution to this problem before it gets out to FAND.,2
1027,to,1.04,1.32,0.28,We need to find solution to this problem before it gets out to FAND.,2
1027,this,1.32,1.48,0.15999999999999992,We need to find solution to this problem before it gets out to FAND.,2
1027,problem,1.48,1.84,0.3600000000000001,We need to find solution to this problem before it gets out to FAND.,2
1027,before,1.84,2.2,0.3600000000000001,We need to find solution to this problem before it gets out to FAND.,2
1027,it,2.2,2.42,0.21999999999999975,We need to find solution to this problem before it gets out to FAND.,2
1027,gets,2.42,2.58,0.16000000000000014,We need to find solution to this problem before it gets out to FAND.,2
1027,out,2.58,2.8,0.21999999999999975,We need to find solution to this problem before it gets out to FAND.,2
1027,to,2.8,2.94,0.14000000000000012,We need to find solution to this problem before it gets out to FAND.,2
1027,FAND.,2.94,3.28,0.33999999999999986,We need to find solution to this problem before it gets out to FAND.,2
1162,He,0.0,0.12,0.12,He considered the potential impact of artificial intelligence on job markets.,2
1162,considered,0.12,0.66,0.54,He considered the potential impact of artificial intelligence on job markets.,2
1162,the,0.66,0.86,0.19999999999999996,He considered the potential impact of artificial intelligence on job markets.,2
1162,potential,0.86,1.3,0.44000000000000006,He considered the potential impact of artificial intelligence on job markets.,2
1162,impact,1.3,1.78,0.48,He considered the potential impact of artificial intelligence on job markets.,2
1162,of,1.78,2.06,0.28,He considered the potential impact of artificial intelligence on job markets.,2
1162,artificial,2.06,2.58,0.52,He considered the potential impact of artificial intelligence on job markets.,2
1162,intelligence,2.58,3.5,0.9199999999999999,He considered the potential impact of artificial intelligence on job markets.,2
1162,on,3.5,3.94,0.43999999999999995,He considered the potential impact of artificial intelligence on job markets.,2
1162,job,3.94,4.16,0.2200000000000002,He considered the potential impact of artificial intelligence on job markets.,2
1162,markets.,4.16,4.58,0.41999999999999993,He considered the potential impact of artificial intelligence on job markets.,2
1135,They're,0.0,0.24,0.24,They're planning this trip for every year now.,2
1135,planning,0.24,0.46,0.22000000000000003,They're planning this trip for every year now.,2
1135,this,0.46,0.74,0.27999999999999997,They're planning this trip for every year now.,2
1135,trip,0.74,0.96,0.21999999999999997,They're planning this trip for every year now.,2
1135,for,0.96,1.16,0.19999999999999996,They're planning this trip for every year now.,2
1135,every,1.16,1.42,0.26,They're planning this trip for every year now.,2
1135,year,1.42,1.76,0.3400000000000001,They're planning this trip for every year now.,2
1135,now.,1.76,2.02,0.26,They're planning this trip for every year now.,2
1230,The,0.0,0.08,0.08,The research team discovered a potential cure for the red disease.,2
1230,research,0.08,0.3,0.21999999999999997,The research team discovered a potential cure for the red disease.,2
1230,team,0.3,0.62,0.32,The research team discovered a potential cure for the red disease.,2
1230,discovered,0.62,1.06,0.44000000000000006,The research team discovered a potential cure for the red disease.,2
1230,a,1.06,1.2,0.1399999999999999,The research team discovered a potential cure for the red disease.,2
1230,potential,1.2,1.44,0.24,The research team discovered a potential cure for the red disease.,2
1230,cure,1.44,1.82,0.3800000000000001,The research team discovered a potential cure for the red disease.,2
1230,for,1.82,1.98,0.15999999999999992,The research team discovered a potential cure for the red disease.,2
1230,the,1.98,2.08,0.10000000000000009,The research team discovered a potential cure for the red disease.,2
1230,red,2.08,2.22,0.14000000000000012,The research team discovered a potential cure for the red disease.,2
1230,disease.,2.22,2.56,0.33999999999999986,The research team discovered a potential cure for the red disease.,2
1226,The,0.0,0.14,0.14,The software update released all users next month.,2
1226,software,0.14,0.5,0.36,The software update released all users next month.,2
1226,update,0.5,0.92,0.42000000000000004,The software update released all users next month.,2
1226,released,0.92,1.38,0.45999999999999985,The software update released all users next month.,2
1226,all,1.38,1.74,0.3600000000000001,The software update released all users next month.,2
1226,users,1.74,2.1,0.3600000000000001,The software update released all users next month.,2
1226,next,2.1,2.54,0.43999999999999995,The software update released all users next month.,2
1226,month.,2.54,2.92,0.3799999999999999,The software update released all users next month.,2
1158,She,0.0,0.2,0.2,She leans the world and caught her breath after the long run.,2
1158,leans,0.2,0.62,0.42,She leans the world and caught her breath after the long run.,2
1158,the,0.62,0.94,0.31999999999999995,She leans the world and caught her breath after the long run.,2
1158,world,0.94,1.22,0.28,She leans the world and caught her breath after the long run.,2
1158,and,1.22,1.46,0.24,She leans the world and caught her breath after the long run.,2
1158,caught,1.46,1.72,0.26,She leans the world and caught her breath after the long run.,2
1158,her,1.72,2.0,0.28,She leans the world and caught her breath after the long run.,2
1158,breath,2.0,2.3,0.2999999999999998,She leans the world and caught her breath after the long run.,2
1158,after,2.3,2.84,0.54,She leans the world and caught her breath after the long run.,2
1158,the,2.84,2.98,0.14000000000000012,She leans the world and caught her breath after the long run.,2
1158,long,2.98,3.26,0.2799999999999998,She leans the world and caught her breath after the long run.,2
1158,run.,3.26,3.6,0.3400000000000003,She leans the world and caught her breath after the long run.,2
10019,The,0.0,0.14,0.14,"The latest electric car model Bose arranged that, that exceeds 300 miles on a single charge.",0
10019,latest,0.14,0.54,0.4,"The latest electric car model Bose arranged that, that exceeds 300 miles on a single charge.",0
10019,electric,0.54,1.14,0.5999999999999999,"The latest electric car model Bose arranged that, that exceeds 300 miles on a single charge.",0
10019,car,1.14,1.52,0.3800000000000001,"The latest electric car model Bose arranged that, that exceeds 300 miles on a single charge.",0
10019,model,1.52,1.84,0.32000000000000006,"The latest electric car model Bose arranged that, that exceeds 300 miles on a single charge.",0
10019,Bose,1.84,2.2,0.3600000000000001,"The latest electric car model Bose arranged that, that exceeds 300 miles on a single charge.",0
10019,arranged,2.2,2.68,0.48,"The latest electric car model Bose arranged that, that exceeds 300 miles on a single charge.",0
10019,"that,",2.68,3.04,0.3599999999999999,"The latest electric car model Bose arranged that, that exceeds 300 miles on a single charge.",0
10019,that,3.22,3.36,0.13999999999999968,"The latest electric car model Bose arranged that, that exceeds 300 miles on a single charge.",0
10019,exceeds,3.36,3.74,0.38000000000000034,"The latest electric car model Bose arranged that, that exceeds 300 miles on a single charge.",0
10019,300,3.74,4.64,0.8999999999999995,"The latest electric car model Bose arranged that, that exceeds 300 miles on a single charge.",0
10019,miles,4.64,5.02,0.3799999999999999,"The latest electric car model Bose arranged that, that exceeds 300 miles on a single charge.",0
10019,on,5.02,5.32,0.3000000000000007,"The latest electric car model Bose arranged that, that exceeds 300 miles on a single charge.",0
10019,a,5.32,5.44,0.1200000000000001,"The latest electric car model Bose arranged that, that exceeds 300 miles on a single charge.",0
10019,single,5.44,5.76,0.3199999999999994,"The latest electric car model Bose arranged that, that exceeds 300 miles on a single charge.",0
10019,charge.,5.76,6.22,0.45999999999999996,"The latest electric car model Bose arranged that, that exceeds 300 miles on a single charge.",0
10058,The,0.0,0.12,0.12,The new smartphone features a larger screen and improved battery life.,0
10058,new,0.12,0.28,0.16000000000000003,The new smartphone features a larger screen and improved battery life.,0
10058,smartphone,0.28,0.82,0.5399999999999999,The new smartphone features a larger screen and improved battery life.,0
10058,features,0.82,1.42,0.6,The new smartphone features a larger screen and improved battery life.,0
10058,a,1.42,1.74,0.32000000000000006,The new smartphone features a larger screen and improved battery life.,0
10058,larger,1.74,2.0,0.26,The new smartphone features a larger screen and improved battery life.,0
10058,screen,2.0,2.4,0.3999999999999999,The new smartphone features a larger screen and improved battery life.,0
10058,and,2.4,2.56,0.16000000000000014,The new smartphone features a larger screen and improved battery life.,0
10058,improved,2.56,3.22,0.6600000000000001,The new smartphone features a larger screen and improved battery life.,0
10058,battery,3.22,4.14,0.9199999999999995,The new smartphone features a larger screen and improved battery life.,0
10058,life.,4.14,4.76,0.6200000000000001,The new smartphone features a larger screen and improved battery life.,0
10074,How,0.0,0.16,0.16,How do you think technological advancements will shape the job market in the coming decades?,0
10074,do,0.16,0.32,0.16,How do you think technological advancements will shape the job market in the coming decades?,0
10074,you,0.32,0.4,0.08000000000000002,How do you think technological advancements will shape the job market in the coming decades?,0
10074,think,0.4,0.58,0.17999999999999994,How do you think technological advancements will shape the job market in the coming decades?,0
10074,technological,0.58,1.18,0.6,How do you think technological advancements will shape the job market in the coming decades?,0
10074,advancements,1.18,2.14,0.9600000000000002,How do you think technological advancements will shape the job market in the coming decades?,0
10074,will,2.14,2.26,0.11999999999999966,How do you think technological advancements will shape the job market in the coming decades?,0
10074,shape,2.26,2.58,0.3200000000000003,How do you think technological advancements will shape the job market in the coming decades?,0
10074,the,2.58,2.9,0.31999999999999984,How do you think technological advancements will shape the job market in the coming decades?,0
10074,job,2.9,3.34,0.43999999999999995,How do you think technological advancements will shape the job market in the coming decades?,0
10074,market,3.34,3.76,0.41999999999999993,How do you think technological advancements will shape the job market in the coming decades?,0
10074,in,3.76,3.96,0.20000000000000018,How do you think technological advancements will shape the job market in the coming decades?,0
10074,the,3.96,4.08,0.1200000000000001,How do you think technological advancements will shape the job market in the coming decades?,0
10074,coming,4.08,4.38,0.2999999999999998,How do you think technological advancements will shape the job market in the coming decades?,0
10074,decades?,4.38,4.9,0.5200000000000005,How do you think technological advancements will shape the job market in the coming decades?,0
10062,By,0.0,0.16,0.16,"By optimizing our supplied chain, we can reduce costs and improve delivery, delivery times significantly.",0
10062,optimizing,0.16,0.9,0.74,"By optimizing our supplied chain, we can reduce costs and improve delivery, delivery times significantly.",0
10062,our,0.9,1.16,0.2599999999999999,"By optimizing our supplied chain, we can reduce costs and improve delivery, delivery times significantly.",0
10062,supplied,1.16,1.56,0.40000000000000013,"By optimizing our supplied chain, we can reduce costs and improve delivery, delivery times significantly.",0
10062,"chain,",1.56,2.0,0.43999999999999995,"By optimizing our supplied chain, we can reduce costs and improve delivery, delivery times significantly.",0
10062,we,2.22,2.3,0.07999999999999963,"By optimizing our supplied chain, we can reduce costs and improve delivery, delivery times significantly.",0
10062,can,2.3,2.46,0.16000000000000014,"By optimizing our supplied chain, we can reduce costs and improve delivery, delivery times significantly.",0
10062,reduce,2.46,2.78,0.31999999999999984,"By optimizing our supplied chain, we can reduce costs and improve delivery, delivery times significantly.",0
10062,costs,2.78,3.16,0.38000000000000034,"By optimizing our supplied chain, we can reduce costs and improve delivery, delivery times significantly.",0
10062,and,3.16,3.4,0.23999999999999977,"By optimizing our supplied chain, we can reduce costs and improve delivery, delivery times significantly.",0
10062,improve,3.4,3.76,0.3599999999999999,"By optimizing our supplied chain, we can reduce costs and improve delivery, delivery times significantly.",0
10062,"delivery,",3.76,4.38,0.6200000000000001,"By optimizing our supplied chain, we can reduce costs and improve delivery, delivery times significantly.",0
10062,delivery,4.68,5.1,0.41999999999999993,"By optimizing our supplied chain, we can reduce costs and improve delivery, delivery times significantly.",0
10062,times,5.1,5.6,0.5,"By optimizing our supplied chain, we can reduce costs and improve delivery, delivery times significantly.",0
10062,significantly.,5.6,6.32,0.7200000000000006,"By optimizing our supplied chain, we can reduce costs and improve delivery, delivery times significantly.",0
10146,If,0.0,0.2,0.2,"If we implement these process improvements, we should see a notable increase in efficiency.",0
10146,we,0.2,0.28,0.08000000000000002,"If we implement these process improvements, we should see a notable increase in efficiency.",0
10146,implement,0.28,0.58,0.29999999999999993,"If we implement these process improvements, we should see a notable increase in efficiency.",0
10146,these,0.58,0.8,0.22000000000000008,"If we implement these process improvements, we should see a notable increase in efficiency.",0
10146,process,0.8,1.2,0.3999999999999999,"If we implement these process improvements, we should see a notable increase in efficiency.",0
10146,"improvements,",1.2,1.72,0.52,"If we implement these process improvements, we should see a notable increase in efficiency.",0
10146,we,2.38,2.66,0.28000000000000025,"If we implement these process improvements, we should see a notable increase in efficiency.",0
10146,should,2.66,2.78,0.11999999999999966,"If we implement these process improvements, we should see a notable increase in efficiency.",0
10146,see,2.78,2.92,0.14000000000000012,"If we implement these process improvements, we should see a notable increase in efficiency.",0
10146,a,2.92,3.0,0.08000000000000007,"If we implement these process improvements, we should see a notable increase in efficiency.",0
10146,notable,3.0,3.36,0.3599999999999999,"If we implement these process improvements, we should see a notable increase in efficiency.",0
10146,increase,3.36,3.8,0.43999999999999995,"If we implement these process improvements, we should see a notable increase in efficiency.",0
10146,in,3.8,4.14,0.33999999999999986,"If we implement these process improvements, we should see a notable increase in efficiency.",0
10146,efficiency.,4.14,4.88,0.7400000000000002,"If we implement these process improvements, we should see a notable increase in efficiency.",0
10306,Please,0.0,0.18,0.18,Please hold while I transfer you to the appropriate department.,0
10306,hold,0.18,0.52,0.34,Please hold while I transfer you to the appropriate department.,0
10306,while,0.52,0.78,0.26,Please hold while I transfer you to the appropriate department.,0
10306,I,0.78,1.06,0.28,Please hold while I transfer you to the appropriate department.,0
10306,transfer,1.06,1.54,0.48,Please hold while I transfer you to the appropriate department.,0
10306,you,1.54,1.8,0.26,Please hold while I transfer you to the appropriate department.,0
10306,to,1.8,1.92,0.11999999999999988,Please hold while I transfer you to the appropriate department.,0
10306,the,1.92,2.26,0.33999999999999986,Please hold while I transfer you to the appropriate department.,0
10306,appropriate,2.26,3.5,1.2400000000000002,Please hold while I transfer you to the appropriate department.,0
10306,department.,3.5,4.12,0.6200000000000001,Please hold while I transfer you to the appropriate department.,0
10078,companies',0.0,0.66,0.66,companies' innovative approach as revolutionized the way we think about sustainable energy.,0
10078,innovative,0.88,1.24,0.36,companies' innovative approach as revolutionized the way we think about sustainable energy.,0
10078,approach,1.24,1.7,0.45999999999999996,companies' innovative approach as revolutionized the way we think about sustainable energy.,0
10078,as,1.7,2.0,0.30000000000000004,companies' innovative approach as revolutionized the way we think about sustainable energy.,0
10078,revolutionized,2.0,2.84,0.8399999999999999,companies' innovative approach as revolutionized the way we think about sustainable energy.,0
10078,the,2.84,3.0,0.16000000000000014,companies' innovative approach as revolutionized the way we think about sustainable energy.,0
10078,way,3.0,3.16,0.16000000000000014,companies' innovative approach as revolutionized the way we think about sustainable energy.,0
10078,we,3.16,3.38,0.21999999999999975,companies' innovative approach as revolutionized the way we think about sustainable energy.,0
10078,think,3.38,3.84,0.45999999999999996,companies' innovative approach as revolutionized the way we think about sustainable energy.,0
10078,about,3.84,4.24,0.40000000000000036,companies' innovative approach as revolutionized the way we think about sustainable energy.,0
10078,sustainable,4.24,4.96,0.7199999999999998,companies' innovative approach as revolutionized the way we think about sustainable energy.,0
10078,energy.,4.96,5.56,0.5999999999999996,companies' innovative approach as revolutionized the way we think about sustainable energy.,0
10202,What,0.0,0.24,0.24,"What impact do you think artificial, artificial intelligence will have on job markets in the future?",0
10202,impact,0.24,0.64,0.4,"What impact do you think artificial, artificial intelligence will have on job markets in the future?",0
10202,do,0.64,1.02,0.38,"What impact do you think artificial, artificial intelligence will have on job markets in the future?",0
10202,you,1.02,1.12,0.10000000000000009,"What impact do you think artificial, artificial intelligence will have on job markets in the future?",0
10202,think,1.12,1.4,0.2799999999999998,"What impact do you think artificial, artificial intelligence will have on job markets in the future?",0
10202,"artificial,",1.4,2.16,0.7600000000000002,"What impact do you think artificial, artificial intelligence will have on job markets in the future?",0
10202,artificial,2.44,3.18,0.7400000000000002,"What impact do you think artificial, artificial intelligence will have on job markets in the future?",0
10202,intelligence,3.18,4.04,0.8599999999999999,"What impact do you think artificial, artificial intelligence will have on job markets in the future?",0
10202,will,4.04,4.5,0.45999999999999996,"What impact do you think artificial, artificial intelligence will have on job markets in the future?",0
10202,have,4.5,4.68,0.17999999999999972,"What impact do you think artificial, artificial intelligence will have on job markets in the future?",0
10202,on,4.68,4.88,0.20000000000000018,"What impact do you think artificial, artificial intelligence will have on job markets in the future?",0
10202,job,4.88,5.1,0.21999999999999975,"What impact do you think artificial, artificial intelligence will have on job markets in the future?",0
10202,markets,5.1,5.54,0.4400000000000004,"What impact do you think artificial, artificial intelligence will have on job markets in the future?",0
10202,in,5.54,5.78,0.2400000000000002,"What impact do you think artificial, artificial intelligence will have on job markets in the future?",0
10202,the,5.78,5.86,0.08000000000000007,"What impact do you think artificial, artificial intelligence will have on job markets in the future?",0
10202,future?,5.86,6.2,0.33999999999999986,"What impact do you think artificial, artificial intelligence will have on job markets in the future?",0
10310,Could,0.0,0.16,0.16,Could you please confer tomorrow our reservation for two?,0
10310,you,0.16,0.32,0.16,Could you please confer tomorrow our reservation for two?,0
10310,please,0.32,0.68,0.36000000000000004,Could you please confer tomorrow our reservation for two?,0
10310,confer,0.68,1.06,0.38,Could you please confer tomorrow our reservation for two?,0
10310,tomorrow,1.06,1.52,0.45999999999999996,Could you please confer tomorrow our reservation for two?,0
10310,our,1.52,2.02,0.5,Could you please confer tomorrow our reservation for two?,0
10310,reservation,2.02,2.58,0.56,Could you please confer tomorrow our reservation for two?,0
10310,for,2.58,3.08,0.5,Could you please confer tomorrow our reservation for two?,0
10310,two?,3.08,3.42,0.33999999999999986,Could you please confer tomorrow our reservation for two?,0
1012,They,0.0,0.14,0.14,They will will arrive tomorrow.,0
1012,will,0.14,0.4,0.26,They will will arrive tomorrow.,0
1012,will,0.4,0.7,0.29999999999999993,They will will arrive tomorrow.,0
1012,arrive,0.7,1.0,0.30000000000000004,They will will arrive tomorrow.,0
1012,tomorrow.,1.0,1.36,0.3600000000000001,They will will arrive tomorrow.,0
10039,have,0.0,0.2,0.2,have you considered the potential impact of this policy on small businesses?,0
10039,you,0.2,0.36,0.15999999999999998,have you considered the potential impact of this policy on small businesses?,0
10039,considered,0.36,0.8,0.44000000000000006,have you considered the potential impact of this policy on small businesses?,0
10039,the,0.8,1.02,0.21999999999999997,have you considered the potential impact of this policy on small businesses?,0
10039,potential,1.02,1.52,0.5,have you considered the potential impact of this policy on small businesses?,0
10039,impact,1.52,2.08,0.56,have you considered the potential impact of this policy on small businesses?,0
10039,of,2.08,2.5,0.41999999999999993,have you considered the potential impact of this policy on small businesses?,0
10039,this,2.5,2.94,0.43999999999999995,have you considered the potential impact of this policy on small businesses?,0
10039,policy,2.94,3.6,0.6600000000000001,have you considered the potential impact of this policy on small businesses?,0
10039,on,3.6,3.9,0.2999999999999998,have you considered the potential impact of this policy on small businesses?,0
10039,small,3.9,4.18,0.2799999999999998,have you considered the potential impact of this policy on small businesses?,0
10039,businesses?,4.18,4.72,0.54,have you considered the potential impact of this policy on small businesses?,0
10038,The,0.0,0.14,0.14,"The committee will review all, or proposals before making a final decision.",0
10038,committee,0.14,0.54,0.4,"The committee will review all, or proposals before making a final decision.",0
10038,will,0.54,0.78,0.24,"The committee will review all, or proposals before making a final decision.",0
10038,review,0.78,1.08,0.30000000000000004,"The committee will review all, or proposals before making a final decision.",0
10038,"all,",1.08,1.44,0.3599999999999999,"The committee will review all, or proposals before making a final decision.",0
10038,or,1.84,1.96,0.11999999999999988,"The committee will review all, or proposals before making a final decision.",0
10038,proposals,1.96,2.44,0.48,"The committee will review all, or proposals before making a final decision.",0
10038,before,2.44,2.86,0.41999999999999993,"The committee will review all, or proposals before making a final decision.",0
10038,making,2.86,3.22,0.3600000000000003,"The committee will review all, or proposals before making a final decision.",0
10038,a,3.22,3.4,0.17999999999999972,"The committee will review all, or proposals before making a final decision.",0
10038,final,3.4,3.68,0.28000000000000025,"The committee will review all, or proposals before making a final decision.",0
10038,decision.,3.68,4.18,0.49999999999999956,"The committee will review all, or proposals before making a final decision.",0
10096,How,0.0,0.22,0.22,How can we effectively measure the impact of our marketing campaigns on consumer behavior?,0
10096,can,0.22,0.38,0.16,How can we effectively measure the impact of our marketing campaigns on consumer behavior?,0
10096,we,0.38,0.6,0.21999999999999997,How can we effectively measure the impact of our marketing campaigns on consumer behavior?,0
10096,effectively,0.6,1.0,0.4,How can we effectively measure the impact of our marketing campaigns on consumer behavior?,0
10096,measure,1.0,1.52,0.52,How can we effectively measure the impact of our marketing campaigns on consumer behavior?,0
10096,the,1.52,1.78,0.26,How can we effectively measure the impact of our marketing campaigns on consumer behavior?,0
10096,impact,1.78,2.1,0.32000000000000006,How can we effectively measure the impact of our marketing campaigns on consumer behavior?,0
10096,of,2.1,2.34,0.23999999999999977,How can we effectively measure the impact of our marketing campaigns on consumer behavior?,0
10096,our,2.34,2.44,0.10000000000000009,How can we effectively measure the impact of our marketing campaigns on consumer behavior?,0
10096,marketing,2.44,2.84,0.3999999999999999,How can we effectively measure the impact of our marketing campaigns on consumer behavior?,0
10096,campaigns,2.84,3.38,0.54,How can we effectively measure the impact of our marketing campaigns on consumer behavior?,0
10096,on,3.38,3.9,0.52,How can we effectively measure the impact of our marketing campaigns on consumer behavior?,0
10096,consumer,3.9,4.6,0.6999999999999997,How can we effectively measure the impact of our marketing campaigns on consumer behavior?,0
10096,behavior?,4.6,5.18,0.5800000000000001,How can we effectively measure the impact of our marketing campaigns on consumer behavior?,0
10281,The,0.0,0.1,0.1,The latest software update should resolve this issue.,0
10281,latest,0.1,0.4,0.30000000000000004,The latest software update should resolve this issue.,0
10281,software,0.4,0.96,0.5599999999999999,The latest software update should resolve this issue.,0
10281,update,0.96,1.38,0.41999999999999993,The latest software update should resolve this issue.,0
10281,should,1.38,1.82,0.44000000000000017,The latest software update should resolve this issue.,0
10281,resolve,1.82,2.9,1.0799999999999998,The latest software update should resolve this issue.,0
10281,this,2.9,3.22,0.3200000000000003,The latest software update should resolve this issue.,0
10281,issue.,3.22,3.6,0.3799999999999999,The latest software update should resolve this issue.,0
10151,The,0.0,0.12,0.12,The new safety regulations which aim to reduce workplace accidents will be enforced.,0
10151,new,0.12,0.32,0.2,The new safety regulations which aim to reduce workplace accidents will be enforced.,0
10151,safety,0.32,0.76,0.44,The new safety regulations which aim to reduce workplace accidents will be enforced.,0
10151,regulations,0.76,1.42,0.6599999999999999,The new safety regulations which aim to reduce workplace accidents will be enforced.,0
10151,which,1.42,1.94,0.52,The new safety regulations which aim to reduce workplace accidents will be enforced.,0
10151,aim,1.94,2.18,0.2400000000000002,The new safety regulations which aim to reduce workplace accidents will be enforced.,0
10151,to,2.18,2.32,0.13999999999999968,The new safety regulations which aim to reduce workplace accidents will be enforced.,0
10151,reduce,2.32,2.66,0.3400000000000003,The new safety regulations which aim to reduce workplace accidents will be enforced.,0
10151,workplace,2.66,3.12,0.45999999999999996,The new safety regulations which aim to reduce workplace accidents will be enforced.,0
10151,accidents,3.12,3.68,0.56,The new safety regulations which aim to reduce workplace accidents will be enforced.,0
10151,will,3.68,4.0,0.31999999999999984,The new safety regulations which aim to reduce workplace accidents will be enforced.,0
10151,be,4.0,4.2,0.20000000000000018,The new safety regulations which aim to reduce workplace accidents will be enforced.,0
10151,enforced.,4.2,4.74,0.54,The new safety regulations which aim to reduce workplace accidents will be enforced.,0
10151,Enforced,5.4,6.06,0.6599999999999993,Enforced next month.,0
10151,next,6.06,6.26,0.20000000000000018,Enforced next month.,0
10151,month.,6.26,6.46,0.20000000000000018,Enforced next month.,0
10126,The,0.0,0.12,0.12,The new employee orientation program will be conducted,0
10126,new,0.12,0.3,0.18,The new employee orientation program will be conducted,0
10126,employee,0.3,0.82,0.52,The new employee orientation program will be conducted,0
10126,orientation,0.82,1.46,0.64,The new employee orientation program will be conducted,0
10126,program,1.46,2.22,0.7600000000000002,The new employee orientation program will be conducted,0
10126,will,2.22,2.42,0.19999999999999973,The new employee orientation program will be conducted,0
10126,be,2.42,2.54,0.1200000000000001,The new employee orientation program will be conducted,0
10126,conducted,2.54,3.02,0.48,The new employee orientation program will be conducted,0
10126,virtually,3.02,3.5,0.48,virtually due to current circumstances.,0
10126,due,3.5,3.86,0.3599999999999999,virtually due to current circumstances.,0
10126,to,3.86,4.36,0.5000000000000004,virtually due to current circumstances.,0
10126,current,4.36,4.98,0.6200000000000001,virtually due to current circumstances.,0
10126,circumstances.,4.98,5.92,0.9399999999999995,virtually due to current circumstances.,0
10075,The,0.0,0.12,0.12,The conference will feature keynote speakers from various fields of scientific research.,0
10075,conference,0.12,0.54,0.42000000000000004,The conference will feature keynote speakers from various fields of scientific research.,0
10075,will,0.54,0.8,0.26,The conference will feature keynote speakers from various fields of scientific research.,0
10075,feature,0.8,1.1,0.30000000000000004,The conference will feature keynote speakers from various fields of scientific research.,0
10075,keynote,1.1,1.52,0.41999999999999993,The conference will feature keynote speakers from various fields of scientific research.,0
10075,speakers,1.52,2.02,0.5,The conference will feature keynote speakers from various fields of scientific research.,0
10075,from,2.02,2.28,0.2599999999999998,The conference will feature keynote speakers from various fields of scientific research.,0
10075,various,2.28,2.66,0.38000000000000034,The conference will feature keynote speakers from various fields of scientific research.,0
10075,fields,2.66,3.0,0.33999999999999986,The conference will feature keynote speakers from various fields of scientific research.,0
10075,of,3.0,3.24,0.2400000000000002,The conference will feature keynote speakers from various fields of scientific research.,0
10075,scientific,3.24,3.84,0.5999999999999996,The conference will feature keynote speakers from various fields of scientific research.,0
10075,research.,3.84,4.56,0.7199999999999998,The conference will feature keynote speakers from various fields of scientific research.,0
10022,If,0.0,0.16,0.16,"If we had invested in that startup, we would have seen significant returns by now.",0
10022,we,0.16,0.26,0.1,"If we had invested in that startup, we would have seen significant returns by now.",0
10022,had,0.26,0.38,0.12,"If we had invested in that startup, we would have seen significant returns by now.",0
10022,invested,0.38,0.86,0.48,"If we had invested in that startup, we would have seen significant returns by now.",0
10022,in,0.86,1.1,0.2400000000000001,"If we had invested in that startup, we would have seen significant returns by now.",0
10022,that,1.1,1.26,0.15999999999999992,"If we had invested in that startup, we would have seen significant returns by now.",0
10022,"startup,",1.26,1.78,0.52,"If we had invested in that startup, we would have seen significant returns by now.",0
10022,we,2.26,2.34,0.08000000000000007,"If we had invested in that startup, we would have seen significant returns by now.",0
10022,would,2.34,2.6,0.26000000000000023,"If we had invested in that startup, we would have seen significant returns by now.",0
10022,have,2.6,2.9,0.2999999999999998,"If we had invested in that startup, we would have seen significant returns by now.",0
10022,seen,2.9,3.78,0.8799999999999999,"If we had invested in that startup, we would have seen significant returns by now.",0
10022,significant,3.78,4.42,0.6400000000000001,"If we had invested in that startup, we would have seen significant returns by now.",0
10022,returns,4.42,4.98,0.5600000000000005,"If we had invested in that startup, we would have seen significant returns by now.",0
10022,by,4.98,5.2,0.21999999999999975,"If we had invested in that startup, we would have seen significant returns by now.",0
10022,now.,5.2,5.48,0.28000000000000025,"If we had invested in that startup, we would have seen significant returns by now.",0
10101,that,0.0,0.14,0.14,that companies commitment to sustainability has resulted in significant reductions in,0
10101,companies,0.14,0.6,0.45999999999999996,that companies commitment to sustainability has resulted in significant reductions in,0
10101,commitment,0.6,1.24,0.64,that companies commitment to sustainability has resulted in significant reductions in,0
10101,to,1.24,1.52,0.28,that companies commitment to sustainability has resulted in significant reductions in,0
10101,sustainability,1.52,2.3,0.7799999999999998,that companies commitment to sustainability has resulted in significant reductions in,0
10101,has,2.3,2.86,0.56,that companies commitment to sustainability has resulted in significant reductions in,0
10101,resulted,2.86,3.44,0.5800000000000001,that companies commitment to sustainability has resulted in significant reductions in,0
10101,in,3.44,3.68,0.2400000000000002,that companies commitment to sustainability has resulted in significant reductions in,0
10101,significant,3.68,4.3,0.6199999999999997,that companies commitment to sustainability has resulted in significant reductions in,0
10101,reductions,4.3,5.04,0.7400000000000002,that companies commitment to sustainability has resulted in significant reductions in,0
10101,in,5.04,5.46,0.41999999999999993,that companies commitment to sustainability has resulted in significant reductions in,0
10101,carbon,5.46,6.26,0.7999999999999998,carbon emissions.,0
10101,emissions.,6.26,6.64,0.3799999999999999,carbon emissions.,0
10,darad,0.0,0.18,0.18,darad wneud yr temp ar ffyniad cael ei ard ..,0
10,wneud,0.18,0.78,0.6000000000000001,darad wneud yr temp ar ffyniad cael ei ard ..,0
10,yr,0.78,0.84,0.05999999999999994,darad wneud yr temp ar ffyniad cael ei ard ..,0
10,temp,0.84,1.16,0.31999999999999995,darad wneud yr temp ar ffyniad cael ei ard ..,0
10,ar,1.16,1.16,0.0,darad wneud yr temp ar ffyniad cael ei ard ..,0
10,ffyniad,1.16,1.54,0.3800000000000001,darad wneud yr temp ar ffyniad cael ei ard ..,0
10,cael,1.54,1.54,0.0,darad wneud yr temp ar ffyniad cael ei ard ..,0
10,ei,1.54,1.54,0.0,darad wneud yr temp ar ffyniad cael ei ard ..,0
10,ard,1.54,1.54,0.0,darad wneud yr temp ar ffyniad cael ei ard ..,0
10,..,1.54,1.54,0.0,darad wneud yr temp ar ffyniad cael ei ard ..,0
10269,How,0.0,0.2,0.2,How may I I assist you today?,0
10269,may,0.2,0.38,0.18,How may I I assist you today?,0
10269,I,0.38,0.7,0.31999999999999995,How may I I assist you today?,0
10269,I,0.7,1.06,0.3600000000000001,How may I I assist you today?,0
10269,assist,1.06,1.5,0.43999999999999995,How may I I assist you today?,0
10269,you,1.5,1.7,0.19999999999999996,How may I I assist you today?,0
10269,today?,1.7,1.92,0.21999999999999997,How may I I assist you today?,0
10117,The,0.0,0.14,0.14,The company CEO announced that they would be expanding into new markets next year.,0
10117,company,0.14,0.52,0.38,The company CEO announced that they would be expanding into new markets next year.,0
10117,CEO,0.52,0.98,0.45999999999999996,The company CEO announced that they would be expanding into new markets next year.,0
10117,announced,0.98,1.28,0.30000000000000004,The company CEO announced that they would be expanding into new markets next year.,0
10117,that,1.28,1.54,0.26,The company CEO announced that they would be expanding into new markets next year.,0
10117,they,1.54,1.68,0.1399999999999999,The company CEO announced that they would be expanding into new markets next year.,0
10117,would,1.68,1.82,0.14000000000000012,The company CEO announced that they would be expanding into new markets next year.,0
10117,be,1.82,2.0,0.17999999999999994,The company CEO announced that they would be expanding into new markets next year.,0
10117,expanding,2.0,2.52,0.52,The company CEO announced that they would be expanding into new markets next year.,0
10117,into,2.52,3.62,1.1,The company CEO announced that they would be expanding into new markets next year.,0
10117,new,3.62,3.88,0.2599999999999998,The company CEO announced that they would be expanding into new markets next year.,0
10117,markets,3.88,4.3,0.41999999999999993,The company CEO announced that they would be expanding into new markets next year.,0
10117,next,4.3,4.62,0.3200000000000003,The company CEO announced that they would be expanding into new markets next year.,0
10117,year.,4.62,4.96,0.33999999999999986,The company CEO announced that they would be expanding into new markets next year.,0
10300,This,0.0,0.16,0.16,This new restaurant is totally Instagram worthy.,0
10300,new,0.16,0.38,0.22,This new restaurant is totally Instagram worthy.,0
10300,restaurant,0.38,0.78,0.4,This new restaurant is totally Instagram worthy.,0
10300,is,0.78,1.3,0.52,This new restaurant is totally Instagram worthy.,0
10300,totally,1.3,2.1,0.8,This new restaurant is totally Instagram worthy.,0
10300,Instagram,2.1,2.58,0.48,This new restaurant is totally Instagram worthy.,0
10300,worthy.,2.58,2.98,0.3999999999999999,This new restaurant is totally Instagram worthy.,0
10245,Could,0.0,0.16,0.16,Could you please provide more information about the project requirements?,0
10245,you,0.16,0.28,0.12000000000000002,Could you please provide more information about the project requirements?,0
10245,please,0.28,0.54,0.26,Could you please provide more information about the project requirements?,0
10245,provide,0.54,0.96,0.41999999999999993,Could you please provide more information about the project requirements?,0
10245,more,0.96,1.4,0.43999999999999995,Could you please provide more information about the project requirements?,0
10245,information,1.4,2.6,1.2000000000000002,Could you please provide more information about the project requirements?,0
10245,about,2.6,3.0,0.3999999999999999,Could you please provide more information about the project requirements?,0
10245,the,3.0,3.14,0.14000000000000012,Could you please provide more information about the project requirements?,0
10245,project,3.14,3.54,0.3999999999999999,Could you please provide more information about the project requirements?,0
10245,requirements?,3.54,4.24,0.7000000000000002,Could you please provide more information about the project requirements?,0
10212,Climate,0.0,0.24,0.24,Climate change climate change is affecting biodiversity and ecosystems on a global scale.,0
10212,change,0.24,0.66,0.42000000000000004,Climate change climate change is affecting biodiversity and ecosystems on a global scale.,0
10212,climate,0.66,1.06,0.4,Climate change climate change is affecting biodiversity and ecosystems on a global scale.,0
10212,change,1.06,1.48,0.41999999999999993,Climate change climate change is affecting biodiversity and ecosystems on a global scale.,0
10212,is,1.48,1.66,0.17999999999999994,Climate change climate change is affecting biodiversity and ecosystems on a global scale.,0
10212,affecting,1.66,2.1,0.44000000000000017,Climate change climate change is affecting biodiversity and ecosystems on a global scale.,0
10212,biodiversity,2.1,2.72,0.6200000000000001,Climate change climate change is affecting biodiversity and ecosystems on a global scale.,0
10212,and,2.72,3.38,0.6599999999999997,Climate change climate change is affecting biodiversity and ecosystems on a global scale.,0
10212,ecosystems,3.38,3.72,0.3400000000000003,Climate change climate change is affecting biodiversity and ecosystems on a global scale.,0
10212,on,3.72,4.26,0.5399999999999996,Climate change climate change is affecting biodiversity and ecosystems on a global scale.,0
10212,a,4.26,4.36,0.10000000000000053,Climate change climate change is affecting biodiversity and ecosystems on a global scale.,0
10212,global,4.36,4.64,0.27999999999999936,Climate change climate change is affecting biodiversity and ecosystems on a global scale.,0
10212,scale.,4.64,5.1,0.45999999999999996,Climate change climate change is affecting biodiversity and ecosystems on a global scale.,0
10087,What,0.0,0.16,0.16,What measures can we take to reduce our environmental impact and promote sustainability?,0
10087,measures,0.16,0.48,0.31999999999999995,What measures can we take to reduce our environmental impact and promote sustainability?,0
10087,can,0.48,0.74,0.26,What measures can we take to reduce our environmental impact and promote sustainability?,0
10087,we,0.74,0.86,0.12,What measures can we take to reduce our environmental impact and promote sustainability?,0
10087,take,0.86,1.0,0.14,What measures can we take to reduce our environmental impact and promote sustainability?,0
10087,to,1.0,1.16,0.15999999999999992,What measures can we take to reduce our environmental impact and promote sustainability?,0
10087,reduce,1.16,1.42,0.26,What measures can we take to reduce our environmental impact and promote sustainability?,0
10087,our,1.42,1.68,0.26,What measures can we take to reduce our environmental impact and promote sustainability?,0
10087,environmental,1.68,2.18,0.5000000000000002,What measures can we take to reduce our environmental impact and promote sustainability?,0
10087,impact,2.18,2.7,0.52,What measures can we take to reduce our environmental impact and promote sustainability?,0
10087,and,2.7,3.02,0.31999999999999984,What measures can we take to reduce our environmental impact and promote sustainability?,0
10087,promote,3.02,3.8,0.7799999999999998,What measures can we take to reduce our environmental impact and promote sustainability?,0
10087,sustainability?,3.8,4.3,0.5,What measures can we take to reduce our environmental impact and promote sustainability?,0
10068,The,0.0,0.16,0.16,The committee is currently reviewing applications for the research grant.,0
10068,committee,0.16,0.58,0.41999999999999993,The committee is currently reviewing applications for the research grant.,0
10068,is,0.58,0.9,0.32000000000000006,The committee is currently reviewing applications for the research grant.,0
10068,currently,0.9,1.18,0.2799999999999999,The committee is currently reviewing applications for the research grant.,0
10068,reviewing,1.18,1.78,0.6000000000000001,The committee is currently reviewing applications for the research grant.,0
10068,applications,1.78,2.62,0.8400000000000001,The committee is currently reviewing applications for the research grant.,0
10068,for,2.62,3.02,0.3999999999999999,The committee is currently reviewing applications for the research grant.,0
10068,the,3.02,3.24,0.2200000000000002,The committee is currently reviewing applications for the research grant.,0
10068,research,3.24,3.92,0.6799999999999997,The committee is currently reviewing applications for the research grant.,0
10068,grant.,3.92,4.5,0.5800000000000001,The committee is currently reviewing applications for the research grant.,0
1014,Please,0.0,0.26,0.26,Please submit your report soon.,0
1014,submit,0.26,0.62,0.36,Please submit your report soon.,0
1014,your,0.62,0.92,0.30000000000000004,Please submit your report soon.,0
1014,report,0.92,1.84,0.92,Please submit your report soon.,0
1014,soon.,1.84,2.3,0.45999999999999974,Please submit your report soon.,0
1034,The,0.0,0.12,0.12,The letter was was sent by Currier.,0
1034,letter,0.12,0.46,0.34,The letter was was sent by Currier.,0
1034,was,0.46,0.82,0.35999999999999993,The letter was was sent by Currier.,0
1034,was,0.82,1.14,0.31999999999999995,The letter was was sent by Currier.,0
1034,sent,1.14,1.44,0.30000000000000004,The letter was was sent by Currier.,0
1034,by,1.44,1.7,0.26,The letter was was sent by Currier.,0
1034,Currier.,1.7,2.28,0.5799999999999998,The letter was was sent by Currier.,0
10232,The,0.0,0.16,0.16,"The more we invest in, in employee training, the more productive our workforce becomes.",0
10232,more,0.16,0.32,0.16,"The more we invest in, in employee training, the more productive our workforce becomes.",0
10232,we,0.32,0.5,0.18,"The more we invest in, in employee training, the more productive our workforce becomes.",0
10232,invest,0.5,0.88,0.38,"The more we invest in, in employee training, the more productive our workforce becomes.",0
10232,"in,",0.88,1.4,0.5199999999999999,"The more we invest in, in employee training, the more productive our workforce becomes.",0
10232,in,1.78,1.86,0.08000000000000007,"The more we invest in, in employee training, the more productive our workforce becomes.",0
10232,employee,1.86,2.28,0.4199999999999997,"The more we invest in, in employee training, the more productive our workforce becomes.",0
10232,"training,",2.28,2.86,0.5800000000000001,"The more we invest in, in employee training, the more productive our workforce becomes.",0
10232,the,3.22,3.4,0.17999999999999972,"The more we invest in, in employee training, the more productive our workforce becomes.",0
10232,more,3.4,3.58,0.18000000000000016,"The more we invest in, in employee training, the more productive our workforce becomes.",0
10232,productive,3.58,4.1,0.5199999999999996,"The more we invest in, in employee training, the more productive our workforce becomes.",0
10232,our,4.1,4.34,0.2400000000000002,"The more we invest in, in employee training, the more productive our workforce becomes.",0
10232,workforce,4.34,4.68,0.33999999999999986,"The more we invest in, in employee training, the more productive our workforce becomes.",0
10232,becomes.,4.68,5.28,0.6000000000000005,"The more we invest in, in employee training, the more productive our workforce becomes.",0
10025,The,0.0,0.16,0.16,The new energy policy aims to promote renewable sources and reduce fossil fuel dependence.,0
10025,new,0.16,0.36,0.19999999999999998,The new energy policy aims to promote renewable sources and reduce fossil fuel dependence.,0
10025,energy,0.36,0.82,0.45999999999999996,The new energy policy aims to promote renewable sources and reduce fossil fuel dependence.,0
10025,policy,0.82,1.4,0.58,The new energy policy aims to promote renewable sources and reduce fossil fuel dependence.,0
10025,aims,1.4,1.78,0.3800000000000001,The new energy policy aims to promote renewable sources and reduce fossil fuel dependence.,0
10025,to,1.78,2.1,0.32000000000000006,The new energy policy aims to promote renewable sources and reduce fossil fuel dependence.,0
10025,promote,2.1,2.46,0.3599999999999999,The new energy policy aims to promote renewable sources and reduce fossil fuel dependence.,0
10025,renewable,2.46,2.94,0.48,The new energy policy aims to promote renewable sources and reduce fossil fuel dependence.,0
10025,sources,2.94,3.52,0.5800000000000001,The new energy policy aims to promote renewable sources and reduce fossil fuel dependence.,0
10025,and,3.52,3.98,0.45999999999999996,The new energy policy aims to promote renewable sources and reduce fossil fuel dependence.,0
10025,reduce,3.98,4.56,0.5799999999999996,The new energy policy aims to promote renewable sources and reduce fossil fuel dependence.,0
10025,fossil,4.56,5.18,0.6200000000000001,The new energy policy aims to promote renewable sources and reduce fossil fuel dependence.,0
10025,fuel,5.18,5.5,0.3200000000000003,The new energy policy aims to promote renewable sources and reduce fossil fuel dependence.,0
10025,dependence.,5.5,6.14,0.6399999999999997,The new energy policy aims to promote renewable sources and reduce fossil fuel dependence.,0
10249,The,0.0,0.1,0.1,The report was comprehensive and well-earched.,0
10249,report,0.1,0.44,0.33999999999999997,The report was comprehensive and well-earched.,0
10249,was,0.44,0.9,0.46,The report was comprehensive and well-earched.,0
10249,comprehensive,0.9,1.54,0.64,The report was comprehensive and well-earched.,0
10249,and,1.54,2.42,0.8799999999999999,The report was comprehensive and well-earched.,0
10249,well,2.42,2.8,0.3799999999999999,The report was comprehensive and well-earched.,0
10249,-earched.,2.8,3.84,1.04,The report was comprehensive and well-earched.,0
1018,just,0.0,0.18,0.18,just post today a new selfie.,0
1018,post,0.18,0.46,0.28,just post today a new selfie.,0
1018,today,0.46,0.78,0.32,just post today a new selfie.,0
1018,a,0.78,0.94,0.15999999999999992,just post today a new selfie.,0
1018,new,0.94,1.1,0.16000000000000014,just post today a new selfie.,0
1018,selfie.,1.1,1.6,0.5,just post today a new selfie.,0
10032,Pwa,0.0,0.46,0.46,Pwa köfr selected has had undes flawed since then.,0
10032,köfr,0.46,0.76,0.3,Pwa köfr selected has had undes flawed since then.,0
10032,selected,0.76,0.84,0.07999999999999996,Pwa köfr selected has had undes flawed since then.,0
10032,has,0.84,1.66,0.82,Pwa köfr selected has had undes flawed since then.,0
10032,had,1.66,2.2,0.5400000000000003,Pwa köfr selected has had undes flawed since then.,0
10032,undes,2.2,2.72,0.52,Pwa köfr selected has had undes flawed since then.,0
10032,flawed,2.72,2.88,0.1599999999999997,Pwa köfr selected has had undes flawed since then.,0
10032,since,2.88,4.16,1.2800000000000002,Pwa köfr selected has had undes flawed since then.,0
10032,then.,4.16,4.54,0.3799999999999999,Pwa köfr selected has had undes flawed since then.,0
10136,The,0.0,0.16,0.16,"The new software update, which includes several security enhancements, will be released",0
10136,new,0.16,0.34,0.18000000000000002,"The new software update, which includes several security enhancements, will be released",0
10136,software,0.34,0.76,0.42,"The new software update, which includes several security enhancements, will be released",0
10136,"update,",0.76,1.26,0.5,"The new software update, which includes several security enhancements, will be released",0
10136,which,1.58,1.82,0.24,"The new software update, which includes several security enhancements, will be released",0
10136,includes,1.82,2.28,0.45999999999999974,"The new software update, which includes several security enhancements, will be released",0
10136,several,2.28,2.62,0.3400000000000003,"The new software update, which includes several security enhancements, will be released",0
10136,security,2.62,3.28,0.6599999999999997,"The new software update, which includes several security enhancements, will be released",0
10136,"enhancements,",3.28,4.22,0.94,"The new software update, which includes several security enhancements, will be released",0
10136,will,4.4,4.72,0.3199999999999994,"The new software update, which includes several security enhancements, will be released",0
10136,be,4.72,4.92,0.20000000000000018,"The new software update, which includes several security enhancements, will be released",0
10136,released,4.92,5.4,0.4800000000000004,"The new software update, which includes several security enhancements, will be released",0
10233,Not,0.0,0.22,0.22,"Not only did the campaign exceed its fundraising goal, but it also raised awareness for the cause.",0
10233,only,0.22,0.58,0.36,"Not only did the campaign exceed its fundraising goal, but it also raised awareness for the cause.",0
10233,did,0.58,0.8,0.22000000000000008,"Not only did the campaign exceed its fundraising goal, but it also raised awareness for the cause.",0
10233,the,0.8,0.96,0.15999999999999992,"Not only did the campaign exceed its fundraising goal, but it also raised awareness for the cause.",0
10233,campaign,0.96,1.4,0.43999999999999995,"Not only did the campaign exceed its fundraising goal, but it also raised awareness for the cause.",0
10233,exceed,1.4,1.84,0.44000000000000017,"Not only did the campaign exceed its fundraising goal, but it also raised awareness for the cause.",0
10233,its,1.84,2.1,0.26,"Not only did the campaign exceed its fundraising goal, but it also raised awareness for the cause.",0
10233,fundraising,2.1,2.5,0.3999999999999999,"Not only did the campaign exceed its fundraising goal, but it also raised awareness for the cause.",0
10233,"goal,",2.5,3.02,0.52,"Not only did the campaign exceed its fundraising goal, but it also raised awareness for the cause.",0
10233,but,4.0,4.14,0.13999999999999968,"Not only did the campaign exceed its fundraising goal, but it also raised awareness for the cause.",0
10233,it,4.14,5.02,0.8799999999999999,"Not only did the campaign exceed its fundraising goal, but it also raised awareness for the cause.",0
10233,also,5.02,5.34,0.3200000000000003,"Not only did the campaign exceed its fundraising goal, but it also raised awareness for the cause.",0
10233,raised,5.34,5.66,0.3200000000000003,"Not only did the campaign exceed its fundraising goal, but it also raised awareness for the cause.",0
10233,awareness,5.66,6.06,0.39999999999999947,"Not only did the campaign exceed its fundraising goal, but it also raised awareness for the cause.",0
10233,for,6.06,6.4,0.34000000000000075,"Not only did the campaign exceed its fundraising goal, but it also raised awareness for the cause.",0
10233,the,6.4,6.5,0.09999999999999964,"Not only did the campaign exceed its fundraising goal, but it also raised awareness for the cause.",0
10233,cause.,6.5,6.84,0.33999999999999986,"Not only did the campaign exceed its fundraising goal, but it also raised awareness for the cause.",0
10337,She,0.0,0.2,0.2,She asked him whether he had considered the potential risks of the investment.,0
10337,asked,0.2,0.5,0.3,She asked him whether he had considered the potential risks of the investment.,0
10337,him,0.5,0.66,0.16000000000000003,She asked him whether he had considered the potential risks of the investment.,0
10337,whether,0.66,0.9,0.24,She asked him whether he had considered the potential risks of the investment.,0
10337,he,0.9,1.1,0.20000000000000007,She asked him whether he had considered the potential risks of the investment.,0
10337,had,1.1,1.22,0.11999999999999988,She asked him whether he had considered the potential risks of the investment.,0
10337,considered,1.22,1.66,0.43999999999999995,She asked him whether he had considered the potential risks of the investment.,0
10337,the,1.66,1.88,0.21999999999999997,She asked him whether he had considered the potential risks of the investment.,0
10337,potential,1.88,2.28,0.3999999999999999,She asked him whether he had considered the potential risks of the investment.,0
10337,risks,2.28,2.86,0.5800000000000001,She asked him whether he had considered the potential risks of the investment.,0
10337,of,2.86,3.22,0.3600000000000003,She asked him whether he had considered the potential risks of the investment.,0
10337,the,3.22,3.62,0.3999999999999999,She asked him whether he had considered the potential risks of the investment.,0
10337,investment.,3.62,4.18,0.5599999999999996,She asked him whether he had considered the potential risks of the investment.,0
10205,The,0.0,0.08,0.08,The patient's condition is being closely monitored by a team of specialists.,0
10205,patient's,0.08,0.52,0.44,The patient's condition is being closely monitored by a team of specialists.,0
10205,condition,0.52,0.84,0.31999999999999995,The patient's condition is being closely monitored by a team of specialists.,0
10205,is,0.84,1.06,0.22000000000000008,The patient's condition is being closely monitored by a team of specialists.,0
10205,being,1.06,1.18,0.11999999999999988,The patient's condition is being closely monitored by a team of specialists.,0
10205,closely,1.18,1.54,0.3600000000000001,The patient's condition is being closely monitored by a team of specialists.,0
10205,monitored,1.54,1.98,0.43999999999999995,The patient's condition is being closely monitored by a team of specialists.,0
10205,by,1.98,2.22,0.2400000000000002,The patient's condition is being closely monitored by a team of specialists.,0
10205,a,2.22,2.58,0.3599999999999999,The patient's condition is being closely monitored by a team of specialists.,0
10205,team,2.58,2.74,0.16000000000000014,The patient's condition is being closely monitored by a team of specialists.,0
10205,of,2.74,2.86,0.11999999999999966,The patient's condition is being closely monitored by a team of specialists.,0
10205,specialists.,2.86,3.38,0.52,The patient's condition is being closely monitored by a team of specialists.,0
10053,The,0.0,0.12,0.12,"The museum's new exhibit features artifacts from ancient, ancient civilizations.",0
10053,museum's,0.12,0.6,0.48,"The museum's new exhibit features artifacts from ancient, ancient civilizations.",0
10053,new,0.6,0.72,0.12,"The museum's new exhibit features artifacts from ancient, ancient civilizations.",0
10053,exhibit,0.72,1.08,0.3600000000000001,"The museum's new exhibit features artifacts from ancient, ancient civilizations.",0
10053,features,1.08,1.5,0.41999999999999993,"The museum's new exhibit features artifacts from ancient, ancient civilizations.",0
10053,artifacts,1.5,2.04,0.54,"The museum's new exhibit features artifacts from ancient, ancient civilizations.",0
10053,from,2.04,2.44,0.3999999999999999,"The museum's new exhibit features artifacts from ancient, ancient civilizations.",0
10053,"ancient,",2.44,2.96,0.52,"The museum's new exhibit features artifacts from ancient, ancient civilizations.",0
10053,ancient,3.24,3.56,0.31999999999999984,"The museum's new exhibit features artifacts from ancient, ancient civilizations.",0
10053,civilizations.,3.56,4.28,0.7200000000000002,"The museum's new exhibit features artifacts from ancient, ancient civilizations.",0
10004,The,0.0,0.14,0.14,The company's sales have increased by 20% compared to last quarter's results.,0
10004,company's,0.14,1.06,0.92,The company's sales have increased by 20% compared to last quarter's results.,0
10004,sales,1.06,1.34,0.28,The company's sales have increased by 20% compared to last quarter's results.,0
10004,have,1.34,1.66,0.31999999999999984,The company's sales have increased by 20% compared to last quarter's results.,0
10004,increased,1.66,2.14,0.4800000000000002,The company's sales have increased by 20% compared to last quarter's results.,0
10004,by,2.14,2.58,0.43999999999999995,The company's sales have increased by 20% compared to last quarter's results.,0
10004,20,2.58,3.18,0.6000000000000001,The company's sales have increased by 20% compared to last quarter's results.,0
10004,%,3.18,3.76,0.5799999999999996,The company's sales have increased by 20% compared to last quarter's results.,0
10004,compared,3.76,4.34,0.5800000000000001,The company's sales have increased by 20% compared to last quarter's results.,0
10004,to,4.34,4.9,0.5600000000000005,The company's sales have increased by 20% compared to last quarter's results.,0
10004,last,4.9,5.88,0.9799999999999995,The company's sales have increased by 20% compared to last quarter's results.,0
10004,quarter's,5.88,6.76,0.8799999999999999,The company's sales have increased by 20% compared to last quarter's results.,0
10004,results.,6.76,7.26,0.5,The company's sales have increased by 20% compared to last quarter's results.,0
10287,We,0.0,0.14,0.14,We should analyze that the data before making any conclusions.,0
10287,should,0.14,0.32,0.18,We should analyze that the data before making any conclusions.,0
10287,analyze,0.32,0.84,0.52,We should analyze that the data before making any conclusions.,0
10287,that,0.84,1.26,0.42000000000000004,We should analyze that the data before making any conclusions.,0
10287,the,1.26,1.5,0.24,We should analyze that the data before making any conclusions.,0
10287,data,1.5,1.78,0.28,We should analyze that the data before making any conclusions.,0
10287,before,1.78,2.2,0.42000000000000015,We should analyze that the data before making any conclusions.,0
10287,making,2.2,2.6,0.3999999999999999,We should analyze that the data before making any conclusions.,0
10287,any,2.6,3.0,0.3999999999999999,We should analyze that the data before making any conclusions.,0
10287,conclusions.,3.0,3.66,0.6600000000000001,We should analyze that the data before making any conclusions.,0
10012,The,0.0,0.14,0.14,The documentary which explores environmental issues will be aired next week.,0
10012,documentary,0.14,0.82,0.6799999999999999,The documentary which explores environmental issues will be aired next week.,0
10012,which,0.82,1.44,0.62,The documentary which explores environmental issues will be aired next week.,0
10012,explores,1.44,1.98,0.54,The documentary which explores environmental issues will be aired next week.,0
10012,environmental,1.98,2.64,0.6600000000000001,The documentary which explores environmental issues will be aired next week.,0
10012,issues,2.64,3.5,0.8599999999999999,The documentary which explores environmental issues will be aired next week.,0
10012,will,3.5,3.9,0.3999999999999999,The documentary which explores environmental issues will be aired next week.,0
10012,be,3.9,4.12,0.2200000000000002,The documentary which explores environmental issues will be aired next week.,0
10012,aired,4.12,5.42,1.2999999999999998,The documentary which explores environmental issues will be aired next week.,0
10012,next,5.42,5.86,0.4400000000000004,The documentary which explores environmental issues will be aired next week.,0
10012,week.,5.86,6.18,0.3199999999999994,The documentary which explores environmental issues will be aired next week.,0
10291,By,0.0,0.16,0.16,"By the time we arrived, the meeting hat had already started.",0
10291,the,0.16,0.34,0.18000000000000002,"By the time we arrived, the meeting hat had already started.",0
10291,time,0.34,0.6,0.25999999999999995,"By the time we arrived, the meeting hat had already started.",0
10291,we,0.6,0.8,0.20000000000000007,"By the time we arrived, the meeting hat had already started.",0
10291,"arrived,",0.8,1.22,0.41999999999999993,"By the time we arrived, the meeting hat had already started.",0
10291,the,1.54,1.6,0.06000000000000005,"By the time we arrived, the meeting hat had already started.",0
10291,meeting,1.6,1.94,0.33999999999999986,"By the time we arrived, the meeting hat had already started.",0
10291,hat,1.94,2.32,0.3799999999999999,"By the time we arrived, the meeting hat had already started.",0
10291,had,2.32,2.56,0.2400000000000002,"By the time we arrived, the meeting hat had already started.",0
10291,already,2.56,2.8,0.23999999999999977,"By the time we arrived, the meeting hat had already started.",0
10291,started.,2.8,3.32,0.52,"By the time we arrived, the meeting hat had already started.",0
10045,The,0.0,0.14,0.14,The restaurant offers a wide variety of vegetarian and vegan options.,0
10045,restaurant,0.14,0.6,0.45999999999999996,The restaurant offers a wide variety of vegetarian and vegan options.,0
10045,offers,0.6,1.16,0.5599999999999999,The restaurant offers a wide variety of vegetarian and vegan options.,0
10045,a,1.16,1.6,0.44000000000000017,The restaurant offers a wide variety of vegetarian and vegan options.,0
10045,wide,1.6,1.98,0.3799999999999999,The restaurant offers a wide variety of vegetarian and vegan options.,0
10045,variety,1.98,2.56,0.5800000000000001,The restaurant offers a wide variety of vegetarian and vegan options.,0
10045,of,2.56,2.88,0.31999999999999984,The restaurant offers a wide variety of vegetarian and vegan options.,0
10045,vegetarian,2.88,3.54,0.6600000000000001,The restaurant offers a wide variety of vegetarian and vegan options.,0
10045,and,3.54,4.18,0.6399999999999997,The restaurant offers a wide variety of vegetarian and vegan options.,0
10045,vegan,4.18,5.12,0.9400000000000004,The restaurant offers a wide variety of vegetarian and vegan options.,0
10045,options.,5.12,5.76,0.6399999999999997,The restaurant offers a wide variety of vegetarian and vegan options.,0
10229,Which,0.0,0.3,0.3,Which of these marketing strategies do you think would be most effective for our target audience?,0
10229,of,0.3,0.54,0.24000000000000005,Which of these marketing strategies do you think would be most effective for our target audience?,0
10229,these,0.54,0.82,0.2799999999999999,Which of these marketing strategies do you think would be most effective for our target audience?,0
10229,marketing,0.82,1.26,0.44000000000000006,Which of these marketing strategies do you think would be most effective for our target audience?,0
10229,strategies,1.26,2.12,0.8600000000000001,Which of these marketing strategies do you think would be most effective for our target audience?,0
10229,do,2.12,2.64,0.52,Which of these marketing strategies do you think would be most effective for our target audience?,0
10229,you,2.64,3.0,0.3599999999999999,Which of these marketing strategies do you think would be most effective for our target audience?,0
10229,think,3.0,3.6,0.6000000000000001,Which of these marketing strategies do you think would be most effective for our target audience?,0
10229,would,3.6,3.94,0.33999999999999986,Which of these marketing strategies do you think would be most effective for our target audience?,0
10229,be,3.94,4.14,0.19999999999999973,Which of these marketing strategies do you think would be most effective for our target audience?,0
10229,most,4.14,4.42,0.28000000000000025,Which of these marketing strategies do you think would be most effective for our target audience?,0
10229,effective,4.42,5.14,0.7199999999999998,Which of these marketing strategies do you think would be most effective for our target audience?,0
10229,for,5.14,5.5,0.3600000000000003,Which of these marketing strategies do you think would be most effective for our target audience?,0
10229,our,5.5,5.68,0.17999999999999972,Which of these marketing strategies do you think would be most effective for our target audience?,0
10229,target,5.68,6.1,0.41999999999999993,Which of these marketing strategies do you think would be most effective for our target audience?,0
10229,audience?,6.1,6.68,0.5800000000000001,Which of these marketing strategies do you think would be most effective for our target audience?,0
10178,Our,0.0,0.22,0.22,"Our teams, our teams, innovative approach has revolutionized the industry.",0
10178,"teams,",0.22,0.6,0.38,"Our teams, our teams, innovative approach has revolutionized the industry.",0
10178,our,0.6,0.86,0.26,"Our teams, our teams, innovative approach has revolutionized the industry.",0
10178,"teams,",0.86,1.34,0.4800000000000001,"Our teams, our teams, innovative approach has revolutionized the industry.",0
10178,innovative,1.6,1.92,0.31999999999999984,"Our teams, our teams, innovative approach has revolutionized the industry.",0
10178,approach,1.92,2.54,0.6200000000000001,"Our teams, our teams, innovative approach has revolutionized the industry.",0
10178,has,2.54,2.9,0.3599999999999999,"Our teams, our teams, innovative approach has revolutionized the industry.",0
10178,revolutionized,2.9,3.76,0.8599999999999999,"Our teams, our teams, innovative approach has revolutionized the industry.",0
10178,the,3.76,3.96,0.20000000000000018,"Our teams, our teams, innovative approach has revolutionized the industry.",0
10178,industry.,3.96,4.54,0.5800000000000001,"Our teams, our teams, innovative approach has revolutionized the industry.",0
10085,How,0.0,0.12,0.12,How do you think artificial intelligence will impact the job market in the coming years?,0
10085,do,0.12,0.22,0.1,How do you think artificial intelligence will impact the job market in the coming years?,0
10085,you,0.22,0.32,0.1,How do you think artificial intelligence will impact the job market in the coming years?,0
10085,think,0.32,0.54,0.22000000000000003,How do you think artificial intelligence will impact the job market in the coming years?,0
10085,artificial,0.54,1.02,0.48,How do you think artificial intelligence will impact the job market in the coming years?,0
10085,intelligence,1.02,1.8,0.78,How do you think artificial intelligence will impact the job market in the coming years?,0
10085,will,1.8,2.02,0.21999999999999997,How do you think artificial intelligence will impact the job market in the coming years?,0
10085,impact,2.02,2.4,0.3799999999999999,How do you think artificial intelligence will impact the job market in the coming years?,0
10085,the,2.4,2.58,0.18000000000000016,How do you think artificial intelligence will impact the job market in the coming years?,0
10085,job,2.58,2.72,0.14000000000000012,How do you think artificial intelligence will impact the job market in the coming years?,0
10085,market,2.72,3.02,0.2999999999999998,How do you think artificial intelligence will impact the job market in the coming years?,0
10085,in,3.02,3.28,0.2599999999999998,How do you think artificial intelligence will impact the job market in the coming years?,0
10085,the,3.28,3.6,0.3200000000000003,How do you think artificial intelligence will impact the job market in the coming years?,0
10085,coming,3.6,4.4,0.8000000000000003,How do you think artificial intelligence will impact the job market in the coming years?,0
10085,years?,4.4,4.78,0.3799999999999999,How do you think artificial intelligence will impact the job market in the coming years?,0
10210,The,0.0,0.12,0.12,The company has been actively seeking new partnerships to expand its market reach.,0
10210,company,0.12,0.6,0.48,The company has been actively seeking new partnerships to expand its market reach.,0
10210,has,0.6,0.96,0.36,The company has been actively seeking new partnerships to expand its market reach.,0
10210,been,0.96,1.24,0.28,The company has been actively seeking new partnerships to expand its market reach.,0
10210,actively,1.24,2.44,1.2,The company has been actively seeking new partnerships to expand its market reach.,0
10210,seeking,2.44,3.26,0.8199999999999998,The company has been actively seeking new partnerships to expand its market reach.,0
10210,new,3.26,3.54,0.28000000000000025,The company has been actively seeking new partnerships to expand its market reach.,0
10210,partnerships,3.54,4.16,0.6200000000000001,The company has been actively seeking new partnerships to expand its market reach.,0
10210,to,4.16,4.44,0.28000000000000025,The company has been actively seeking new partnerships to expand its market reach.,0
10210,expand,4.44,4.9,0.45999999999999996,The company has been actively seeking new partnerships to expand its market reach.,0
10210,its,4.9,5.26,0.35999999999999943,The company has been actively seeking new partnerships to expand its market reach.,0
10210,market,5.26,5.7,0.4400000000000004,The company has been actively seeking new partnerships to expand its market reach.,0
10210,reach.,5.7,6.04,0.33999999999999986,The company has been actively seeking new partnerships to expand its market reach.,0
10247,Did,0.0,0.14,0.14,Did the CEO announce a new strategic partnership yesterday?,0
10247,the,0.14,0.3,0.15999999999999998,Did the CEO announce a new strategic partnership yesterday?,0
10247,CEO,0.3,0.64,0.34,Did the CEO announce a new strategic partnership yesterday?,0
10247,announce,0.64,1.04,0.4,Did the CEO announce a new strategic partnership yesterday?,0
10247,a,1.04,1.3,0.26,Did the CEO announce a new strategic partnership yesterday?,0
10247,new,1.3,1.44,0.1399999999999999,Did the CEO announce a new strategic partnership yesterday?,0
10247,strategic,1.44,1.96,0.52,Did the CEO announce a new strategic partnership yesterday?,0
10247,partnership,1.96,2.46,0.5,Did the CEO announce a new strategic partnership yesterday?,0
10247,yesterday?,2.46,3.08,0.6200000000000001,Did the CEO announce a new strategic partnership yesterday?,0
10115,The,0.0,0.14,0.14,"The new software update, which includes several bug fixes, will be, be released next week.",0
10115,new,0.14,0.36,0.21999999999999997,"The new software update, which includes several bug fixes, will be, be released next week.",0
10115,software,0.36,0.88,0.52,"The new software update, which includes several bug fixes, will be, be released next week.",0
10115,"update,",0.88,1.4,0.5199999999999999,"The new software update, which includes several bug fixes, will be, be released next week.",0
10115,which,1.66,1.8,0.14000000000000012,"The new software update, which includes several bug fixes, will be, be released next week.",0
10115,includes,1.8,2.28,0.47999999999999976,"The new software update, which includes several bug fixes, will be, be released next week.",0
10115,several,2.28,2.62,0.3400000000000003,"The new software update, which includes several bug fixes, will be, be released next week.",0
10115,bug,2.62,2.9,0.2799999999999998,"The new software update, which includes several bug fixes, will be, be released next week.",0
10115,"fixes,",2.9,3.38,0.48,"The new software update, which includes several bug fixes, will be, be released next week.",0
10115,will,3.82,3.96,0.14000000000000012,"The new software update, which includes several bug fixes, will be, be released next week.",0
10115,"be,",3.96,4.28,0.3200000000000003,"The new software update, which includes several bug fixes, will be, be released next week.",0
10115,be,4.56,4.84,0.28000000000000025,"The new software update, which includes several bug fixes, will be, be released next week.",0
10115,released,4.84,5.1,0.2599999999999998,"The new software update, which includes several bug fixes, will be, be released next week.",0
10115,next,5.1,5.54,0.4400000000000004,"The new software update, which includes several bug fixes, will be, be released next week.",0
10115,week.,5.54,5.9,0.3600000000000003,"The new software update, which includes several bug fixes, will be, be released next week.",0
10154,If,0.0,0.14,0.14,"If you had submitted your proposal earlier, we could have included it in the current, current budget.",0
10154,you,0.14,0.2,0.06,"If you had submitted your proposal earlier, we could have included it in the current, current budget.",0
10154,had,0.2,0.28,0.08000000000000002,"If you had submitted your proposal earlier, we could have included it in the current, current budget.",0
10154,submitted,0.28,0.46,0.18,"If you had submitted your proposal earlier, we could have included it in the current, current budget.",0
10154,your,0.46,0.7,0.23999999999999994,"If you had submitted your proposal earlier, we could have included it in the current, current budget.",0
10154,proposal,0.7,1.04,0.3400000000000001,"If you had submitted your proposal earlier, we could have included it in the current, current budget.",0
10154,"earlier,",1.04,1.46,0.41999999999999993,"If you had submitted your proposal earlier, we could have included it in the current, current budget.",0
10154,we,1.88,1.94,0.06000000000000005,"If you had submitted your proposal earlier, we could have included it in the current, current budget.",0
10154,could,1.94,2.04,0.10000000000000009,"If you had submitted your proposal earlier, we could have included it in the current, current budget.",0
10154,have,2.04,2.12,0.08000000000000007,"If you had submitted your proposal earlier, we could have included it in the current, current budget.",0
10154,included,2.12,2.38,0.2599999999999998,"If you had submitted your proposal earlier, we could have included it in the current, current budget.",0
10154,it,2.38,2.54,0.16000000000000014,"If you had submitted your proposal earlier, we could have included it in the current, current budget.",0
10154,in,2.54,2.64,0.10000000000000009,"If you had submitted your proposal earlier, we could have included it in the current, current budget.",0
10154,the,2.64,2.74,0.10000000000000009,"If you had submitted your proposal earlier, we could have included it in the current, current budget.",0
10154,"current,",2.74,2.98,0.23999999999999977,"If you had submitted your proposal earlier, we could have included it in the current, current budget.",0
10154,current,3.36,3.72,0.3600000000000003,"If you had submitted your proposal earlier, we could have included it in the current, current budget.",0
10154,budget.,3.72,4.02,0.2999999999999994,"If you had submitted your proposal earlier, we could have included it in the current, current budget.",0
10318,Despite,0.0,0.44,0.44,Despite the challenges our team managed to meet the deadline.,0
10318,the,0.44,0.74,0.3,Despite the challenges our team managed to meet the deadline.,0
10318,challenges,0.74,1.38,0.6399999999999999,Despite the challenges our team managed to meet the deadline.,0
10318,our,1.38,1.88,0.5,Despite the challenges our team managed to meet the deadline.,0
10318,team,1.88,2.26,0.3799999999999999,Despite the challenges our team managed to meet the deadline.,0
10318,managed,2.26,2.64,0.38000000000000034,Despite the challenges our team managed to meet the deadline.,0
10318,to,2.64,3.1,0.45999999999999996,Despite the challenges our team managed to meet the deadline.,0
10318,meet,3.1,3.78,0.6799999999999997,Despite the challenges our team managed to meet the deadline.,0
10318,the,3.78,4.02,0.23999999999999977,Despite the challenges our team managed to meet the deadline.,0
10318,deadline.,4.02,4.46,0.4400000000000004,Despite the challenges our team managed to meet the deadline.,0
10123,Despite,0.0,0.38,0.38,"Despite the challenging market conditions our company has maintained steady, steady growth.",0
10123,the,0.38,0.62,0.24,"Despite the challenging market conditions our company has maintained steady, steady growth.",0
10123,challenging,0.62,1.04,0.42000000000000004,"Despite the challenging market conditions our company has maintained steady, steady growth.",0
10123,market,1.04,1.5,0.45999999999999996,"Despite the challenging market conditions our company has maintained steady, steady growth.",0
10123,conditions,1.5,2.16,0.6600000000000001,"Despite the challenging market conditions our company has maintained steady, steady growth.",0
10123,our,2.16,2.6,0.43999999999999995,"Despite the challenging market conditions our company has maintained steady, steady growth.",0
10123,company,2.6,3.06,0.45999999999999996,"Despite the challenging market conditions our company has maintained steady, steady growth.",0
10123,has,3.06,3.38,0.31999999999999984,"Despite the challenging market conditions our company has maintained steady, steady growth.",0
10123,maintained,3.38,3.9,0.52,"Despite the challenging market conditions our company has maintained steady, steady growth.",0
10123,"steady,",3.9,4.5,0.6000000000000001,"Despite the challenging market conditions our company has maintained steady, steady growth.",0
10123,steady,4.8,5.68,0.8799999999999999,"Despite the challenging market conditions our company has maintained steady, steady growth.",0
10123,growth.,5.68,6.04,0.3600000000000003,"Despite the challenging market conditions our company has maintained steady, steady growth.",0
10027,She,0.0,0.2,0.2,She asked whether I had received the invitation to the conference.,0
10027,asked,0.2,0.58,0.37999999999999995,She asked whether I had received the invitation to the conference.,0
10027,whether,0.58,0.9,0.32000000000000006,She asked whether I had received the invitation to the conference.,0
10027,I,0.9,1.44,0.5399999999999999,She asked whether I had received the invitation to the conference.,0
10027,had,1.44,2.14,0.7000000000000002,She asked whether I had received the invitation to the conference.,0
10027,received,2.14,2.54,0.3999999999999999,She asked whether I had received the invitation to the conference.,0
10027,the,2.54,2.84,0.2999999999999998,She asked whether I had received the invitation to the conference.,0
10027,invitation,2.84,3.42,0.5800000000000001,She asked whether I had received the invitation to the conference.,0
10027,to,3.42,4.08,0.6600000000000001,She asked whether I had received the invitation to the conference.,0
10027,the,4.08,4.2,0.1200000000000001,She asked whether I had received the invitation to the conference.,0
10027,conference.,4.2,4.76,0.5599999999999996,She asked whether I had received the invitation to the conference.,0
10162,Have,0.0,0.2,0.2,Have you considered the potential impact of this policy change on our international operations?,0
10162,you,0.2,0.3,0.09999999999999998,Have you considered the potential impact of this policy change on our international operations?,0
10162,considered,0.3,0.66,0.36000000000000004,Have you considered the potential impact of this policy change on our international operations?,0
10162,the,0.66,0.86,0.19999999999999996,Have you considered the potential impact of this policy change on our international operations?,0
10162,potential,0.86,1.16,0.29999999999999993,Have you considered the potential impact of this policy change on our international operations?,0
10162,impact,1.16,1.58,0.42000000000000015,Have you considered the potential impact of this policy change on our international operations?,0
10162,of,1.58,1.86,0.28,Have you considered the potential impact of this policy change on our international operations?,0
10162,this,1.86,2.0,0.1399999999999999,Have you considered the potential impact of this policy change on our international operations?,0
10162,policy,2.0,2.34,0.33999999999999986,Have you considered the potential impact of this policy change on our international operations?,0
10162,change,2.34,2.74,0.40000000000000036,Have you considered the potential impact of this policy change on our international operations?,0
10162,on,2.74,2.96,0.21999999999999975,Have you considered the potential impact of this policy change on our international operations?,0
10162,our,2.96,3.14,0.18000000000000016,Have you considered the potential impact of this policy change on our international operations?,0
10162,international,3.14,3.66,0.52,Have you considered the potential impact of this policy change on our international operations?,0
10162,operations?,3.66,4.44,0.7800000000000002,Have you considered the potential impact of this policy change on our international operations?,0
10288,The,0.0,0.12,0.12,The results of the experiment were more significant than expected.,0
10288,results,0.12,0.4,0.28,The results of the experiment were more significant than expected.,0
10288,of,0.4,0.74,0.33999999999999997,The results of the experiment were more significant than expected.,0
10288,the,0.74,0.88,0.14,The results of the experiment were more significant than expected.,0
10288,experiment,0.88,1.44,0.5599999999999999,The results of the experiment were more significant than expected.,0
10288,were,1.44,1.82,0.3800000000000001,The results of the experiment were more significant than expected.,0
10288,more,1.82,2.32,0.4999999999999998,The results of the experiment were more significant than expected.,0
10288,significant,2.32,3.82,1.5,The results of the experiment were more significant than expected.,0
10288,than,3.82,4.18,0.3599999999999999,The results of the experiment were more significant than expected.,0
10288,expected.,4.18,4.7,0.5200000000000005,The results of the experiment were more significant than expected.,0
10334,He,0.0,0.12,0.12,He wondered if he should accept the job offer or continue his studies.,0
10334,wondered,0.12,0.54,0.42000000000000004,He wondered if he should accept the job offer or continue his studies.,0
10334,if,0.54,0.92,0.38,He wondered if he should accept the job offer or continue his studies.,0
10334,he,0.92,1.08,0.16000000000000003,He wondered if he should accept the job offer or continue his studies.,0
10334,should,1.08,1.26,0.17999999999999994,He wondered if he should accept the job offer or continue his studies.,0
10334,accept,1.26,1.6,0.3400000000000001,He wondered if he should accept the job offer or continue his studies.,0
10334,the,1.6,1.86,0.26,He wondered if he should accept the job offer or continue his studies.,0
10334,job,1.86,2.16,0.30000000000000004,He wondered if he should accept the job offer or continue his studies.,0
10334,offer,2.16,2.66,0.5,He wondered if he should accept the job offer or continue his studies.,0
10334,or,2.66,3.04,0.3799999999999999,He wondered if he should accept the job offer or continue his studies.,0
10334,continue,3.04,4.08,1.04,He wondered if he should accept the job offer or continue his studies.,0
10334,his,4.08,4.42,0.33999999999999986,He wondered if he should accept the job offer or continue his studies.,0
10334,studies.,4.42,4.84,0.41999999999999993,He wondered if he should accept the job offer or continue his studies.,0
10270,I,0.0,0.18,0.18,I apologize for the inconvenience caused.,0
10270,apologize,0.18,0.78,0.6000000000000001,I apologize for the inconvenience caused.,0
10270,for,0.78,1.18,0.3999999999999999,I apologize for the inconvenience caused.,0
10270,the,1.18,1.78,0.6000000000000001,I apologize for the inconvenience caused.,0
10270,inconvenience,1.78,2.58,0.8,I apologize for the inconvenience caused.,0
10270,caused.,2.58,2.9,0.31999999999999984,I apologize for the inconvenience caused.,0
1021,your,0.0,0.12,0.12,your flight departs out at noon.,0
1021,flight,0.12,0.44,0.32,your flight departs out at noon.,0
1021,departs,0.44,1.16,0.72,your flight departs out at noon.,0
1021,out,1.16,1.42,0.26,your flight departs out at noon.,0
1021,at,1.42,1.64,0.21999999999999997,your flight departs out at noon.,0
1021,noon.,1.64,1.98,0.3400000000000001,your flight departs out at noon.,0
10323,When,0.0,0.16,0.16,"When travelling abroad, it's important to respect local customs and traditions.",0
10323,travelling,0.16,0.56,0.4,"When travelling abroad, it's important to respect local customs and traditions.",0
10323,"abroad,",0.56,0.94,0.3799999999999999,"When travelling abroad, it's important to respect local customs and traditions.",0
10323,it's,1.28,1.44,0.15999999999999992,"When travelling abroad, it's important to respect local customs and traditions.",0
10323,important,1.44,1.74,0.30000000000000004,"When travelling abroad, it's important to respect local customs and traditions.",0
10323,to,1.74,1.92,0.17999999999999994,"When travelling abroad, it's important to respect local customs and traditions.",0
10323,respect,1.92,2.2,0.28000000000000025,"When travelling abroad, it's important to respect local customs and traditions.",0
10323,local,2.2,2.56,0.3599999999999999,"When travelling abroad, it's important to respect local customs and traditions.",0
10323,customs,2.56,3.14,0.5800000000000001,"When travelling abroad, it's important to respect local customs and traditions.",0
10323,and,3.14,3.66,0.52,"When travelling abroad, it's important to respect local customs and traditions.",0
10323,traditions.,3.66,4.42,0.7599999999999998,"When travelling abroad, it's important to respect local customs and traditions.",0
10289,Can,0.0,0.22,0.22,Can you explain how this is theory applies to real world scenarios?,0
10289,you,0.22,0.36,0.13999999999999999,Can you explain how this is theory applies to real world scenarios?,0
10289,explain,0.36,0.72,0.36,Can you explain how this is theory applies to real world scenarios?,0
10289,how,0.72,0.98,0.26,Can you explain how this is theory applies to real world scenarios?,0
10289,this,0.98,1.24,0.26,Can you explain how this is theory applies to real world scenarios?,0
10289,is,1.24,2.02,0.78,Can you explain how this is theory applies to real world scenarios?,0
10289,theory,2.02,2.32,0.2999999999999998,Can you explain how this is theory applies to real world scenarios?,0
10289,applies,2.32,2.62,0.30000000000000027,Can you explain how this is theory applies to real world scenarios?,0
10289,to,2.62,2.86,0.23999999999999977,Can you explain how this is theory applies to real world scenarios?,0
10289,real,2.86,3.08,0.2200000000000002,Can you explain how this is theory applies to real world scenarios?,0
10289,world,3.08,3.28,0.19999999999999973,Can you explain how this is theory applies to real world scenarios?,0
10289,scenarios?,3.28,3.7,0.4200000000000004,Can you explain how this is theory applies to real world scenarios?,0
10071,What,0.0,0.2,0.2,What are the potential long-term effects of prolonged screen time on children's development?,0
10071,are,0.2,0.34,0.14,What are the potential long-term effects of prolonged screen time on children's development?,0
10071,the,0.34,0.5,0.15999999999999998,What are the potential long-term effects of prolonged screen time on children's development?,0
10071,potential,0.5,0.96,0.45999999999999996,What are the potential long-term effects of prolonged screen time on children's development?,0
10071,long,0.96,1.26,0.30000000000000004,What are the potential long-term effects of prolonged screen time on children's development?,0
10071,-term,1.26,1.58,0.32000000000000006,What are the potential long-term effects of prolonged screen time on children's development?,0
10071,effects,1.58,1.92,0.33999999999999986,What are the potential long-term effects of prolonged screen time on children's development?,0
10071,of,1.92,2.18,0.26000000000000023,What are the potential long-term effects of prolonged screen time on children's development?,0
10071,prolonged,2.18,2.4,0.21999999999999975,What are the potential long-term effects of prolonged screen time on children's development?,0
10071,screen,2.4,2.78,0.3799999999999999,What are the potential long-term effects of prolonged screen time on children's development?,0
10071,time,2.78,3.1,0.3200000000000003,What are the potential long-term effects of prolonged screen time on children's development?,0
10071,on,3.1,3.38,0.2799999999999998,What are the potential long-term effects of prolonged screen time on children's development?,0
10071,children's,3.38,4.12,0.7400000000000002,What are the potential long-term effects of prolonged screen time on children's development?,0
10071,development?,4.12,4.64,0.5199999999999996,What are the potential long-term effects of prolonged screen time on children's development?,0
10134,The,0.0,0.14,0.14,"The customer service team is working diligently to resolve all, all that standing issues.",0
10134,customer,0.14,0.52,0.38,"The customer service team is working diligently to resolve all, all that standing issues.",0
10134,service,0.52,0.96,0.43999999999999995,"The customer service team is working diligently to resolve all, all that standing issues.",0
10134,team,0.96,1.28,0.32000000000000006,"The customer service team is working diligently to resolve all, all that standing issues.",0
10134,is,1.28,1.44,0.15999999999999992,"The customer service team is working diligently to resolve all, all that standing issues.",0
10134,working,1.44,1.7,0.26,"The customer service team is working diligently to resolve all, all that standing issues.",0
10134,diligently,1.7,2.04,0.3400000000000001,"The customer service team is working diligently to resolve all, all that standing issues.",0
10134,to,2.04,2.44,0.3999999999999999,"The customer service team is working diligently to resolve all, all that standing issues.",0
10134,resolve,2.44,2.74,0.30000000000000027,"The customer service team is working diligently to resolve all, all that standing issues.",0
10134,"all,",2.74,3.2,0.45999999999999996,"The customer service team is working diligently to resolve all, all that standing issues.",0
10134,all,3.64,3.9,0.2599999999999998,"The customer service team is working diligently to resolve all, all that standing issues.",0
10134,that,3.9,4.02,0.11999999999999966,"The customer service team is working diligently to resolve all, all that standing issues.",0
10134,standing,4.02,4.46,0.4400000000000004,"The customer service team is working diligently to resolve all, all that standing issues.",0
10134,issues.,4.46,4.8,0.33999999999999986,"The customer service team is working diligently to resolve all, all that standing issues.",0
10067,She,0.0,0.24,0.24,She explained that the project would require additional funding to me its objectives.,0
10067,explained,0.24,0.66,0.42000000000000004,She explained that the project would require additional funding to me its objectives.,0
10067,that,0.66,0.92,0.26,She explained that the project would require additional funding to me its objectives.,0
10067,the,0.92,1.04,0.12,She explained that the project would require additional funding to me its objectives.,0
10067,project,1.04,1.36,0.32000000000000006,She explained that the project would require additional funding to me its objectives.,0
10067,would,1.36,1.58,0.21999999999999997,She explained that the project would require additional funding to me its objectives.,0
10067,require,1.58,1.96,0.3799999999999999,She explained that the project would require additional funding to me its objectives.,0
10067,additional,1.96,2.54,0.5800000000000001,She explained that the project would require additional funding to me its objectives.,0
10067,funding,2.54,2.92,0.3799999999999999,She explained that the project would require additional funding to me its objectives.,0
10067,to,2.92,3.24,0.3200000000000003,She explained that the project would require additional funding to me its objectives.,0
10067,me,3.24,3.7,0.45999999999999996,She explained that the project would require additional funding to me its objectives.,0
10067,its,3.7,3.9,0.19999999999999973,She explained that the project would require additional funding to me its objectives.,0
10067,objectives.,3.9,4.48,0.5800000000000005,She explained that the project would require additional funding to me its objectives.,0
10088,The,0.0,0.12,0.12,The study found a strong correlation between regular exercise and,0
10088,study,0.12,0.46,0.34,The study found a strong correlation between regular exercise and,0
10088,found,0.46,0.84,0.37999999999999995,The study found a strong correlation between regular exercise and,0
10088,a,0.84,1.06,0.22000000000000008,The study found a strong correlation between regular exercise and,0
10088,strong,1.06,1.24,0.17999999999999994,The study found a strong correlation between regular exercise and,0
10088,correlation,1.24,1.82,0.5800000000000001,The study found a strong correlation between regular exercise and,0
10088,between,1.82,2.38,0.5599999999999998,The study found a strong correlation between regular exercise and,0
10088,regular,2.38,2.86,0.48,The study found a strong correlation between regular exercise and,0
10088,exercise,2.86,3.52,0.6600000000000001,The study found a strong correlation between regular exercise and,0
10088,and,3.52,3.86,0.33999999999999986,The study found a strong correlation between regular exercise and,0
10088,and,3.86,3.86,0.0,and improvement mental mental health.,0
10088,improvement,3.86,4.32,0.4600000000000004,and improvement mental mental health.,0
10088,mental,4.32,4.66,0.33999999999999986,and improvement mental mental health.,0
10088,mental,4.66,5.38,0.7199999999999998,and improvement mental mental health.,0
10088,health.,5.38,5.78,0.40000000000000036,and improvement mental mental health.,0
10175,she,0.0,0.34,0.34,she believes that education is the key to a better future.,0
10175,believes,0.34,1.0,0.6599999999999999,she believes that education is the key to a better future.,0
10175,that,1.0,1.42,0.41999999999999993,she believes that education is the key to a better future.,0
10175,education,1.42,2.2,0.7800000000000002,she believes that education is the key to a better future.,0
10175,is,2.2,2.64,0.43999999999999995,she believes that education is the key to a better future.,0
10175,the,2.64,2.8,0.1599999999999997,she believes that education is the key to a better future.,0
10175,key,2.8,3.08,0.28000000000000025,she believes that education is the key to a better future.,0
10175,to,3.08,3.32,0.23999999999999977,she believes that education is the key to a better future.,0
10175,a,3.32,3.48,0.16000000000000014,she believes that education is the key to a better future.,0
10175,better,3.48,3.72,0.2400000000000002,she believes that education is the key to a better future.,0
10175,future.,3.72,4.16,0.43999999999999995,she believes that education is the key to a better future.,0
10319,The,0.0,0.1,0.1,The quarterly report indicates a 15%-15% increase in revenue.,0
10319,quarterly,0.1,0.58,0.48,The quarterly report indicates a 15%-15% increase in revenue.,0
10319,report,0.58,1.18,0.6,The quarterly report indicates a 15%-15% increase in revenue.,0
10319,indicates,1.18,1.9,0.72,The quarterly report indicates a 15%-15% increase in revenue.,0
10319,a,1.9,2.2,0.30000000000000027,The quarterly report indicates a 15%-15% increase in revenue.,0
10319,15,2.2,2.68,0.48,The quarterly report indicates a 15%-15% increase in revenue.,0
10319,%,2.68,3.2,0.52,The quarterly report indicates a 15%-15% increase in revenue.,0
10319,-15,3.2,3.9,0.6999999999999997,The quarterly report indicates a 15%-15% increase in revenue.,0
10319,%,3.9,4.34,0.43999999999999995,The quarterly report indicates a 15%-15% increase in revenue.,0
10319,increase,4.34,4.82,0.4800000000000004,The quarterly report indicates a 15%-15% increase in revenue.,0
10319,in,4.82,5.14,0.3199999999999994,The quarterly report indicates a 15%-15% increase in revenue.,0
10319,revenue.,5.14,5.64,0.5,The quarterly report indicates a 15%-15% increase in revenue.,0
10102,Could,0.0,0.14,0.14,Could you please provide more details about the proposed changes to the company's organizational structure?,0
10102,you,0.14,0.26,0.12,Could you please provide more details about the proposed changes to the company's organizational structure?,0
10102,please,0.26,0.5,0.24,Could you please provide more details about the proposed changes to the company's organizational structure?,0
10102,provide,0.5,0.88,0.38,Could you please provide more details about the proposed changes to the company's organizational structure?,0
10102,more,0.88,1.2,0.31999999999999995,Could you please provide more details about the proposed changes to the company's organizational structure?,0
10102,details,1.2,1.64,0.43999999999999995,Could you please provide more details about the proposed changes to the company's organizational structure?,0
10102,about,1.64,2.08,0.44000000000000017,Could you please provide more details about the proposed changes to the company's organizational structure?,0
10102,the,2.08,2.26,0.17999999999999972,Could you please provide more details about the proposed changes to the company's organizational structure?,0
10102,proposed,2.26,2.52,0.26000000000000023,Could you please provide more details about the proposed changes to the company's organizational structure?,0
10102,changes,2.52,2.94,0.41999999999999993,Could you please provide more details about the proposed changes to the company's organizational structure?,0
10102,to,2.94,3.16,0.2200000000000002,Could you please provide more details about the proposed changes to the company's organizational structure?,0
10102,the,3.16,3.36,0.19999999999999973,Could you please provide more details about the proposed changes to the company's organizational structure?,0
10102,company's,3.36,4.62,1.2600000000000002,Could you please provide more details about the proposed changes to the company's organizational structure?,0
10102,organizational,4.62,5.34,0.7199999999999998,Could you please provide more details about the proposed changes to the company's organizational structure?,0
10102,structure?,5.34,5.76,0.41999999999999993,Could you please provide more details about the proposed changes to the company's organizational structure?,0
10155,The,0.0,0.14,0.14,"The new employee benefits package, which includes improved healthcare options, will be announced",0
10155,new,0.14,0.32,0.18,"The new employee benefits package, which includes improved healthcare options, will be announced",0
10155,employee,0.32,0.86,0.54,"The new employee benefits package, which includes improved healthcare options, will be announced",0
10155,benefits,0.86,1.28,0.42000000000000004,"The new employee benefits package, which includes improved healthcare options, will be announced",0
10155,"package,",1.28,2.02,0.74,"The new employee benefits package, which includes improved healthcare options, will be announced",0
10155,which,2.4,2.74,0.3400000000000003,"The new employee benefits package, which includes improved healthcare options, will be announced",0
10155,includes,2.74,3.2,0.45999999999999996,"The new employee benefits package, which includes improved healthcare options, will be announced",0
10155,improved,3.2,3.78,0.5799999999999996,"The new employee benefits package, which includes improved healthcare options, will be announced",0
10155,healthcare,3.78,4.22,0.43999999999999995,"The new employee benefits package, which includes improved healthcare options, will be announced",0
10155,"options,",4.22,5.08,0.8600000000000003,"The new employee benefits package, which includes improved healthcare options, will be announced",0
10155,will,5.38,5.86,0.4800000000000004,"The new employee benefits package, which includes improved healthcare options, will be announced",0
10155,be,5.86,6.04,0.17999999999999972,"The new employee benefits package, which includes improved healthcare options, will be announced",0
10155,announced,6.04,6.6,0.5599999999999996,"The new employee benefits package, which includes improved healthcare options, will be announced",0
10155,and,6.6,7.04,0.4400000000000004,and announced soon.,0
10155,announced,7.04,7.34,0.2999999999999998,and announced soon.,0
10155,soon.,7.34,7.72,0.3799999999999999,and announced soon.,0
10010,The,0.0,0.12,0.12,"The ancient artifact, which was discovered last year, is being studied by archaeologists.",0
10010,ancient,0.12,0.42,0.3,"The ancient artifact, which was discovered last year, is being studied by archaeologists.",0
10010,"artifact,",0.42,0.96,0.54,"The ancient artifact, which was discovered last year, is being studied by archaeologists.",0
10010,which,1.36,1.5,0.1399999999999999,"The ancient artifact, which was discovered last year, is being studied by archaeologists.",0
10010,was,1.5,1.66,0.15999999999999992,"The ancient artifact, which was discovered last year, is being studied by archaeologists.",0
10010,discovered,1.66,2.12,0.4600000000000002,"The ancient artifact, which was discovered last year, is being studied by archaeologists.",0
10010,last,2.12,2.5,0.3799999999999999,"The ancient artifact, which was discovered last year, is being studied by archaeologists.",0
10010,"year,",2.5,2.92,0.41999999999999993,"The ancient artifact, which was discovered last year, is being studied by archaeologists.",0
10010,is,3.24,3.24,0.0,"The ancient artifact, which was discovered last year, is being studied by archaeologists.",0
10010,being,3.24,3.68,0.43999999999999995,"The ancient artifact, which was discovered last year, is being studied by archaeologists.",0
10010,studied,3.68,4.24,0.56,"The ancient artifact, which was discovered last year, is being studied by archaeologists.",0
10010,by,4.24,4.56,0.3199999999999994,"The ancient artifact, which was discovered last year, is being studied by archaeologists.",0
10010,archaeologists.,4.56,5.66,1.1000000000000005,"The ancient artifact, which was discovered last year, is being studied by archaeologists.",0
10180,Can,0.0,0.16,0.16,Can you explain how this new technology will benefit our customers?,0
10180,you,0.16,0.3,0.13999999999999999,Can you explain how this new technology will benefit our customers?,0
10180,explain,0.3,0.78,0.48000000000000004,Can you explain how this new technology will benefit our customers?,0
10180,how,0.78,1.1,0.32000000000000006,Can you explain how this new technology will benefit our customers?,0
10180,this,1.1,1.4,0.2999999999999998,Can you explain how this new technology will benefit our customers?,0
10180,new,1.4,1.74,0.3400000000000001,Can you explain how this new technology will benefit our customers?,0
10180,technology,1.74,3.16,1.4200000000000002,Can you explain how this new technology will benefit our customers?,0
10180,will,3.16,3.64,0.48,Can you explain how this new technology will benefit our customers?,0
10180,benefit,3.64,4.1,0.4599999999999995,Can you explain how this new technology will benefit our customers?,0
10180,our,4.1,4.32,0.22000000000000064,Can you explain how this new technology will benefit our customers?,0
10180,customers?,4.32,4.92,0.5999999999999996,Can you explain how this new technology will benefit our customers?,0
10092,The,0.0,0.14,0.14,The company's commitment to innovation has resulted in several groundbreaking products.,0
10092,company's,0.14,0.82,0.6799999999999999,The company's commitment to innovation has resulted in several groundbreaking products.,0
10092,commitment,0.82,1.22,0.4,The company's commitment to innovation has resulted in several groundbreaking products.,0
10092,to,1.22,1.5,0.28,The company's commitment to innovation has resulted in several groundbreaking products.,0
10092,innovation,1.5,1.9,0.3999999999999999,The company's commitment to innovation has resulted in several groundbreaking products.,0
10092,has,1.9,2.24,0.3400000000000003,The company's commitment to innovation has resulted in several groundbreaking products.,0
10092,resulted,2.24,2.74,0.5,The company's commitment to innovation has resulted in several groundbreaking products.,0
10092,in,2.74,3.02,0.2799999999999998,The company's commitment to innovation has resulted in several groundbreaking products.,0
10092,several,3.02,3.32,0.2999999999999998,The company's commitment to innovation has resulted in several groundbreaking products.,0
10092,groundbreaking,3.32,3.9,0.5800000000000001,The company's commitment to innovation has resulted in several groundbreaking products.,0
10092,products.,3.9,5.2,1.3000000000000003,The company's commitment to innovation has resulted in several groundbreaking products.,0
10250,Our,0.0,0.18,0.18,Our team has has been working on this project for months.,0
10250,team,0.18,0.46,0.28,Our team has has been working on this project for months.,0
10250,has,0.46,0.82,0.35999999999999993,Our team has has been working on this project for months.,0
10250,has,0.82,1.14,0.31999999999999995,Our team has has been working on this project for months.,0
10250,been,1.14,1.34,0.20000000000000018,Our team has has been working on this project for months.,0
10250,working,1.34,1.66,0.31999999999999984,Our team has has been working on this project for months.,0
10250,on,1.66,1.86,0.20000000000000018,Our team has has been working on this project for months.,0
10250,this,1.86,2.04,0.17999999999999994,Our team has has been working on this project for months.,0
10250,project,2.04,2.44,0.3999999999999999,Our team has has been working on this project for months.,0
10250,for,2.44,2.76,0.31999999999999984,Our team has has been working on this project for months.,0
10250,months.,2.76,3.18,0.4200000000000004,Our team has has been working on this project for months.,0
10196,the,0.0,0.12,0.12,"the more we understand about climate change, the better, better crypt we are to address it.",0
10196,more,0.12,0.34,0.22000000000000003,"the more we understand about climate change, the better, better crypt we are to address it.",0
10196,we,0.34,0.5,0.15999999999999998,"the more we understand about climate change, the better, better crypt we are to address it.",0
10196,understand,0.5,1.0,0.5,"the more we understand about climate change, the better, better crypt we are to address it.",0
10196,about,1.0,1.32,0.32000000000000006,"the more we understand about climate change, the better, better crypt we are to address it.",0
10196,climate,1.32,1.64,0.31999999999999984,"the more we understand about climate change, the better, better crypt we are to address it.",0
10196,"change,",1.64,2.14,0.5000000000000002,"the more we understand about climate change, the better, better crypt we are to address it.",0
10196,the,2.24,2.32,0.07999999999999963,"the more we understand about climate change, the better, better crypt we are to address it.",0
10196,"better,",2.32,2.64,0.3200000000000003,"the more we understand about climate change, the better, better crypt we are to address it.",0
10196,better,2.84,3.08,0.2400000000000002,"the more we understand about climate change, the better, better crypt we are to address it.",0
10196,crypt,3.08,3.34,0.2599999999999998,"the more we understand about climate change, the better, better crypt we are to address it.",0
10196,we,3.34,3.52,0.18000000000000016,"the more we understand about climate change, the better, better crypt we are to address it.",0
10196,are,3.52,3.62,0.10000000000000009,"the more we understand about climate change, the better, better crypt we are to address it.",0
10196,to,3.62,3.74,0.1200000000000001,"the more we understand about climate change, the better, better crypt we are to address it.",0
10196,address,3.74,4.04,0.2999999999999998,"the more we understand about climate change, the better, better crypt we are to address it.",0
10196,it.,4.04,4.34,0.2999999999999998,"the more we understand about climate change, the better, better crypt we are to address it.",0
10133,Can,0.0,0.2,0.2,Can you explain why the experiment failed to produce that the expected results?,0
10133,you,0.2,0.38,0.18,Can you explain why the experiment failed to produce that the expected results?,0
10133,explain,0.38,0.8,0.42000000000000004,Can you explain why the experiment failed to produce that the expected results?,0
10133,why,0.8,1.1,0.30000000000000004,Can you explain why the experiment failed to produce that the expected results?,0
10133,the,1.1,1.28,0.17999999999999994,Can you explain why the experiment failed to produce that the expected results?,0
10133,experiment,1.28,1.84,0.56,Can you explain why the experiment failed to produce that the expected results?,0
10133,failed,1.84,2.32,0.47999999999999976,Can you explain why the experiment failed to produce that the expected results?,0
10133,to,2.32,2.56,0.2400000000000002,Can you explain why the experiment failed to produce that the expected results?,0
10133,produce,2.56,2.92,0.3599999999999999,Can you explain why the experiment failed to produce that the expected results?,0
10133,that,2.92,3.16,0.2400000000000002,Can you explain why the experiment failed to produce that the expected results?,0
10133,the,3.16,3.34,0.17999999999999972,Can you explain why the experiment failed to produce that the expected results?,0
10133,expected,3.34,3.86,0.52,Can you explain why the experiment failed to produce that the expected results?,0
10133,results?,3.86,4.46,0.6000000000000001,Can you explain why the experiment failed to produce that the expected results?,0
10236,I've,0.0,0.22,0.22,I've been trying to reach customer service for hours.,0
10236,been,0.22,0.34,0.12000000000000002,I've been trying to reach customer service for hours.,0
10236,trying,0.34,0.58,0.23999999999999994,I've been trying to reach customer service for hours.,0
10236,to,0.58,0.9,0.32000000000000006,I've been trying to reach customer service for hours.,0
10236,reach,0.9,1.38,0.47999999999999987,I've been trying to reach customer service for hours.,0
10236,customer,1.38,1.9,0.52,I've been trying to reach customer service for hours.,0
10236,service,1.9,2.32,0.41999999999999993,I've been trying to reach customer service for hours.,0
10236,for,2.32,2.6,0.28000000000000025,I've been trying to reach customer service for hours.,0
10236,hours.,2.6,2.92,0.31999999999999984,I've been trying to reach customer service for hours.,0
101,Let's,0.0,0.84,0.84,Let's go to the beach.,0
101,go,0.84,1.0,0.16000000000000003,Let's go to the beach.,0
101,to,1.0,1.24,0.24,Let's go to the beach.,0
101,the,1.24,1.7,0.45999999999999996,Let's go to the beach.,0
101,beach.,1.7,1.94,0.24,Let's go to the beach.,0
1026,I,0.0,0.2,0.2,I have finished my homework.,0
1026,have,0.2,0.48,0.27999999999999997,I have finished my homework.,0
1026,finished,0.48,0.98,0.5,I have finished my homework.,0
1026,my,0.98,1.28,0.30000000000000004,I have finished my homework.,0
1026,homework.,1.28,1.64,0.3599999999999999,I have finished my homework.,0
10148,Could,0.0,0.16,0.16,"Could you please provide more details about the proposed merger, merger with our competitor?",0
10148,you,0.16,0.26,0.1,"Could you please provide more details about the proposed merger, merger with our competitor?",0
10148,please,0.26,0.5,0.24,"Could you please provide more details about the proposed merger, merger with our competitor?",0
10148,provide,0.5,0.82,0.31999999999999995,"Could you please provide more details about the proposed merger, merger with our competitor?",0
10148,more,0.82,1.08,0.2600000000000001,"Could you please provide more details about the proposed merger, merger with our competitor?",0
10148,details,1.08,1.44,0.3599999999999999,"Could you please provide more details about the proposed merger, merger with our competitor?",0
10148,about,1.44,1.78,0.3400000000000001,"Could you please provide more details about the proposed merger, merger with our competitor?",0
10148,the,1.78,1.88,0.09999999999999987,"Could you please provide more details about the proposed merger, merger with our competitor?",0
10148,proposed,1.88,2.16,0.28000000000000025,"Could you please provide more details about the proposed merger, merger with our competitor?",0
10148,"merger,",2.16,2.6,0.43999999999999995,"Could you please provide more details about the proposed merger, merger with our competitor?",0
10148,merger,3.32,3.6,0.28000000000000025,"Could you please provide more details about the proposed merger, merger with our competitor?",0
10148,with,3.6,3.86,0.2599999999999998,"Could you please provide more details about the proposed merger, merger with our competitor?",0
10148,our,3.86,3.96,0.10000000000000009,"Could you please provide more details about the proposed merger, merger with our competitor?",0
10148,competitor?,3.96,4.46,0.5,"Could you please provide more details about the proposed merger, merger with our competitor?",0
1030,Did,0.0,0.24,0.24,Did you call your mom?,0
1030,you,0.24,1.14,0.8999999999999999,Did you call your mom?,0
1030,call,1.14,1.34,0.20000000000000018,Did you call your mom?,0
1030,your,1.34,1.52,0.17999999999999994,Did you call your mom?,0
1030,mom?,1.52,1.78,0.26,Did you call your mom?,0
10277,Could,0.0,0.18,0.18,"Could you recommend a good, good local restaurant?",0
10277,you,0.18,0.4,0.22000000000000003,"Could you recommend a good, good local restaurant?",0
10277,recommend,0.4,1.04,0.64,"Could you recommend a good, good local restaurant?",0
10277,a,1.04,1.32,0.28,"Could you recommend a good, good local restaurant?",0
10277,"good,",1.32,1.7,0.3799999999999999,"Could you recommend a good, good local restaurant?",0
10277,good,2.28,2.6,0.3200000000000003,"Could you recommend a good, good local restaurant?",0
10277,local,2.6,3.08,0.48,"Could you recommend a good, good local restaurant?",0
10277,restaurant?,3.08,3.72,0.6400000000000001,"Could you recommend a good, good local restaurant?",0
10257,The,0.0,0.12,0.12,The lecture was informative but rather long.,0
10257,lecture,0.12,0.54,0.42000000000000004,The lecture was informative but rather long.,0
10257,was,0.54,0.86,0.31999999999999995,The lecture was informative but rather long.,0
10257,informative,0.86,1.46,0.6,The lecture was informative but rather long.,0
10257,but,1.46,1.96,0.5,The lecture was informative but rather long.,0
10257,rather,1.96,2.94,0.98,The lecture was informative but rather long.,0
10257,long.,2.94,3.32,0.3799999999999999,The lecture was informative but rather long.,0
10083,researchers,0.0,0.54,0.54,researchers have studied the effects of climate change on marine ecosystems.,0
10083,have,0.54,0.82,0.2799999999999999,researchers have studied the effects of climate change on marine ecosystems.,0
10083,studied,0.82,1.12,0.30000000000000016,researchers have studied the effects of climate change on marine ecosystems.,0
10083,the,1.12,1.3,0.17999999999999994,researchers have studied the effects of climate change on marine ecosystems.,0
10083,effects,1.3,1.54,0.24,researchers have studied the effects of climate change on marine ecosystems.,0
10083,of,1.54,1.74,0.19999999999999996,researchers have studied the effects of climate change on marine ecosystems.,0
10083,climate,1.74,2.02,0.28,researchers have studied the effects of climate change on marine ecosystems.,0
10083,change,2.02,2.46,0.43999999999999995,researchers have studied the effects of climate change on marine ecosystems.,0
10083,on,2.46,2.8,0.33999999999999986,researchers have studied the effects of climate change on marine ecosystems.,0
10083,marine,2.8,3.28,0.48,researchers have studied the effects of climate change on marine ecosystems.,0
10083,ecosystems.,3.28,4.06,0.7799999999999998,researchers have studied the effects of climate change on marine ecosystems.,0
10187,The,0.0,0.1,0.1,"The company has been, has been invest in heavily in renewable energy technologies.",0
10187,company,0.1,0.56,0.4600000000000001,"The company has been, has been invest in heavily in renewable energy technologies.",0
10187,has,0.56,1.0,0.43999999999999995,"The company has been, has been invest in heavily in renewable energy technologies.",0
10187,"been,",1.0,1.3,0.30000000000000004,"The company has been, has been invest in heavily in renewable energy technologies.",0
10187,has,1.42,1.72,0.30000000000000004,"The company has been, has been invest in heavily in renewable energy technologies.",0
10187,been,1.72,1.96,0.24,"The company has been, has been invest in heavily in renewable energy technologies.",0
10187,invest,1.96,2.46,0.5,"The company has been, has been invest in heavily in renewable energy technologies.",0
10187,in,2.46,2.8,0.33999999999999986,"The company has been, has been invest in heavily in renewable energy technologies.",0
10187,heavily,2.8,3.26,0.45999999999999996,"The company has been, has been invest in heavily in renewable energy technologies.",0
10187,in,3.26,3.66,0.40000000000000036,"The company has been, has been invest in heavily in renewable energy technologies.",0
10187,renewable,3.66,4.1,0.4399999999999995,"The company has been, has been invest in heavily in renewable energy technologies.",0
10187,energy,4.1,4.7,0.6000000000000005,"The company has been, has been invest in heavily in renewable energy technologies.",0
10187,technologies.,4.7,5.6,0.8999999999999995,"The company has been, has been invest in heavily in renewable energy technologies.",0
10241,If,0.0,0.16,0.16,"If you had told me earlier, I could have helped you with the project.",0
10241,you,0.16,0.24,0.07999999999999999,"If you had told me earlier, I could have helped you with the project.",0
10241,had,0.24,0.36,0.12,"If you had told me earlier, I could have helped you with the project.",0
10241,told,0.36,0.62,0.26,"If you had told me earlier, I could have helped you with the project.",0
10241,me,0.62,0.8,0.18000000000000005,"If you had told me earlier, I could have helped you with the project.",0
10241,"earlier,",0.8,1.26,0.45999999999999996,"If you had told me earlier, I could have helped you with the project.",0
10241,I,1.78,1.92,0.1399999999999999,"If you had told me earlier, I could have helped you with the project.",0
10241,could,1.92,2.6,0.6800000000000002,"If you had told me earlier, I could have helped you with the project.",0
10241,have,2.6,2.76,0.1599999999999997,"If you had told me earlier, I could have helped you with the project.",0
10241,helped,2.76,2.96,0.20000000000000018,"If you had told me earlier, I could have helped you with the project.",0
10241,you,2.96,3.18,0.2200000000000002,"If you had told me earlier, I could have helped you with the project.",0
10241,with,3.18,3.34,0.1599999999999997,"If you had told me earlier, I could have helped you with the project.",0
10241,the,3.34,3.42,0.08000000000000007,"If you had told me earlier, I could have helped you with the project.",0
10241,project.,3.42,3.82,0.3999999999999999,"If you had told me earlier, I could have helped you with the project.",0
10294,we,0.0,0.12,0.12,we should plan a family vacation for next summer.,0
10294,should,0.12,0.26,0.14,we should plan a family vacation for next summer.,0
10294,plan,0.26,0.56,0.30000000000000004,we should plan a family vacation for next summer.,0
10294,a,0.56,0.82,0.2599999999999999,we should plan a family vacation for next summer.,0
10294,family,0.82,1.4,0.58,we should plan a family vacation for next summer.,0
10294,vacation,1.4,1.98,0.5800000000000001,we should plan a family vacation for next summer.,0
10294,for,1.98,2.3,0.31999999999999984,we should plan a family vacation for next summer.,0
10294,next,2.3,2.52,0.2200000000000002,we should plan a family vacation for next summer.,0
10294,summer.,2.52,2.84,0.31999999999999984,we should plan a family vacation for next summer.,0
10104,We,0.0,0.16,0.16,We need to develop a comprehensive strategy to address the challenges of cybersecurity in,0
10104,need,0.16,0.3,0.13999999999999999,We need to develop a comprehensive strategy to address the challenges of cybersecurity in,0
10104,to,0.3,0.48,0.18,We need to develop a comprehensive strategy to address the challenges of cybersecurity in,0
10104,develop,0.48,0.88,0.4,We need to develop a comprehensive strategy to address the challenges of cybersecurity in,0
10104,a,0.88,1.16,0.2799999999999999,We need to develop a comprehensive strategy to address the challenges of cybersecurity in,0
10104,comprehensive,1.16,1.78,0.6200000000000001,We need to develop a comprehensive strategy to address the challenges of cybersecurity in,0
10104,strategy,1.78,2.36,0.5799999999999998,We need to develop a comprehensive strategy to address the challenges of cybersecurity in,0
10104,to,2.36,2.66,0.30000000000000027,We need to develop a comprehensive strategy to address the challenges of cybersecurity in,0
10104,address,2.66,3.0,0.33999999999999986,We need to develop a comprehensive strategy to address the challenges of cybersecurity in,0
10104,the,3.0,3.3,0.2999999999999998,We need to develop a comprehensive strategy to address the challenges of cybersecurity in,0
10104,challenges,3.3,3.8,0.5,We need to develop a comprehensive strategy to address the challenges of cybersecurity in,0
10104,of,3.8,4.0,0.20000000000000018,We need to develop a comprehensive strategy to address the challenges of cybersecurity in,0
10104,cybersecurity,4.0,4.62,0.6200000000000001,We need to develop a comprehensive strategy to address the challenges of cybersecurity in,0
10104,in,4.62,5.1,0.47999999999999954,We need to develop a comprehensive strategy to address the challenges of cybersecurity in,0
10104,"there,",5.1,5.24,0.14000000000000057,"there, the digital age.",0
10104,the,5.82,5.9,0.08000000000000007,"there, the digital age.",0
10104,digital,5.9,6.32,0.41999999999999993,"there, the digital age.",0
10104,age.,6.32,6.72,0.39999999999999947,"there, the digital age.",0
10016,The,0.0,0.16,0.16,The employees who contributed to the project received bonuses for the hard work.,0
10016,employees,0.16,0.58,0.41999999999999993,The employees who contributed to the project received bonuses for the hard work.,0
10016,who,0.58,0.88,0.30000000000000004,The employees who contributed to the project received bonuses for the hard work.,0
10016,contributed,0.88,1.82,0.9400000000000001,The employees who contributed to the project received bonuses for the hard work.,0
10016,to,1.82,2.16,0.3400000000000001,The employees who contributed to the project received bonuses for the hard work.,0
10016,the,2.16,2.28,0.11999999999999966,The employees who contributed to the project received bonuses for the hard work.,0
10016,project,2.28,2.66,0.38000000000000034,The employees who contributed to the project received bonuses for the hard work.,0
10016,received,2.66,3.24,0.5800000000000001,The employees who contributed to the project received bonuses for the hard work.,0
10016,bonuses,3.24,3.76,0.5199999999999996,The employees who contributed to the project received bonuses for the hard work.,0
10016,for,3.76,4.06,0.2999999999999998,The employees who contributed to the project received bonuses for the hard work.,0
10016,the,4.06,4.2,0.14000000000000057,The employees who contributed to the project received bonuses for the hard work.,0
10016,hard,4.2,4.42,0.21999999999999975,The employees who contributed to the project received bonuses for the hard work.,0
10016,work.,4.42,4.78,0.3600000000000003,The employees who contributed to the project received bonuses for the hard work.,0
10000,The,0.0,0.12,0.12,The latest smartphone model features a camera that takes stunning photos and low light.,0
10000,latest,0.12,0.42,0.3,The latest smartphone model features a camera that takes stunning photos and low light.,0
10000,smartphone,0.42,0.98,0.56,The latest smartphone model features a camera that takes stunning photos and low light.,0
10000,model,0.98,1.4,0.41999999999999993,The latest smartphone model features a camera that takes stunning photos and low light.,0
10000,features,1.4,1.82,0.42000000000000015,The latest smartphone model features a camera that takes stunning photos and low light.,0
10000,a,1.82,2.04,0.21999999999999997,The latest smartphone model features a camera that takes stunning photos and low light.,0
10000,camera,2.04,2.34,0.2999999999999998,The latest smartphone model features a camera that takes stunning photos and low light.,0
10000,that,2.34,2.58,0.2400000000000002,The latest smartphone model features a camera that takes stunning photos and low light.,0
10000,takes,2.58,3.12,0.54,The latest smartphone model features a camera that takes stunning photos and low light.,0
10000,stunning,3.12,3.52,0.3999999999999999,The latest smartphone model features a camera that takes stunning photos and low light.,0
10000,photos,3.52,4.08,0.56,The latest smartphone model features a camera that takes stunning photos and low light.,0
10000,and,4.08,4.34,0.2599999999999998,The latest smartphone model features a camera that takes stunning photos and low light.,0
10000,low,4.34,4.52,0.17999999999999972,The latest smartphone model features a camera that takes stunning photos and low light.,0
10000,light.,4.52,4.8,0.28000000000000025,The latest smartphone model features a camera that takes stunning photos and low light.,0
10169,Despite,0.0,0.36,0.36,"Despite the economic uncertainties, our company has maintained a strong, strong market position.",0
10169,the,0.36,0.6,0.24,"Despite the economic uncertainties, our company has maintained a strong, strong market position.",0
10169,economic,0.6,1.06,0.4600000000000001,"Despite the economic uncertainties, our company has maintained a strong, strong market position.",0
10169,"uncertainties,",1.06,2.12,1.06,"Despite the economic uncertainties, our company has maintained a strong, strong market position.",0
10169,our,2.34,2.44,0.10000000000000009,"Despite the economic uncertainties, our company has maintained a strong, strong market position.",0
10169,company,2.44,2.82,0.3799999999999999,"Despite the economic uncertainties, our company has maintained a strong, strong market position.",0
10169,has,2.82,3.1,0.28000000000000025,"Despite the economic uncertainties, our company has maintained a strong, strong market position.",0
10169,maintained,3.1,3.5,0.3999999999999999,"Despite the economic uncertainties, our company has maintained a strong, strong market position.",0
10169,a,3.5,3.72,0.2200000000000002,"Despite the economic uncertainties, our company has maintained a strong, strong market position.",0
10169,"strong,",3.72,4.06,0.3399999999999994,"Despite the economic uncertainties, our company has maintained a strong, strong market position.",0
10169,strong,4.16,4.54,0.3799999999999999,"Despite the economic uncertainties, our company has maintained a strong, strong market position.",0
10169,market,4.54,4.84,0.2999999999999998,"Despite the economic uncertainties, our company has maintained a strong, strong market position.",0
10169,position.,4.84,5.44,0.6000000000000005,"Despite the economic uncertainties, our company has maintained a strong, strong market position.",0
10094,Could,0.0,0.18,0.18,Could you please explain the main features of the new software update?,0
10094,you,0.18,0.34,0.16000000000000003,Could you please explain the main features of the new software update?,0
10094,please,0.34,0.66,0.32,Could you please explain the main features of the new software update?,0
10094,explain,0.66,1.16,0.4999999999999999,Could you please explain the main features of the new software update?,0
10094,the,1.16,1.34,0.18000000000000016,Could you please explain the main features of the new software update?,0
10094,main,1.34,1.58,0.24,Could you please explain the main features of the new software update?,0
10094,features,1.58,2.08,0.5,Could you please explain the main features of the new software update?,0
10094,of,2.08,2.38,0.2999999999999998,Could you please explain the main features of the new software update?,0
10094,the,2.38,2.52,0.14000000000000012,Could you please explain the main features of the new software update?,0
10094,new,2.52,2.92,0.3999999999999999,Could you please explain the main features of the new software update?,0
10094,software,2.92,3.92,1.0,Could you please explain the main features of the new software update?,0
10094,update?,3.92,4.46,0.54,Could you please explain the main features of the new software update?,0
10082,The,0.0,0.14,0.14,The company's commitment to diversity and inclusion has has improved in ploy satisfaction.,0
10082,company's,0.14,0.88,0.74,The company's commitment to diversity and inclusion has has improved in ploy satisfaction.,0
10082,commitment,0.88,1.36,0.4800000000000001,The company's commitment to diversity and inclusion has has improved in ploy satisfaction.,0
10082,to,1.36,1.6,0.24,The company's commitment to diversity and inclusion has has improved in ploy satisfaction.,0
10082,diversity,1.6,2.4,0.7999999999999998,The company's commitment to diversity and inclusion has has improved in ploy satisfaction.,0
10082,and,2.4,2.78,0.3799999999999999,The company's commitment to diversity and inclusion has has improved in ploy satisfaction.,0
10082,inclusion,2.78,3.44,0.6600000000000001,The company's commitment to diversity and inclusion has has improved in ploy satisfaction.,0
10082,has,3.44,4.02,0.5799999999999996,The company's commitment to diversity and inclusion has has improved in ploy satisfaction.,0
10082,has,4.02,4.36,0.34000000000000075,The company's commitment to diversity and inclusion has has improved in ploy satisfaction.,0
10082,improved,4.36,4.84,0.47999999999999954,The company's commitment to diversity and inclusion has has improved in ploy satisfaction.,0
10082,in,4.84,5.1,0.2599999999999998,The company's commitment to diversity and inclusion has has improved in ploy satisfaction.,0
10082,ploy,5.1,5.56,0.45999999999999996,The company's commitment to diversity and inclusion has has improved in ploy satisfaction.,0
10082,satisfaction.,5.56,6.16,0.6000000000000005,The company's commitment to diversity and inclusion has has improved in ploy satisfaction.,0
10128,If,0.0,0.2,0.2,"If we implement these changes, we should see a notable increase in productivity.",0
10128,we,0.2,0.3,0.09999999999999998,"If we implement these changes, we should see a notable increase in productivity.",0
10128,implement,0.3,0.58,0.27999999999999997,"If we implement these changes, we should see a notable increase in productivity.",0
10128,these,0.58,0.82,0.24,"If we implement these changes, we should see a notable increase in productivity.",0
10128,"changes,",0.82,1.24,0.42000000000000004,"If we implement these changes, we should see a notable increase in productivity.",0
10128,we,1.72,1.8,0.08000000000000007,"If we implement these changes, we should see a notable increase in productivity.",0
10128,should,1.8,1.98,0.17999999999999994,"If we implement these changes, we should see a notable increase in productivity.",0
10128,see,1.98,2.16,0.18000000000000016,"If we implement these changes, we should see a notable increase in productivity.",0
10128,a,2.16,2.26,0.09999999999999964,"If we implement these changes, we should see a notable increase in productivity.",0
10128,notable,2.26,2.58,0.3200000000000003,"If we implement these changes, we should see a notable increase in productivity.",0
10128,increase,2.58,3.04,0.45999999999999996,"If we implement these changes, we should see a notable increase in productivity.",0
10128,in,3.04,3.42,0.3799999999999999,"If we implement these changes, we should see a notable increase in productivity.",0
10128,productivity.,3.42,4.36,0.9400000000000004,"If we implement these changes, we should see a notable increase in productivity.",0
10313,Is,0.0,0.2,0.2,Is it possible to extend our stay for an additional night?,0
10313,it,0.2,0.32,0.12,Is it possible to extend our stay for an additional night?,0
10313,possible,0.32,0.88,0.56,Is it possible to extend our stay for an additional night?,0
10313,to,0.88,1.24,0.36,Is it possible to extend our stay for an additional night?,0
10313,extend,1.24,1.66,0.41999999999999993,Is it possible to extend our stay for an additional night?,0
10313,our,1.66,1.92,0.26,Is it possible to extend our stay for an additional night?,0
10313,stay,1.92,2.26,0.33999999999999986,Is it possible to extend our stay for an additional night?,0
10313,for,2.26,2.54,0.28000000000000025,Is it possible to extend our stay for an additional night?,0
10313,an,2.54,2.84,0.2999999999999998,Is it possible to extend our stay for an additional night?,0
10313,additional,2.84,3.72,0.8800000000000003,Is it possible to extend our stay for an additional night?,0
10313,night?,3.72,4.22,0.49999999999999956,Is it possible to extend our stay for an additional night?,0
10276,What,0.0,0.22,0.22,"What time does our, our flight depart?",0
10276,time,0.22,0.48,0.26,"What time does our, our flight depart?",0
10276,does,0.48,0.82,0.33999999999999997,"What time does our, our flight depart?",0
10276,"our,",0.82,1.02,0.20000000000000007,"What time does our, our flight depart?",0
10276,our,1.4,1.74,0.3400000000000001,"What time does our, our flight depart?",0
10276,flight,1.74,2.06,0.32000000000000006,"What time does our, our flight depart?",0
10276,depart?,2.06,2.5,0.43999999999999995,"What time does our, our flight depart?",0
10149,Idd,0.0,0.2,0.2,"Idd ar pr y postnos o faddi doen, llael ar angu beth кожu fas i y w agodaill.",0
10149,ar,0.2,0.6,0.39999999999999997,"Idd ar pr y postnos o faddi doen, llael ar angu beth кожu fas i y w agodaill.",0
10149,pr,0.6,0.6,0.0,"Idd ar pr y postnos o faddi doen, llael ar angu beth кожu fas i y w agodaill.",0
10149,y,0.6,1.3,0.7000000000000001,"Idd ar pr y postnos o faddi doen, llael ar angu beth кожu fas i y w agodaill.",0
10149,postnos,1.3,1.5,0.19999999999999996,"Idd ar pr y postnos o faddi doen, llael ar angu beth кожu fas i y w agodaill.",0
10149,o,1.5,1.72,0.21999999999999997,"Idd ar pr y postnos o faddi doen, llael ar angu beth кожu fas i y w agodaill.",0
10149,faddi,1.72,2.4,0.6799999999999999,"Idd ar pr y postnos o faddi doen, llael ar angu beth кожu fas i y w agodaill.",0
10149,"doen,",2.4,2.5,0.10000000000000009,"Idd ar pr y postnos o faddi doen, llael ar angu beth кожu fas i y w agodaill.",0
10149,llael,2.58,3.22,0.6400000000000001,"Idd ar pr y postnos o faddi doen, llael ar angu beth кожu fas i y w agodaill.",0
10149,ar,3.22,3.36,0.13999999999999968,"Idd ar pr y postnos o faddi doen, llael ar angu beth кожu fas i y w agodaill.",0
10149,angu,3.36,3.62,0.26000000000000023,"Idd ar pr y postnos o faddi doen, llael ar angu beth кожu fas i y w agodaill.",0
10149,beth,3.62,4.14,0.5199999999999996,"Idd ar pr y postnos o faddi doen, llael ar angu beth кожu fas i y w agodaill.",0
10149,кожu,4.14,4.26,0.1200000000000001,"Idd ar pr y postnos o faddi doen, llael ar angu beth кожu fas i y w agodaill.",0
10149,fas,4.26,4.26,0.0,"Idd ar pr y postnos o faddi doen, llael ar angu beth кожu fas i y w agodaill.",0
10149,i,4.26,4.26,0.0,"Idd ar pr y postnos o faddi doen, llael ar angu beth кожu fas i y w agodaill.",0
10149,y,4.26,4.26,0.0,"Idd ar pr y postnos o faddi doen, llael ar angu beth кожu fas i y w agodaill.",0
10149,w,4.26,4.26,0.0,"Idd ar pr y postnos o faddi doen, llael ar angu beth кожu fas i y w agodaill.",0
10149,agodaill.,4.26,5.16,0.9000000000000004,"Idd ar pr y postnos o faddi doen, llael ar angu beth кожu fas i y w agodaill.",0
10325,The,0.0,0.14,0.14,The software update will be released once all the bugs have been fixed.,0
10325,software,0.14,0.6,0.45999999999999996,The software update will be released once all the bugs have been fixed.,0
10325,update,0.6,1.16,0.5599999999999999,The software update will be released once all the bugs have been fixed.,0
10325,will,1.16,1.38,0.21999999999999997,The software update will be released once all the bugs have been fixed.,0
10325,be,1.38,1.54,0.16000000000000014,The software update will be released once all the bugs have been fixed.,0
10325,released,1.54,1.9,0.3599999999999999,The software update will be released once all the bugs have been fixed.,0
10325,once,1.9,2.2,0.30000000000000027,The software update will be released once all the bugs have been fixed.,0
10325,all,2.2,2.36,0.1599999999999997,The software update will be released once all the bugs have been fixed.,0
10325,the,2.36,2.46,0.10000000000000009,The software update will be released once all the bugs have been fixed.,0
10325,bugs,2.46,2.7,0.2400000000000002,The software update will be released once all the bugs have been fixed.,0
10325,have,2.7,2.9,0.19999999999999973,The software update will be released once all the bugs have been fixed.,0
10325,been,2.9,3.12,0.2200000000000002,The software update will be released once all the bugs have been fixed.,0
10325,fixed.,3.12,3.88,0.7599999999999998,The software update will be released once all the bugs have been fixed.,0
10260,"Mum,",0.0,0.24,0.24,"Mum, mum asked if we had finished our homework.",0
10260,mum,0.46,0.6,0.13999999999999996,"Mum, mum asked if we had finished our homework.",0
10260,asked,0.6,0.84,0.24,"Mum, mum asked if we had finished our homework.",0
10260,if,0.84,1.0,0.16000000000000003,"Mum, mum asked if we had finished our homework.",0
10260,we,1.0,1.12,0.1200000000000001,"Mum, mum asked if we had finished our homework.",0
10260,had,1.12,1.26,0.1399999999999999,"Mum, mum asked if we had finished our homework.",0
10260,finished,1.26,1.56,0.30000000000000004,"Mum, mum asked if we had finished our homework.",0
10260,our,1.56,1.82,0.26,"Mum, mum asked if we had finished our homework.",0
10260,homework.,1.82,2.18,0.3600000000000001,"Mum, mum asked if we had finished our homework.",0
10077,Can,0.0,0.2,0.2,Can you explain the potential benefits and risks of implementing this?,0
10077,you,0.2,0.4,0.2,Can you explain the potential benefits and risks of implementing this?,0
10077,explain,0.4,0.86,0.45999999999999996,Can you explain the potential benefits and risks of implementing this?,0
10077,the,0.86,1.08,0.22000000000000008,Can you explain the potential benefits and risks of implementing this?,0
10077,potential,1.08,1.58,0.5,Can you explain the potential benefits and risks of implementing this?,0
10077,benefits,1.58,2.22,0.6400000000000001,Can you explain the potential benefits and risks of implementing this?,0
10077,and,2.22,2.58,0.3599999999999999,Can you explain the potential benefits and risks of implementing this?,0
10077,risks,2.58,3.02,0.43999999999999995,Can you explain the potential benefits and risks of implementing this?,0
10077,of,3.02,3.32,0.2999999999999998,Can you explain the potential benefits and risks of implementing this?,0
10077,implementing,3.32,4.04,0.7200000000000002,Can you explain the potential benefits and risks of implementing this?,0
10077,this?,4.04,4.72,0.6799999999999997,Can you explain the potential benefits and risks of implementing this?,0
10077,This,4.96,5.24,0.28000000000000025,This new technology?,0
10077,new,5.24,5.44,0.20000000000000018,This new technology?,0
10077,technology?,5.44,6.16,0.7199999999999998,This new technology?,0
10173,Can,0.0,0.16,0.16,Can you explain how the proposed organizational changes will improve our operational efficiency?,0
10173,you,0.16,0.28,0.12000000000000002,Can you explain how the proposed organizational changes will improve our operational efficiency?,0
10173,explain,0.28,0.62,0.33999999999999997,Can you explain how the proposed organizational changes will improve our operational efficiency?,0
10173,how,0.62,0.86,0.24,Can you explain how the proposed organizational changes will improve our operational efficiency?,0
10173,the,0.86,1.0,0.14,Can you explain how the proposed organizational changes will improve our operational efficiency?,0
10173,proposed,1.0,1.32,0.32000000000000006,Can you explain how the proposed organizational changes will improve our operational efficiency?,0
10173,organizational,1.32,2.1,0.78,Can you explain how the proposed organizational changes will improve our operational efficiency?,0
10173,changes,2.1,2.68,0.5800000000000001,Can you explain how the proposed organizational changes will improve our operational efficiency?,0
10173,will,2.68,2.98,0.2999999999999998,Can you explain how the proposed organizational changes will improve our operational efficiency?,0
10173,improve,2.98,3.96,0.98,Can you explain how the proposed organizational changes will improve our operational efficiency?,0
10173,our,3.96,4.2,0.2400000000000002,Can you explain how the proposed organizational changes will improve our operational efficiency?,0
10173,operational,4.2,4.8,0.5999999999999996,Can you explain how the proposed organizational changes will improve our operational efficiency?,0
10173,efficiency?,4.8,5.36,0.5600000000000005,Can you explain how the proposed organizational changes will improve our operational efficiency?,0
1120,Your,0.0,0.36,0.36,Your test results will be available in 35 of business days.,1
1120,test,0.36,0.6,0.24,Your test results will be available in 35 of business days.,1
1120,results,0.6,0.92,0.32000000000000006,Your test results will be available in 35 of business days.,1
1120,will,0.92,1.22,0.29999999999999993,Your test results will be available in 35 of business days.,1
1120,be,1.22,1.38,0.15999999999999992,Your test results will be available in 35 of business days.,1
1120,available,1.38,1.72,0.3400000000000001,Your test results will be available in 35 of business days.,1
1120,in,1.72,1.98,0.26,Your test results will be available in 35 of business days.,1
1120,35,1.98,2.44,0.45999999999999996,Your test results will be available in 35 of business days.,1
1120,of,2.44,2.6,0.16000000000000014,Your test results will be available in 35 of business days.,1
1120,business,2.6,2.84,0.23999999999999977,Your test results will be available in 35 of business days.,1
1120,days.,2.84,3.18,0.3400000000000003,Your test results will be available in 35 of business days.,1
1065,We,0.0,0.48,0.48,We should plan a trip together sometime.,1
1065,should,0.48,0.62,0.14,We should plan a trip together sometime.,1
1065,plan,0.62,0.84,0.21999999999999997,We should plan a trip together sometime.,1
1065,a,0.84,1.0,0.16000000000000003,We should plan a trip together sometime.,1
1065,trip,1.0,1.28,0.28,We should plan a trip together sometime.,1
1065,together,1.28,1.96,0.6799999999999999,We should plan a trip together sometime.,1
1065,sometime.,1.96,2.88,0.9199999999999999,We should plan a trip together sometime.,1
1032,Please,0.0,0.48,0.48,Please fill out this form and return it to reception.,1
1032,fill,0.48,0.76,0.28,Please fill out this form and return it to reception.,1
1032,out,0.76,0.94,0.17999999999999994,Please fill out this form and return it to reception.,1
1032,this,0.94,1.14,0.19999999999999996,Please fill out this form and return it to reception.,1
1032,form,1.14,1.44,0.30000000000000004,Please fill out this form and return it to reception.,1
1032,and,1.44,1.68,0.24,Please fill out this form and return it to reception.,1
1032,return,1.68,2.28,0.5999999999999999,Please fill out this form and return it to reception.,1
1032,it,2.28,2.44,0.16000000000000014,Please fill out this form and return it to reception.,1
1032,to,2.44,2.6,0.16000000000000014,Please fill out this form and return it to reception.,1
1032,reception.,2.6,2.98,0.3799999999999999,Please fill out this form and return it to reception.,1
1161,The,0.0,0.56,0.56,"The CEO will announce the company's new direction, next week, uh...",1
1161,CEO,0.56,1.06,0.5,"The CEO will announce the company's new direction, next week, uh...",1
1161,will,1.06,1.34,0.28,"The CEO will announce the company's new direction, next week, uh...",1
1161,announce,1.34,1.7,0.3599999999999999,"The CEO will announce the company's new direction, next week, uh...",1
1161,the,1.7,1.84,0.14000000000000012,"The CEO will announce the company's new direction, next week, uh...",1
1161,company's,1.84,2.32,0.47999999999999976,"The CEO will announce the company's new direction, next week, uh...",1
1161,new,2.32,2.46,0.14000000000000012,"The CEO will announce the company's new direction, next week, uh...",1
1161,"direction,",2.46,2.94,0.48,"The CEO will announce the company's new direction, next week, uh...",1
1161,next,3.26,3.52,0.26000000000000023,"The CEO will announce the company's new direction, next week, uh...",1
1161,"week,",3.52,3.84,0.31999999999999984,"The CEO will announce the company's new direction, next week, uh...",1
1161,uh...,4.2,4.56,0.35999999999999943,"The CEO will announce the company's new direction, next week, uh...",1
1073,The,0.0,0.38,0.38,The library will be closed for renovations next week.,1
1073,library,0.38,0.8,0.42000000000000004,The library will be closed for renovations next week.,1
1073,will,0.8,1.06,0.26,The library will be closed for renovations next week.,1
1073,be,1.06,1.18,0.11999999999999988,The library will be closed for renovations next week.,1
1073,closed,1.18,1.46,0.28,The library will be closed for renovations next week.,1
1073,for,1.46,1.7,0.24,The library will be closed for renovations next week.,1
1073,renovations,1.7,2.48,0.78,The library will be closed for renovations next week.,1
1073,next,2.48,3.56,1.08,The library will be closed for renovations next week.,1
1073,week.,3.56,3.88,0.31999999999999984,The library will be closed for renovations next week.,1
1008,The,0.0,0.5,0.5,The client meeting is scheduled for 2pm tomorrow in.,1
1008,client,0.5,0.82,0.31999999999999995,The client meeting is scheduled for 2pm tomorrow in.,1
1008,meeting,0.82,1.2,0.38,The client meeting is scheduled for 2pm tomorrow in.,1
1008,is,1.2,1.68,0.48,The client meeting is scheduled for 2pm tomorrow in.,1
1008,scheduled,1.68,2.16,0.4800000000000002,The client meeting is scheduled for 2pm tomorrow in.,1
1008,for,2.16,2.56,0.3999999999999999,The client meeting is scheduled for 2pm tomorrow in.,1
1008,2pm,2.56,3.14,0.5800000000000001,The client meeting is scheduled for 2pm tomorrow in.,1
1008,tomorrow,3.14,3.62,0.48,The client meeting is scheduled for 2pm tomorrow in.,1
1008,in.,3.62,3.94,0.31999999999999984,The client meeting is scheduled for 2pm tomorrow in.,1
1086,The,0.8599999999999997,1.34,0.4800000000000004,The emergency exit is located on at the end of the hall.,1
1086,emergency,1.34,1.82,0.48,The emergency exit is located on at the end of the hall.,1
1086,exit,1.82,2.4,0.5799999999999998,The emergency exit is located on at the end of the hall.,1
1086,is,2.4,2.64,0.2400000000000002,The emergency exit is located on at the end of the hall.,1
1086,located,2.64,2.96,0.31999999999999984,The emergency exit is located on at the end of the hall.,1
1086,on,2.96,3.28,0.31999999999999984,The emergency exit is located on at the end of the hall.,1
1086,at,3.28,3.42,0.14000000000000012,The emergency exit is located on at the end of the hall.,1
1086,the,3.42,3.54,0.1200000000000001,The emergency exit is located on at the end of the hall.,1
1086,end,3.54,3.76,0.21999999999999975,The emergency exit is located on at the end of the hall.,1
1086,of,3.76,3.92,0.16000000000000014,The emergency exit is located on at the end of the hall.,1
1086,the,3.92,4.04,0.1200000000000001,The emergency exit is located on at the end of the hall.,1
1086,hall.,4.04,4.32,0.28000000000000025,The emergency exit is located on at the end of the hall.,1
119,We,0.0,0.72,0.72,We need to improve our response time to customer complaints.,1
119,need,0.72,0.88,0.16000000000000003,We need to improve our response time to customer complaints.,1
119,to,0.88,1.08,0.20000000000000007,We need to improve our response time to customer complaints.,1
119,improve,1.08,1.54,0.45999999999999996,We need to improve our response time to customer complaints.,1
119,our,1.54,1.92,0.3799999999999999,We need to improve our response time to customer complaints.,1
119,response,1.92,2.32,0.3999999999999999,We need to improve our response time to customer complaints.,1
119,time,2.32,2.8,0.48,We need to improve our response time to customer complaints.,1
119,to,2.8,3.04,0.2400000000000002,We need to improve our response time to customer complaints.,1
119,customer,3.04,3.64,0.6000000000000001,We need to improve our response time to customer complaints.,1
119,complaints.,3.64,5.06,1.4199999999999995,We need to improve our response time to customer complaints.,1
10015,Could,0.8800000000000003,1.44,0.5599999999999996,Could you elaborate on the you know methodology used in your study?,1
10015,you,1.44,1.68,0.24,Could you elaborate on the you know methodology used in your study?,1
10015,elaborate,1.68,2.12,0.44000000000000017,Could you elaborate on the you know methodology used in your study?,1
10015,on,2.12,2.44,0.31999999999999984,Could you elaborate on the you know methodology used in your study?,1
10015,the,2.44,2.6,0.16000000000000014,Could you elaborate on the you know methodology used in your study?,1
10015,you,2.6,2.74,0.14000000000000012,Could you elaborate on the you know methodology used in your study?,1
10015,know,2.74,3.02,0.2799999999999998,Could you elaborate on the you know methodology used in your study?,1
10015,methodology,3.02,3.98,0.96,Could you elaborate on the you know methodology used in your study?,1
10015,used,3.98,4.74,0.7600000000000002,Could you elaborate on the you know methodology used in your study?,1
10015,in,4.74,4.92,0.17999999999999972,Could you elaborate on the you know methodology used in your study?,1
10015,your,4.92,5.06,0.13999999999999968,Could you elaborate on the you know methodology used in your study?,1
10015,study?,5.06,5.46,0.40000000000000036,Could you elaborate on the you know methodology used in your study?,1
10003,I,0.5999999999999996,1.1,0.5000000000000004,"I heard the new album as well, fantastic.",1
10003,heard,1.1,1.3,0.19999999999999996,"I heard the new album as well, fantastic.",1
10003,the,1.3,1.46,0.15999999999999992,"I heard the new album as well, fantastic.",1
10003,new,1.46,1.62,0.16000000000000014,"I heard the new album as well, fantastic.",1
10003,album,1.62,1.98,0.3599999999999999,"I heard the new album as well, fantastic.",1
10003,as,1.98,2.22,0.2400000000000002,"I heard the new album as well, fantastic.",1
10003,"well,",2.22,2.46,0.23999999999999977,"I heard the new album as well, fantastic.",1
10003,fantastic.,2.78,3.32,0.54,"I heard the new album as well, fantastic.",1
1141,Your,0.0,1.16,1.16,Your room is on the third floor and breakfast is served from 7 to 10 am.,1
1141,room,1.16,1.48,0.32000000000000006,Your room is on the third floor and breakfast is served from 7 to 10 am.,1
1141,is,1.48,1.74,0.26,Your room is on the third floor and breakfast is served from 7 to 10 am.,1
1141,on,1.74,1.9,0.15999999999999992,Your room is on the third floor and breakfast is served from 7 to 10 am.,1
1141,the,1.9,2.04,0.14000000000000012,Your room is on the third floor and breakfast is served from 7 to 10 am.,1
1141,third,2.04,2.34,0.2999999999999998,Your room is on the third floor and breakfast is served from 7 to 10 am.,1
1141,floor,2.34,2.7,0.3600000000000003,Your room is on the third floor and breakfast is served from 7 to 10 am.,1
1141,and,2.7,3.6,0.8999999999999999,Your room is on the third floor and breakfast is served from 7 to 10 am.,1
1141,breakfast,3.6,4.02,0.4199999999999995,Your room is on the third floor and breakfast is served from 7 to 10 am.,1
1141,is,4.02,4.56,0.54,Your room is on the third floor and breakfast is served from 7 to 10 am.,1
1141,served,4.56,4.96,0.40000000000000036,Your room is on the third floor and breakfast is served from 7 to 10 am.,1
1141,from,4.96,5.22,0.2599999999999998,Your room is on the third floor and breakfast is served from 7 to 10 am.,1
1141,7,5.22,5.54,0.3200000000000003,Your room is on the third floor and breakfast is served from 7 to 10 am.,1
1141,to,5.54,5.8,0.2599999999999998,Your room is on the third floor and breakfast is served from 7 to 10 am.,1
1141,10,5.8,6.1,0.2999999999999998,Your room is on the third floor and breakfast is served from 7 to 10 am.,1
1141,am.,6.1,6.38,0.28000000000000025,Your room is on the third floor and breakfast is served from 7 to 10 am.,1
1141,You,7.12,7.74,0.6200000000000001,You know.,1
1141,know.,7.74,7.9,0.16000000000000014,You know.,1
1053,Can,0.0,0.46,0.46,"Can you check the status, well, of my order?",1
1053,you,0.46,0.58,0.11999999999999994,"Can you check the status, well, of my order?",1
1053,check,0.58,0.78,0.20000000000000007,"Can you check the status, well, of my order?",1
1053,the,0.78,0.96,0.17999999999999994,"Can you check the status, well, of my order?",1
1053,"status,",0.96,1.34,0.3800000000000001,"Can you check the status, well, of my order?",1
1053,"well,",1.62,1.82,0.19999999999999996,"Can you check the status, well, of my order?",1
1053,of,2.08,2.2,0.1200000000000001,"Can you check the status, well, of my order?",1
1053,my,2.2,2.38,0.17999999999999972,"Can you check the status, well, of my order?",1
1053,order?,2.38,2.72,0.3400000000000003,"Can you check the status, well, of my order?",1
1045,We're,0.0,1.68,1.68,We're having pasta like for dinner tonight.,1
1045,having,1.68,2.0,0.32000000000000006,We're having pasta like for dinner tonight.,1
1045,pasta,2.0,2.64,0.6400000000000001,We're having pasta like for dinner tonight.,1
1045,like,2.64,4.08,1.44,We're having pasta like for dinner tonight.,1
1045,for,4.08,4.66,0.5800000000000001,We're having pasta like for dinner tonight.,1
1045,dinner,4.66,5.0,0.33999999999999986,We're having pasta like for dinner tonight.,1
1045,tonight.,5.0,5.5,0.5,We're having pasta like for dinner tonight.,1
1100,Please,0.0,0.98,0.98,Please submit your expense reports by Friday.,1
1100,submit,0.98,1.36,0.3800000000000001,Please submit your expense reports by Friday.,1
1100,your,1.36,1.52,0.15999999999999992,Please submit your expense reports by Friday.,1
1100,expense,1.52,1.92,0.3999999999999999,Please submit your expense reports by Friday.,1
1100,reports,1.92,2.44,0.52,Please submit your expense reports by Friday.,1
1100,by,2.44,2.8,0.3599999999999999,Please submit your expense reports by Friday.,1
1100,Friday.,2.8,3.14,0.3400000000000003,Please submit your expense reports by Friday.,1
1012,The,0.0,0.4,0.4,The new software update will be installed tonight at...,1
1012,new,0.4,0.54,0.14,The new software update will be installed tonight at...,1
1012,software,0.54,0.88,0.33999999999999997,The new software update will be installed tonight at...,1
1012,update,0.88,1.2,0.31999999999999995,The new software update will be installed tonight at...,1
1012,will,1.2,1.4,0.19999999999999996,The new software update will be installed tonight at...,1
1012,be,1.4,1.52,0.1200000000000001,The new software update will be installed tonight at...,1
1012,installed,1.52,1.82,0.30000000000000004,The new software update will be installed tonight at...,1
1012,tonight,1.82,2.16,0.3400000000000001,The new software update will be installed tonight at...,1
1012,at...,2.16,2.46,0.2999999999999998,The new software update will be installed tonight at...,1
1044,Please,0.0,0.96,0.96,Please submit your vacation requests by a Friday.,1
1044,submit,0.96,1.54,0.5800000000000001,Please submit your vacation requests by a Friday.,1
1044,your,1.54,1.82,0.28,Please submit your vacation requests by a Friday.,1
1044,vacation,1.82,2.5,0.6799999999999999,Please submit your vacation requests by a Friday.,1
1044,requests,2.5,3.14,0.6400000000000001,Please submit your vacation requests by a Friday.,1
1044,by,3.14,3.9,0.7599999999999998,Please submit your vacation requests by a Friday.,1
1044,a,3.9,4.02,0.11999999999999966,Please submit your vacation requests by a Friday.,1
1044,Friday.,4.02,4.42,0.40000000000000036,Please submit your vacation requests by a Friday.,1
1101,Dad's,0.0,0.78,0.78,"Dad's cooking dinner tonight like, so we don't need to order takeout.",1
1101,cooking,0.78,1.06,0.28,"Dad's cooking dinner tonight like, so we don't need to order takeout.",1
1101,dinner,1.06,1.34,0.28,"Dad's cooking dinner tonight like, so we don't need to order takeout.",1
1101,tonight,1.34,1.64,0.2999999999999998,"Dad's cooking dinner tonight like, so we don't need to order takeout.",1
1101,"like,",1.64,2.0,0.3600000000000001,"Dad's cooking dinner tonight like, so we don't need to order takeout.",1
1101,so,2.42,2.68,0.26000000000000023,"Dad's cooking dinner tonight like, so we don't need to order takeout.",1
1101,we,2.68,2.82,0.13999999999999968,"Dad's cooking dinner tonight like, so we don't need to order takeout.",1
1101,don't,2.82,3.04,0.2200000000000002,"Dad's cooking dinner tonight like, so we don't need to order takeout.",1
1101,need,3.04,3.12,0.08000000000000007,"Dad's cooking dinner tonight like, so we don't need to order takeout.",1
1101,to,3.12,3.3,0.17999999999999972,"Dad's cooking dinner tonight like, so we don't need to order takeout.",1
1101,order,3.3,3.44,0.14000000000000012,"Dad's cooking dinner tonight like, so we don't need to order takeout.",1
1101,takeout.,3.44,3.9,0.45999999999999996,"Dad's cooking dinner tonight like, so we don't need to order takeout.",1
1052,Please,0.0,0.82,0.82,Please turn off the lights when you leave room.,1
1052,turn,0.82,1.12,0.30000000000000016,Please turn off the lights when you leave room.,1
1052,off,1.12,1.34,0.21999999999999997,Please turn off the lights when you leave room.,1
1052,the,1.34,1.54,0.19999999999999996,Please turn off the lights when you leave room.,1
1052,lights,1.54,1.82,0.28,Please turn off the lights when you leave room.,1
1052,when,1.82,2.06,0.24,Please turn off the lights when you leave room.,1
1052,you,2.06,2.2,0.14000000000000012,Please turn off the lights when you leave room.,1
1052,leave,2.2,2.4,0.19999999999999973,Please turn off the lights when you leave room.,1
1052,room.,2.4,2.68,0.28000000000000025,Please turn off the lights when you leave room.,1
1140,Remember,0.6400000000000003,1.16,0.5199999999999996,Remember to take your medication twice daily with a food.,1
1140,to,1.16,1.38,0.21999999999999997,Remember to take your medication twice daily with a food.,1
1140,take,1.38,1.6,0.2200000000000002,Remember to take your medication twice daily with a food.,1
1140,your,1.6,1.8,0.19999999999999996,Remember to take your medication twice daily with a food.,1
1140,medication,1.8,2.36,0.5599999999999998,Remember to take your medication twice daily with a food.,1
1140,twice,2.36,2.74,0.38000000000000034,Remember to take your medication twice daily with a food.,1
1140,daily,2.74,3.1,0.3599999999999999,Remember to take your medication twice daily with a food.,1
1140,with,3.1,3.36,0.2599999999999998,Remember to take your medication twice daily with a food.,1
1140,a,3.36,3.5,0.14000000000000012,Remember to take your medication twice daily with a food.,1
1140,food.,3.5,3.78,0.2799999999999998,Remember to take your medication twice daily with a food.,1
10002,Do,0.0,0.44,0.44,"Do you want to know, go for a hike this weekend?",1
10002,you,0.44,0.58,0.13999999999999996,"Do you want to know, go for a hike this weekend?",1
10002,want,0.58,0.68,0.10000000000000009,"Do you want to know, go for a hike this weekend?",1
10002,to,0.68,0.86,0.17999999999999994,"Do you want to know, go for a hike this weekend?",1
10002,"know,",0.86,1.1,0.2400000000000001,"Do you want to know, go for a hike this weekend?",1
10002,go,1.48,1.62,0.14000000000000012,"Do you want to know, go for a hike this weekend?",1
10002,for,1.62,1.82,0.19999999999999996,"Do you want to know, go for a hike this weekend?",1
10002,a,1.82,1.92,0.09999999999999987,"Do you want to know, go for a hike this weekend?",1
10002,hike,1.92,2.14,0.2200000000000002,"Do you want to know, go for a hike this weekend?",1
10002,this,2.14,2.42,0.2799999999999998,"Do you want to know, go for a hike this weekend?",1
10002,weekend?,2.42,2.7,0.28000000000000025,"Do you want to know, go for a hike this weekend?",1
1029,We,0.0,0.7,0.7,We should review the customer satisfaction survey results like,1
1029,should,0.7,0.92,0.22000000000000008,We should review the customer satisfaction survey results like,1
1029,review,0.92,1.18,0.2599999999999999,We should review the customer satisfaction survey results like,1
1029,the,1.18,1.42,0.24,We should review the customer satisfaction survey results like,1
1029,customer,1.42,1.92,0.5,We should review the customer satisfaction survey results like,1
1029,satisfaction,1.92,3.02,1.1,We should review the customer satisfaction survey results like,1
1029,survey,3.02,3.82,0.7999999999999998,We should review the customer satisfaction survey results like,1
1029,results,3.82,4.44,0.6200000000000006,We should review the customer satisfaction survey results like,1
1029,like,4.44,5.08,0.6399999999999997,We should review the customer satisfaction survey results like,1
10014,The,0.0,1.7,1.7,The literature review revealed like several gaps in current research.,1
10014,literature,1.7,2.18,0.4800000000000002,The literature review revealed like several gaps in current research.,1
10014,review,2.18,2.72,0.54,The literature review revealed like several gaps in current research.,1
10014,revealed,2.72,3.5,0.7799999999999998,The literature review revealed like several gaps in current research.,1
10014,like,3.5,4.56,1.0599999999999996,The literature review revealed like several gaps in current research.,1
10014,several,4.56,5.76,1.2000000000000002,The literature review revealed like several gaps in current research.,1
10014,gaps,5.76,6.18,0.41999999999999993,The literature review revealed like several gaps in current research.,1
10014,in,6.18,6.6,0.41999999999999993,The literature review revealed like several gaps in current research.,1
10014,current,6.6,6.98,0.3800000000000008,The literature review revealed like several gaps in current research.,1
10014,research.,6.98,7.6,0.6199999999999992,The literature review revealed like several gaps in current research.,1
1048,Can,0.0,0.48,0.48,Can you pick up the milk on your way home?,1
1048,you,0.48,0.6,0.12,Can you pick up the milk on your way home?,1
1048,pick,0.6,0.78,0.18000000000000005,Can you pick up the milk on your way home?,1
1048,up,0.78,0.94,0.15999999999999992,Can you pick up the milk on your way home?,1
1048,the,0.94,1.08,0.14000000000000012,Can you pick up the milk on your way home?,1
1048,milk,1.08,1.3,0.21999999999999997,Can you pick up the milk on your way home?,1
1048,on,1.3,1.46,0.15999999999999992,Can you pick up the milk on your way home?,1
1048,your,1.46,1.6,0.14000000000000012,Can you pick up the milk on your way home?,1
1048,way,1.6,1.78,0.17999999999999994,Can you pick up the milk on your way home?,1
1048,home?,1.78,2.14,0.3600000000000001,Can you pick up the milk on your way home?,1
1009,Could,0.0,0.6,0.6,"Could you please explain the new company policies, you know?",1
1009,you,0.6,0.74,0.14,"Could you please explain the new company policies, you know?",1
1009,please,0.74,0.98,0.24,"Could you please explain the new company policies, you know?",1
1009,explain,0.98,1.4,0.41999999999999993,"Could you please explain the new company policies, you know?",1
1009,the,1.4,1.58,0.18000000000000016,"Could you please explain the new company policies, you know?",1
1009,new,1.58,1.74,0.15999999999999992,"Could you please explain the new company policies, you know?",1
1009,company,1.74,2.1,0.3600000000000001,"Could you please explain the new company policies, you know?",1
1009,"policies,",2.1,2.66,0.56,"Could you please explain the new company policies, you know?",1
1009,you,2.96,3.08,0.1200000000000001,"Could you please explain the new company policies, you know?",1
1009,know?,3.08,3.22,0.14000000000000012,"Could you please explain the new company policies, you know?",1
10022,We,0.0,0.34,0.34,"We need to um, optimize the algorithm for better performance.",1
10022,need,0.34,0.5,0.15999999999999998,"We need to um, optimize the algorithm for better performance.",1
10022,to,0.5,0.68,0.18000000000000005,"We need to um, optimize the algorithm for better performance.",1
10022,"um,",0.68,0.84,0.15999999999999992,"We need to um, optimize the algorithm for better performance.",1
10022,optimize,0.96,1.3,0.3400000000000001,"We need to um, optimize the algorithm for better performance.",1
10022,the,1.3,1.56,0.26,"We need to um, optimize the algorithm for better performance.",1
10022,algorithm,1.56,1.94,0.3799999999999999,"We need to um, optimize the algorithm for better performance.",1
10022,for,1.94,2.18,0.2400000000000002,"We need to um, optimize the algorithm for better performance.",1
10022,better,2.18,2.42,0.23999999999999977,"We need to um, optimize the algorithm for better performance.",1
10022,performance.,2.42,2.88,0.45999999999999996,"We need to um, optimize the algorithm for better performance.",1
102,Please,0.0,0.78,0.78,Please ensure all equipment is properly maintained and unsurviced.,1
102,ensure,0.78,1.2,0.41999999999999993,Please ensure all equipment is properly maintained and unsurviced.,1
102,all,1.2,1.46,0.26,Please ensure all equipment is properly maintained and unsurviced.,1
102,equipment,1.46,1.88,0.41999999999999993,Please ensure all equipment is properly maintained and unsurviced.,1
102,is,1.88,2.16,0.28000000000000025,Please ensure all equipment is properly maintained and unsurviced.,1
102,properly,2.16,2.54,0.3799999999999999,Please ensure all equipment is properly maintained and unsurviced.,1
102,maintained,2.54,3.16,0.6200000000000001,Please ensure all equipment is properly maintained and unsurviced.,1
102,and,3.16,3.58,0.41999999999999993,Please ensure all equipment is properly maintained and unsurviced.,1
102,unsurviced.,3.58,4.4,0.8200000000000003,Please ensure all equipment is properly maintained and unsurviced.,1
1072,Can,1.0599999999999994,1.86,0.8000000000000007,Can you explain the difference?,1
1072,you,1.86,2.04,0.17999999999999994,Can you explain the difference?,1
1072,explain,2.04,2.42,0.3799999999999999,Can you explain the difference?,1
1072,the,2.42,2.62,0.20000000000000018,Can you explain the difference?,1
1072,difference?,2.62,3.02,0.3999999999999999,Can you explain the difference?,1
1072,"Well,",3.9,4.18,0.2799999999999998,"Well, between mitosis and meiosis.",1
1072,between,4.78,5.18,0.39999999999999947,"Well, between mitosis and meiosis.",1
1072,mitosis,5.18,5.7,0.5200000000000005,"Well, between mitosis and meiosis.",1
1072,and,5.7,6.22,0.5199999999999996,"Well, between mitosis and meiosis.",1
1072,meiosis.,6.22,6.72,0.5,"Well, between mitosis and meiosis.",1
1160,We,0.0,1.04,1.04,"We need to improve our customer satisfaction ratings like, you know.",1
1160,need,1.04,1.2,0.15999999999999992,"We need to improve our customer satisfaction ratings like, you know.",1
1160,to,1.2,1.38,0.17999999999999994,"We need to improve our customer satisfaction ratings like, you know.",1
1160,improve,1.38,1.74,0.3600000000000001,"We need to improve our customer satisfaction ratings like, you know.",1
1160,our,1.74,2.0,0.26,"We need to improve our customer satisfaction ratings like, you know.",1
1160,customer,2.0,2.44,0.43999999999999995,"We need to improve our customer satisfaction ratings like, you know.",1
1160,satisfaction,2.44,3.02,0.5800000000000001,"We need to improve our customer satisfaction ratings like, you know.",1
1160,ratings,3.02,3.88,0.8599999999999999,"We need to improve our customer satisfaction ratings like, you know.",1
1160,"like,",3.88,4.94,1.0600000000000005,"We need to improve our customer satisfaction ratings like, you know.",1
1160,you,5.34,6.36,1.0200000000000005,"We need to improve our customer satisfaction ratings like, you know.",1
1160,know.,6.36,6.5,0.13999999999999968,"We need to improve our customer satisfaction ratings like, you know.",1
1033,I'm,0.4600000000000001,0.9,0.43999999999999995,I'm going to the store to buy groceries.,1
1033,going,0.9,1.08,0.18000000000000005,I'm going to the store to buy groceries.,1
1033,to,1.08,1.26,0.17999999999999994,I'm going to the store to buy groceries.,1
1033,the,1.26,1.38,0.11999999999999988,I'm going to the store to buy groceries.,1
1033,store,1.38,1.72,0.3400000000000001,I'm going to the store to buy groceries.,1
1033,to,1.72,1.94,0.21999999999999997,I'm going to the store to buy groceries.,1
1033,buy,1.94,2.1,0.16000000000000014,I'm going to the store to buy groceries.,1
1033,groceries.,2.1,2.5,0.3999999999999999,I'm going to the store to buy groceries.,1
10013,We'll,0.0,0.46,0.46,"We'll need to um, recalibrate the instruments before the next test.",1
10013,need,0.46,0.6,0.13999999999999996,"We'll need to um, recalibrate the instruments before the next test.",1
10013,to,0.6,0.82,0.21999999999999997,"We'll need to um, recalibrate the instruments before the next test.",1
10013,"um,",0.82,1.0,0.18000000000000005,"We'll need to um, recalibrate the instruments before the next test.",1
10013,recalibrate,1.2,1.78,0.5800000000000001,"We'll need to um, recalibrate the instruments before the next test.",1
10013,the,1.78,1.92,0.1399999999999999,"We'll need to um, recalibrate the instruments before the next test.",1
10013,instruments,1.92,2.26,0.33999999999999986,"We'll need to um, recalibrate the instruments before the next test.",1
10013,before,2.26,2.62,0.3600000000000003,"We'll need to um, recalibrate the instruments before the next test.",1
10013,the,2.62,2.8,0.17999999999999972,"We'll need to um, recalibrate the instruments before the next test.",1
10013,next,2.8,3.0,0.20000000000000018,"We'll need to um, recalibrate the instruments before the next test.",1
10013,test.,3.0,3.4,0.3999999999999999,"We'll need to um, recalibrate the instruments before the next test.",1
1184,Let's,0.0,0.66,0.66,"Let's plan a weekend get away soon, you know.",1
1184,plan,0.66,0.84,0.17999999999999994,"Let's plan a weekend get away soon, you know.",1
1184,a,0.84,0.96,0.12,"Let's plan a weekend get away soon, you know.",1
1184,weekend,0.96,1.16,0.19999999999999996,"Let's plan a weekend get away soon, you know.",1
1184,get,1.16,1.42,0.26,"Let's plan a weekend get away soon, you know.",1
1184,away,1.42,1.62,0.20000000000000018,"Let's plan a weekend get away soon, you know.",1
1184,"soon,",1.62,1.92,0.2999999999999998,"Let's plan a weekend get away soon, you know.",1
1184,you,2.16,2.26,0.09999999999999964,"Let's plan a weekend get away soon, you know.",1
1184,know.,2.26,2.38,0.1200000000000001,"Let's plan a weekend get away soon, you know.",1
10005,Where's,1.04,1.56,0.52,Where's the nearest you know? Fire extinguisher.,1
10005,the,1.56,1.68,0.11999999999999988,Where's the nearest you know? Fire extinguisher.,1
10005,nearest,1.68,1.94,0.26,Where's the nearest you know? Fire extinguisher.,1
10005,you,1.94,2.2,0.26000000000000023,Where's the nearest you know? Fire extinguisher.,1
10005,know?,2.2,2.44,0.23999999999999977,Where's the nearest you know? Fire extinguisher.,1
10005,Fire,3.06,3.3,0.23999999999999977,Where's the nearest you know? Fire extinguisher.,1
10005,extinguisher.,3.3,4.08,0.7800000000000002,Where's the nearest you know? Fire extinguisher.,1
109,The,0.0,1.4,1.4,The new product launch event will be held next like month.,1
109,new,1.4,1.66,0.26,The new product launch event will be held next like month.,1
109,product,1.66,2.08,0.42000000000000015,The new product launch event will be held next like month.,1
109,launch,2.08,2.5,0.41999999999999993,The new product launch event will be held next like month.,1
109,event,2.5,3.0,0.5,The new product launch event will be held next like month.,1
109,will,3.0,4.34,1.3399999999999999,The new product launch event will be held next like month.,1
109,be,4.34,4.56,0.21999999999999975,The new product launch event will be held next like month.,1
109,held,4.56,5.04,0.4800000000000004,The new product launch event will be held next like month.,1
109,next,5.04,5.52,0.47999999999999954,The new product launch event will be held next like month.,1
109,like,5.52,6.02,0.5,The new product launch event will be held next like month.,1
109,month.,6.02,6.88,0.8600000000000003,The new product launch event will be held next like month.,1
1096,We,0.8600000000000003,1.58,0.7199999999999998,We need to schedule the team meeting soon.,1
1096,need,1.58,1.78,0.19999999999999996,We need to schedule the team meeting soon.,1
1096,to,1.78,2.0,0.21999999999999997,We need to schedule the team meeting soon.,1
1096,schedule,2.0,2.48,0.48,We need to schedule the team meeting soon.,1
1096,the,2.48,2.72,0.2400000000000002,We need to schedule the team meeting soon.,1
1096,team,2.72,3.08,0.3599999999999999,We need to schedule the team meeting soon.,1
1096,meeting,3.08,3.48,0.3999999999999999,We need to schedule the team meeting soon.,1
1096,soon.,3.48,3.98,0.5,We need to schedule the team meeting soon.,1
1034,The,0.0,0.74,0.74,The conference call is scheduled for like 3 p.m.,1
1034,conference,0.74,1.28,0.54,The conference call is scheduled for like 3 p.m.,1
1034,call,1.28,1.76,0.48,The conference call is scheduled for like 3 p.m.,1
1034,is,1.76,2.16,0.40000000000000013,The conference call is scheduled for like 3 p.m.,1
1034,scheduled,2.16,2.68,0.52,The conference call is scheduled for like 3 p.m.,1
1034,for,2.68,3.1,0.41999999999999993,The conference call is scheduled for like 3 p.m.,1
1034,like,3.1,4.86,1.7600000000000002,The conference call is scheduled for like 3 p.m.,1
1034,3,4.86,5.58,0.7199999999999998,The conference call is scheduled for like 3 p.m.,1
1034,p,5.58,5.88,0.2999999999999998,The conference call is scheduled for like 3 p.m.,1
1034,.m.,5.88,6.12,0.2400000000000002,The conference call is scheduled for like 3 p.m.,1
1167,"Dad,",0.0,0.66,0.66,"Dad, have you seen my baseball glove anywhere like...",1
1167,have,1.24,1.6,0.3600000000000001,"Dad, have you seen my baseball glove anywhere like...",1
1167,you,1.6,1.74,0.1399999999999999,"Dad, have you seen my baseball glove anywhere like...",1
1167,seen,1.74,1.94,0.19999999999999996,"Dad, have you seen my baseball glove anywhere like...",1
1167,my,1.94,2.14,0.20000000000000018,"Dad, have you seen my baseball glove anywhere like...",1
1167,baseball,2.14,2.52,0.3799999999999999,"Dad, have you seen my baseball glove anywhere like...",1
1167,glove,2.52,2.86,0.33999999999999986,"Dad, have you seen my baseball glove anywhere like...",1
1167,anywhere,2.86,3.34,0.48,"Dad, have you seen my baseball glove anywhere like...",1
1167,like...,3.34,4.5,1.1600000000000001,"Dad, have you seen my baseball glove anywhere like...",1
1022,The,0.0,0.86,0.86,The office will be closed for renovation next week.,1
1022,office,0.86,1.08,0.22000000000000008,The office will be closed for renovation next week.,1
1022,will,1.08,1.28,0.19999999999999996,The office will be closed for renovation next week.,1
1022,be,1.28,1.42,0.1399999999999999,The office will be closed for renovation next week.,1
1022,closed,1.42,1.72,0.30000000000000004,The office will be closed for renovation next week.,1
1022,for,1.72,1.9,0.17999999999999994,The office will be closed for renovation next week.,1
1022,renovation,1.9,2.18,0.28000000000000025,The office will be closed for renovation next week.,1
1022,next,2.18,2.62,0.43999999999999995,The office will be closed for renovation next week.,1
1022,week.,2.62,2.86,0.23999999999999977,The office will be closed for renovation next week.,1
105,Please,0.0,0.94,0.94,Please submit your vacation requests at least two weeks in advance.,1
105,submit,0.94,1.4,0.45999999999999996,Please submit your vacation requests at least two weeks in advance.,1
105,your,1.4,1.66,0.26,Please submit your vacation requests at least two weeks in advance.,1
105,vacation,1.66,2.16,0.5000000000000002,Please submit your vacation requests at least two weeks in advance.,1
105,requests,2.16,2.88,0.7199999999999998,Please submit your vacation requests at least two weeks in advance.,1
105,at,2.88,3.56,0.6800000000000002,Please submit your vacation requests at least two weeks in advance.,1
105,least,3.56,3.78,0.21999999999999975,Please submit your vacation requests at least two weeks in advance.,1
105,two,3.78,4.16,0.38000000000000034,Please submit your vacation requests at least two weeks in advance.,1
105,weeks,4.16,4.62,0.45999999999999996,Please submit your vacation requests at least two weeks in advance.,1
105,in,4.62,5.06,0.4399999999999995,Please submit your vacation requests at least two weeks in advance.,1
105,advance.,5.06,5.58,0.5200000000000005,Please submit your vacation requests at least two weeks in advance.,1
1130,The,0.0,0.56,0.56,The Board of Directors will review the proposal next week.,1
1130,Board,0.56,0.72,0.15999999999999992,The Board of Directors will review the proposal next week.,1
1130,of,0.72,0.88,0.16000000000000003,The Board of Directors will review the proposal next week.,1
1130,Directors,0.88,1.36,0.4800000000000001,The Board of Directors will review the proposal next week.,1
1130,will,1.36,1.58,0.21999999999999997,The Board of Directors will review the proposal next week.,1
1130,review,1.58,2.08,0.5,The Board of Directors will review the proposal next week.,1
1130,the,2.08,2.26,0.17999999999999972,The Board of Directors will review the proposal next week.,1
1130,proposal,2.26,2.62,0.3600000000000003,The Board of Directors will review the proposal next week.,1
1130,next,2.62,2.96,0.33999999999999986,The Board of Directors will review the proposal next week.,1
1130,week.,2.96,3.22,0.26000000000000023,The Board of Directors will review the proposal next week.,1
1018,We,0.0,0.44,0.44,We need to improve our social media presence there.,1
1018,need,0.44,0.56,0.12000000000000005,We need to improve our social media presence there.,1
1018,to,0.56,0.74,0.17999999999999994,We need to improve our social media presence there.,1
1018,improve,0.74,1.06,0.32000000000000006,We need to improve our social media presence there.,1
1018,our,1.06,1.36,0.30000000000000004,We need to improve our social media presence there.,1
1018,social,1.36,1.72,0.3599999999999999,We need to improve our social media presence there.,1
1018,media,1.72,2.04,0.32000000000000006,We need to improve our social media presence there.,1
1018,presence,2.04,2.48,0.43999999999999995,We need to improve our social media presence there.,1
1018,there.,2.48,2.7,0.2200000000000002,We need to improve our social media presence there.,1
1019,Have,0.0,0.52,0.52,Have you reviewed the contract with the legal department?,1
1019,you,0.52,0.76,0.24,Have you reviewed the contract with the legal department?,1
1019,reviewed,0.76,1.5,0.74,Have you reviewed the contract with the legal department?,1
1019,the,1.5,1.76,0.26,Have you reviewed the contract with the legal department?,1
1019,contract,1.76,2.18,0.42000000000000015,Have you reviewed the contract with the legal department?,1
1019,with,2.18,2.46,0.2799999999999998,Have you reviewed the contract with the legal department?,1
1019,the,2.46,2.6,0.14000000000000012,Have you reviewed the contract with the legal department?,1
1019,legal,2.6,2.82,0.21999999999999975,Have you reviewed the contract with the legal department?,1
1019,department?,2.82,3.34,0.52,Have you reviewed the contract with the legal department?,1
1058,I'd,0.0,0.52,0.52,"I'd like to speak to a manager, please.",1
1058,like,0.52,0.6,0.07999999999999996,"I'd like to speak to a manager, please.",1
1058,to,0.6,0.76,0.16000000000000003,"I'd like to speak to a manager, please.",1
1058,speak,0.76,0.96,0.19999999999999996,"I'd like to speak to a manager, please.",1
1058,to,0.96,1.12,0.16000000000000014,"I'd like to speak to a manager, please.",1
1058,a,1.12,1.2,0.07999999999999985,"I'd like to speak to a manager, please.",1
1058,"manager,",1.2,1.58,0.3800000000000001,"I'd like to speak to a manager, please.",1
1058,please.,1.78,1.98,0.19999999999999996,"I'd like to speak to a manager, please.",1
10024,We,0.0,0.7,0.7,We should well. Schedule a code review before merging the changes.,1
10024,should,0.7,0.9,0.20000000000000007,We should well. Schedule a code review before merging the changes.,1
10024,well.,0.9,1.2,0.29999999999999993,We should well. Schedule a code review before merging the changes.,1
10024,Schedule,1.94,2.44,0.5,We should well. Schedule a code review before merging the changes.,1
10024,a,2.44,2.58,0.14000000000000012,We should well. Schedule a code review before merging the changes.,1
10024,code,2.58,2.78,0.19999999999999973,We should well. Schedule a code review before merging the changes.,1
10024,review,2.78,3.12,0.3400000000000003,We should well. Schedule a code review before merging the changes.,1
10024,before,3.12,3.6,0.48,We should well. Schedule a code review before merging the changes.,1
10024,merging,3.6,4.02,0.4199999999999995,We should well. Schedule a code review before merging the changes.,1
10024,the,4.02,4.22,0.20000000000000018,We should well. Schedule a code review before merging the changes.,1
10024,changes.,4.22,4.62,0.40000000000000036,We should well. Schedule a code review before merging the changes.,1
1074,Please,0.0,0.8,0.8,Please cite your sources according to APA format.,1
1074,cite,0.8,1.1,0.30000000000000004,Please cite your sources according to APA format.,1
1074,your,1.1,1.34,0.24,Please cite your sources according to APA format.,1
1074,sources,1.34,1.72,0.3799999999999999,Please cite your sources according to APA format.,1
1074,according,1.72,2.08,0.3600000000000001,Please cite your sources according to APA format.,1
1074,to,2.08,2.48,0.3999999999999999,Please cite your sources according to APA format.,1
1074,APA,2.48,2.94,0.45999999999999996,Please cite your sources according to APA format.,1
1074,format.,2.94,3.36,0.41999999999999993,Please cite your sources according to APA format.,1
1023,I,0.0,1.2,1.2,I think we should implement a new customer feedback system.,1
1023,think,1.2,1.4,0.19999999999999996,I think we should implement a new customer feedback system.,1
1023,we,1.4,1.72,0.32000000000000006,I think we should implement a new customer feedback system.,1
1023,should,1.72,2.08,0.3600000000000001,I think we should implement a new customer feedback system.,1
1023,implement,2.08,4.42,2.34,I think we should implement a new customer feedback system.,1
1023,a,4.42,4.74,0.3200000000000003,I think we should implement a new customer feedback system.,1
1023,new,4.74,4.92,0.17999999999999972,I think we should implement a new customer feedback system.,1
1023,customer,4.92,5.46,0.54,I think we should implement a new customer feedback system.,1
1023,feedback,5.46,6.02,0.5599999999999996,I think we should implement a new customer feedback system.,1
1023,system.,6.02,6.64,0.6200000000000001,I think we should implement a new customer feedback system.,1
1170,Remember,0.0,0.76,0.76,"Remember to call out Sarah for her birthday tomorrow, you know.",1
1170,to,0.76,0.94,0.17999999999999994,"Remember to call out Sarah for her birthday tomorrow, you know.",1
1170,call,0.94,1.24,0.30000000000000004,"Remember to call out Sarah for her birthday tomorrow, you know.",1
1170,out,1.24,1.56,0.32000000000000006,"Remember to call out Sarah for her birthday tomorrow, you know.",1
1170,Sarah,1.56,1.98,0.41999999999999993,"Remember to call out Sarah for her birthday tomorrow, you know.",1
1170,for,1.98,2.26,0.2799999999999998,"Remember to call out Sarah for her birthday tomorrow, you know.",1
1170,her,2.26,2.44,0.18000000000000016,"Remember to call out Sarah for her birthday tomorrow, you know.",1
1170,birthday,2.44,2.86,0.41999999999999993,"Remember to call out Sarah for her birthday tomorrow, you know.",1
1170,"tomorrow,",2.86,3.26,0.3999999999999999,"Remember to call out Sarah for her birthday tomorrow, you know.",1
1170,you,3.64,3.78,0.13999999999999968,"Remember to call out Sarah for her birthday tomorrow, you know.",1
1170,know.,3.78,3.98,0.20000000000000018,"Remember to call out Sarah for her birthday tomorrow, you know.",1
1035,Could,0.0,0.62,0.62,"Could you please proofread this document, er, before sending it?",1
1035,you,0.62,0.74,0.12,"Could you please proofread this document, er, before sending it?",1
1035,please,0.74,1.04,0.30000000000000004,"Could you please proofread this document, er, before sending it?",1
1035,proofread,1.04,1.46,0.41999999999999993,"Could you please proofread this document, er, before sending it?",1
1035,this,1.46,1.68,0.21999999999999997,"Could you please proofread this document, er, before sending it?",1
1035,"document,",1.68,2.1,0.42000000000000015,"Could you please proofread this document, er, before sending it?",1
1035,"er,",2.3,2.4,0.10000000000000009,"Could you please proofread this document, er, before sending it?",1
1035,before,2.5,2.7,0.20000000000000018,"Could you please proofread this document, er, before sending it?",1
1035,sending,2.7,3.18,0.48,"Could you please proofread this document, er, before sending it?",1
1035,it?,3.18,3.42,0.23999999999999977,"Could you please proofread this document, er, before sending it?",1
1127,Orally,0.0,0.6,0.6,Orally pulling this fake or stellar.,1
1127,pulling,0.6,0.94,0.33999999999999997,Orally pulling this fake or stellar.,1
1127,this,0.94,1.28,0.3400000000000001,Orally pulling this fake or stellar.,1
1127,fake,1.28,1.5,0.21999999999999997,Orally pulling this fake or stellar.,1
1127,or,1.5,1.7,0.19999999999999996,Orally pulling this fake or stellar.,1
1127,stellar.,1.7,2.08,0.3800000000000001,Orally pulling this fake or stellar.,1
1127,Apply,2.74,3.0,0.2599999999999998,Apply seat before to a place stellar.,1
1127,seat,3.0,3.36,0.3599999999999999,Apply seat before to a place stellar.,1
1127,before,3.36,3.66,0.30000000000000027,Apply seat before to a place stellar.,1
1127,to,3.66,3.96,0.2999999999999998,Apply seat before to a place stellar.,1
1127,a,3.96,4.04,0.08000000000000007,Apply seat before to a place stellar.,1
1127,place,4.04,4.26,0.21999999999999975,Apply seat before to a place stellar.,1
1127,stellar.,4.26,4.6,0.33999999999999986,Apply seat before to a place stellar.,1
1127,Or,5.38,5.52,0.13999999999999968,Or keep your stv fast until the captain turns off the sign at.,1
1127,keep,5.52,5.82,0.3000000000000007,Or keep your stv fast until the captain turns off the sign at.,1
1127,your,5.82,6.1,0.27999999999999936,Or keep your stv fast until the captain turns off the sign at.,1
1127,stv,6.1,6.36,0.2600000000000007,Or keep your stv fast until the captain turns off the sign at.,1
1127,fast,6.36,6.76,0.39999999999999947,Or keep your stv fast until the captain turns off the sign at.,1
1127,until,6.76,7.06,0.2999999999999998,Or keep your stv fast until the captain turns off the sign at.,1
1127,the,7.06,7.24,0.1800000000000006,Or keep your stv fast until the captain turns off the sign at.,1
1127,captain,7.24,7.6,0.35999999999999943,Or keep your stv fast until the captain turns off the sign at.,1
1127,turns,7.6,7.98,0.3800000000000008,Or keep your stv fast until the captain turns off the sign at.,1
1127,off,7.98,8.22,0.2400000000000002,Or keep your stv fast until the captain turns off the sign at.,1
1127,the,8.22,8.38,0.16000000000000014,Or keep your stv fast until the captain turns off the sign at.,1
1127,sign,8.38,8.66,0.27999999999999936,Or keep your stv fast until the captain turns off the sign at.,1
1127,at.,8.66,8.84,0.17999999999999972,Or keep your stv fast until the captain turns off the sign at.,1
1,Can,0.0,0.48,0.48,Can you please um send me the quarterly report?,1
1,you,0.48,0.62,0.14,Can you please um send me the quarterly report?,1
1,please,0.62,1.04,0.42000000000000004,Can you please um send me the quarterly report?,1
1,um,1.04,1.3,0.26,Can you please um send me the quarterly report?,1
1,send,1.3,1.9,0.5999999999999999,Can you please um send me the quarterly report?,1
1,me,1.9,2.12,0.2200000000000002,Can you please um send me the quarterly report?,1
1,the,2.12,2.24,0.1200000000000001,Can you please um send me the quarterly report?,1
1,quarterly,2.24,2.64,0.3999999999999999,Can you please um send me the quarterly report?,1
1,report?,2.64,3.02,0.3799999999999999,Can you please um send me the quarterly report?,1
1042,Could,0.0,0.64,0.64,Could you forward that email to the entire team?,1
1042,you,0.64,0.78,0.14,Could you forward that email to the entire team?,1
1042,forward,0.78,1.04,0.26,Could you forward that email to the entire team?,1
1042,that,1.04,1.32,0.28,Could you forward that email to the entire team?,1
1042,email,1.32,1.84,0.52,Could you forward that email to the entire team?,1
1042,to,1.84,3.0,1.16,Could you forward that email to the entire team?,1
1042,the,3.0,3.2,0.20000000000000018,Could you forward that email to the entire team?,1
1042,entire,3.2,3.68,0.48,Could you forward that email to the entire team?,1
1042,team?,3.68,4.0,0.31999999999999984,Could you forward that email to the entire team?,1
1107,We'll,0.8599999999999997,1.7,0.8400000000000003,We'll process your refund within 5.7 business days on.,1
1107,process,1.7,2.12,0.42000000000000015,We'll process your refund within 5.7 business days on.,1
1107,your,2.12,2.44,0.31999999999999984,We'll process your refund within 5.7 business days on.,1
1107,refund,2.44,2.9,0.45999999999999996,We'll process your refund within 5.7 business days on.,1
1107,within,2.9,4.24,1.3400000000000003,We'll process your refund within 5.7 business days on.,1
1107,5,4.24,4.64,0.39999999999999947,We'll process your refund within 5.7 business days on.,1
1107,.7,4.64,5.22,0.5800000000000001,We'll process your refund within 5.7 business days on.,1
1107,business,5.22,5.7,0.4800000000000004,We'll process your refund within 5.7 business days on.,1
1107,days,5.7,6.06,0.35999999999999943,We'll process your refund within 5.7 business days on.,1
1107,on.,6.06,6.36,0.3000000000000007,We'll process your refund within 5.7 business days on.,1
10028,We,0.0,0.7,0.7,We should well discuss the treatment options available to you.,1
10028,should,0.7,0.92,0.22000000000000008,We should well discuss the treatment options available to you.,1
10028,well,0.92,1.24,0.31999999999999995,We should well discuss the treatment options available to you.,1
10028,discuss,1.24,2.02,0.78,We should well discuss the treatment options available to you.,1
10028,the,2.02,2.3,0.2799999999999998,We should well discuss the treatment options available to you.,1
10028,treatment,2.3,2.68,0.38000000000000034,We should well discuss the treatment options available to you.,1
10028,options,2.68,3.18,0.5,We should well discuss the treatment options available to you.,1
10028,available,3.18,3.72,0.54,We should well discuss the treatment options available to you.,1
10028,to,3.72,4.06,0.3399999999999994,We should well discuss the treatment options available to you.,1
10028,you.,4.06,4.32,0.2600000000000007,We should well discuss the treatment options available to you.,1
1146,We,1.5799999999999992,2.12,0.5400000000000009,We please allow the police to be able to apologize for the delay.,1
1146,please,2.12,2.58,0.45999999999999996,We please allow the police to be able to apologize for the delay.,1
1146,allow,2.58,2.78,0.19999999999999973,We please allow the police to be able to apologize for the delay.,1
1146,the,2.78,3.12,0.3400000000000003,We please allow the police to be able to apologize for the delay.,1
1146,police,3.12,3.22,0.10000000000000009,We please allow the police to be able to apologize for the delay.,1
1146,to,3.22,3.42,0.19999999999999973,We please allow the police to be able to apologize for the delay.,1
1146,be,3.42,3.96,0.54,We please allow the police to be able to apologize for the delay.,1
1146,able,3.96,4.56,0.5999999999999996,We please allow the police to be able to apologize for the delay.,1
1146,to,4.56,4.56,0.0,We please allow the police to be able to apologize for the delay.,1
1146,apologize,4.56,4.78,0.22000000000000064,We please allow the police to be able to apologize for the delay.,1
1146,for,4.78,5.12,0.33999999999999986,We please allow the police to be able to apologize for the delay.,1
1146,the,5.12,5.26,0.13999999999999968,We please allow the police to be able to apologize for the delay.,1
1146,delay.,5.26,6.18,0.9199999999999999,We please allow the police to be able to apologize for the delay.,1
1146,We'll,6.48,6.6,0.11999999999999922,We'll have as soon as we begin boarding as possible.,1
1146,have,6.6,6.76,0.16000000000000014,We'll have as soon as we begin boarding as possible.,1
1146,as,6.76,6.96,0.20000000000000018,We'll have as soon as we begin boarding as possible.,1
1146,soon,6.96,7.14,0.17999999999999972,We'll have as soon as we begin boarding as possible.,1
1146,as,7.14,7.32,0.1800000000000006,We'll have as soon as we begin boarding as possible.,1
1146,we,7.32,7.76,0.4399999999999995,We'll have as soon as we begin boarding as possible.,1
1146,begin,7.76,8.68,0.9199999999999999,We'll have as soon as we begin boarding as possible.,1
1146,boarding,8.68,9.02,0.33999999999999986,We'll have as soon as we begin boarding as possible.,1
1146,as,9.02,9.26,0.2400000000000002,We'll have as soon as we begin boarding as possible.,1
1146,possible.,9.26,9.76,0.5,We'll have as soon as we begin boarding as possible.,1
108,The,0.0,0.76,0.76,The face it was closed called Stella Riti Boone.,1
108,face,0.76,0.96,0.19999999999999996,The face it was closed called Stella Riti Boone.,1
108,it,0.96,1.08,0.1200000000000001,The face it was closed called Stella Riti Boone.,1
108,was,1.08,1.2,0.11999999999999988,The face it was closed called Stella Riti Boone.,1
108,closed,1.2,1.36,0.16000000000000014,The face it was closed called Stella Riti Boone.,1
108,called,1.36,1.64,0.2799999999999998,The face it was closed called Stella Riti Boone.,1
108,Stella,1.64,1.98,0.3400000000000001,The face it was closed called Stella Riti Boone.,1
108,Riti,1.98,2.34,0.3599999999999999,The face it was closed called Stella Riti Boone.,1
108,Boone.,2.34,2.7,0.3600000000000003,The face it was closed called Stella Riti Boone.,1
108,Please,3.7800000000000002,4.08,0.2999999999999998,"Please ensure all please, ensure all confidential documents are securely on-stored.",1
108,ensure,4.08,4.56,0.47999999999999954,"Please ensure all please, ensure all confidential documents are securely on-stored.",1
108,all,4.56,4.94,0.3800000000000008,"Please ensure all please, ensure all confidential documents are securely on-stored.",1
108,"please,",4.94,5.24,0.2999999999999998,"Please ensure all please, ensure all confidential documents are securely on-stored.",1
108,ensure,5.5,5.76,0.2599999999999998,"Please ensure all please, ensure all confidential documents are securely on-stored.",1
108,all,5.76,6.0,0.2400000000000002,"Please ensure all please, ensure all confidential documents are securely on-stored.",1
108,confidential,6.0,6.44,0.4400000000000004,"Please ensure all please, ensure all confidential documents are securely on-stored.",1
108,documents,6.44,7.1,0.6599999999999993,"Please ensure all please, ensure all confidential documents are securely on-stored.",1
108,are,7.1,7.3,0.20000000000000018,"Please ensure all please, ensure all confidential documents are securely on-stored.",1
108,securely,7.3,7.72,0.41999999999999993,"Please ensure all please, ensure all confidential documents are securely on-stored.",1
108,on,7.72,7.86,0.14000000000000057,"Please ensure all please, ensure all confidential documents are securely on-stored.",1
108,-stored.,7.86,8.16,0.2999999999999998,"Please ensure all please, ensure all confidential documents are securely on-stored.",1
1185,Make,0.0,0.4,0.4,Make sure to submit your assignment by the deadline.,1
1185,sure,0.4,0.58,0.17999999999999994,Make sure to submit your assignment by the deadline.,1
1185,to,0.58,0.68,0.10000000000000009,Make sure to submit your assignment by the deadline.,1
1185,submit,0.68,0.9,0.21999999999999997,Make sure to submit your assignment by the deadline.,1
1185,your,0.9,1.02,0.12,Make sure to submit your assignment by the deadline.,1
1185,assignment,1.02,1.36,0.3400000000000001,Make sure to submit your assignment by the deadline.,1
1185,by,1.36,1.54,0.17999999999999994,Make sure to submit your assignment by the deadline.,1
1185,the,1.54,1.66,0.11999999999999988,Make sure to submit your assignment by the deadline.,1
1185,deadline.,1.66,1.94,0.28,Make sure to submit your assignment by the deadline.,1
1039,We,0.0,0.48,0.48,We should review the budgetum before making any decisions.,1
1039,should,0.48,0.66,0.18000000000000005,We should review the budgetum before making any decisions.,1
1039,review,0.66,0.98,0.31999999999999995,We should review the budgetum before making any decisions.,1
1039,the,0.98,1.22,0.24,We should review the budgetum before making any decisions.,1
1039,budgetum,1.22,1.78,0.56,We should review the budgetum before making any decisions.,1
1039,before,1.78,2.46,0.6799999999999999,We should review the budgetum before making any decisions.,1
1039,making,2.46,2.94,0.48,We should review the budgetum before making any decisions.,1
1039,any,2.94,3.26,0.31999999999999984,We should review the budgetum before making any decisions.,1
1039,decisions.,3.26,3.74,0.4800000000000004,We should review the budgetum before making any decisions.,1
1041,We,0.0,0.42,0.42,"We need to finalize the contract, well, by tomorrow.",1
1041,need,0.42,0.54,0.12000000000000005,"We need to finalize the contract, well, by tomorrow.",1
1041,to,0.54,0.7,0.15999999999999992,"We need to finalize the contract, well, by tomorrow.",1
1041,finalize,0.7,1.26,0.56,"We need to finalize the contract, well, by tomorrow.",1
1041,the,1.26,1.38,0.11999999999999988,"We need to finalize the contract, well, by tomorrow.",1
1041,"contract,",1.38,1.8,0.42000000000000015,"We need to finalize the contract, well, by tomorrow.",1
1041,"well,",2.04,2.24,0.20000000000000018,"We need to finalize the contract, well, by tomorrow.",1
1041,by,2.42,2.52,0.10000000000000009,"We need to finalize the contract, well, by tomorrow.",1
1041,tomorrow.,2.52,2.82,0.2999999999999998,"We need to finalize the contract, well, by tomorrow.",1
1145,Please,0.0,0.7,0.7,Please have your passport and boarding pass ready for inspection. Well.,1
1145,have,0.7,0.94,0.24,Please have your passport and boarding pass ready for inspection. Well.,1
1145,your,0.94,1.12,0.18000000000000016,Please have your passport and boarding pass ready for inspection. Well.,1
1145,passport,1.12,1.46,0.33999999999999986,Please have your passport and boarding pass ready for inspection. Well.,1
1145,and,1.46,1.8,0.3400000000000001,Please have your passport and boarding pass ready for inspection. Well.,1
1145,boarding,1.8,2.08,0.28,Please have your passport and boarding pass ready for inspection. Well.,1
1145,pass,2.08,2.58,0.5,Please have your passport and boarding pass ready for inspection. Well.,1
1145,ready,2.58,3.72,1.1400000000000001,Please have your passport and boarding pass ready for inspection. Well.,1
1145,for,3.72,3.96,0.23999999999999977,Please have your passport and boarding pass ready for inspection. Well.,1
1145,inspection.,3.96,4.5,0.54,Please have your passport and boarding pass ready for inspection. Well.,1
1145,Well.,4.98,5.66,0.6799999999999997,Please have your passport and boarding pass ready for inspection. Well.,1
1000,The,0.0,0.64,0.64,The presentation will be held in the main auditorium on.,1
1000,presentation,0.64,1.34,0.7000000000000001,The presentation will be held in the main auditorium on.,1
1000,will,1.34,1.62,0.28,The presentation will be held in the main auditorium on.,1
1000,be,1.62,1.78,0.15999999999999992,The presentation will be held in the main auditorium on.,1
1000,held,1.78,2.1,0.32000000000000006,The presentation will be held in the main auditorium on.,1
1000,in,2.1,2.24,0.14000000000000012,The presentation will be held in the main auditorium on.,1
1000,the,2.24,2.34,0.09999999999999964,The presentation will be held in the main auditorium on.,1
1000,main,2.34,2.58,0.2400000000000002,The presentation will be held in the main auditorium on.,1
1000,auditorium,2.58,3.42,0.8399999999999999,The presentation will be held in the main auditorium on.,1
1000,on.,3.42,3.66,0.2400000000000002,The presentation will be held in the main auditorium on.,1
1094,I'll,0.0,1.34,1.34,I'll be attending the conference next month.,1
1094,be,1.34,1.46,0.11999999999999988,I'll be attending the conference next month.,1
1094,attending,1.46,2.12,0.6600000000000001,I'll be attending the conference next month.,1
1094,the,2.12,2.42,0.2999999999999998,I'll be attending the conference next month.,1
1094,conference,2.42,2.86,0.43999999999999995,I'll be attending the conference next month.,1
1094,next,2.86,3.26,0.3999999999999999,I'll be attending the conference next month.,1
1094,month.,3.26,3.62,0.3600000000000003,I'll be attending the conference next month.,1
1186,The,0.0,0.62,0.62,The library has extended its hours during finals week A.,1
1186,library,0.62,1.2,0.58,The library has extended its hours during finals week A.,1
1186,has,1.2,1.68,0.48,The library has extended its hours during finals week A.,1
1186,extended,1.68,2.24,0.5600000000000003,The library has extended its hours during finals week A.,1
1186,its,2.24,2.52,0.2799999999999998,The library has extended its hours during finals week A.,1
1186,hours,2.52,2.92,0.3999999999999999,The library has extended its hours during finals week A.,1
1186,during,2.92,3.6,0.6800000000000002,The library has extended its hours during finals week A.,1
1186,finals,3.6,4.18,0.5799999999999996,The library has extended its hours during finals week A.,1
1186,week,4.18,4.7,0.5200000000000005,The library has extended its hours during finals week A.,1
1186,A.,4.7,5.22,0.5199999999999996,The library has extended its hours during finals week A.,1
1169,We,0.5800000000000001,1.1,0.52,We need to schedule a dentist appointment for the kids at.,1
1169,need,1.1,1.28,0.17999999999999994,We need to schedule a dentist appointment for the kids at.,1
1169,to,1.28,1.46,0.17999999999999994,We need to schedule a dentist appointment for the kids at.,1
1169,schedule,1.46,1.88,0.41999999999999993,We need to schedule a dentist appointment for the kids at.,1
1169,a,1.88,2.12,0.2400000000000002,We need to schedule a dentist appointment for the kids at.,1
1169,dentist,2.12,2.4,0.2799999999999998,We need to schedule a dentist appointment for the kids at.,1
1169,appointment,2.4,3.0,0.6000000000000001,We need to schedule a dentist appointment for the kids at.,1
1169,for,3.0,3.3,0.2999999999999998,We need to schedule a dentist appointment for the kids at.,1
1169,the,3.3,3.46,0.16000000000000014,We need to schedule a dentist appointment for the kids at.,1
1169,kids,3.46,3.74,0.28000000000000025,We need to schedule a dentist appointment for the kids at.,1
1169,at.,3.74,3.96,0.21999999999999975,We need to schedule a dentist appointment for the kids at.,1
10011,Could,0.0,1.24,1.24,Could you please provide a well?,1
10011,you,1.24,1.46,0.21999999999999997,Could you please provide a well?,1
10011,please,1.46,1.86,0.40000000000000013,Could you please provide a well?,1
10011,provide,1.86,2.24,0.3800000000000001,Could you please provide a well?,1
10011,a,2.24,2.5,0.2599999999999998,Could you please provide a well?,1
10011,well?,2.5,2.86,0.3599999999999999,Could you please provide a well?,1
10011,Detailed,3.7,4.26,0.5599999999999996,Detailed breakdown of the expenses.,1
10011,breakdown,4.26,4.84,0.5800000000000001,Detailed breakdown of the expenses.,1
10011,of,4.84,5.34,0.5,Detailed breakdown of the expenses.,1
10011,the,5.34,5.52,0.17999999999999972,Detailed breakdown of the expenses.,1
10011,expenses.,5.52,6.12,0.6000000000000005,Detailed breakdown of the expenses.,1
1128,Emergency,0.0,1.64,1.64,Emergency personnel will arrive on a scene shortly.,1
1128,personnel,1.64,2.28,0.6399999999999999,Emergency personnel will arrive on a scene shortly.,1
1128,will,2.28,2.96,0.6800000000000002,Emergency personnel will arrive on a scene shortly.,1
1128,arrive,2.96,3.38,0.41999999999999993,Emergency personnel will arrive on a scene shortly.,1
1128,on,3.38,3.7,0.3200000000000003,Emergency personnel will arrive on a scene shortly.,1
1128,a,3.7,3.82,0.11999999999999966,Emergency personnel will arrive on a scene shortly.,1
1128,scene,3.82,4.06,0.23999999999999977,Emergency personnel will arrive on a scene shortly.,1
1128,shortly.,4.06,4.62,0.5600000000000005,Emergency personnel will arrive on a scene shortly.,1
1149,If,0.0,0.42,0.42,"If you see any suspicious activity like, report it to the authorities immediately.",1
1149,you,0.42,0.52,0.10000000000000003,"If you see any suspicious activity like, report it to the authorities immediately.",1
1149,see,0.52,0.72,0.19999999999999996,"If you see any suspicious activity like, report it to the authorities immediately.",1
1149,any,0.72,0.94,0.21999999999999997,"If you see any suspicious activity like, report it to the authorities immediately.",1
1149,suspicious,0.94,1.3,0.3600000000000001,"If you see any suspicious activity like, report it to the authorities immediately.",1
1149,activity,1.3,1.96,0.6599999999999999,"If you see any suspicious activity like, report it to the authorities immediately.",1
1149,"like,",1.96,2.24,0.28000000000000025,"If you see any suspicious activity like, report it to the authorities immediately.",1
1149,report,2.7,2.94,0.23999999999999977,"If you see any suspicious activity like, report it to the authorities immediately.",1
1149,it,2.94,3.12,0.18000000000000016,"If you see any suspicious activity like, report it to the authorities immediately.",1
1149,to,3.12,3.26,0.13999999999999968,"If you see any suspicious activity like, report it to the authorities immediately.",1
1149,the,3.26,3.36,0.10000000000000009,"If you see any suspicious activity like, report it to the authorities immediately.",1
1149,authorities,3.36,3.78,0.41999999999999993,"If you see any suspicious activity like, report it to the authorities immediately.",1
1149,immediately.,3.78,4.28,0.5000000000000004,"If you see any suspicious activity like, report it to the authorities immediately.",1
10027,The,0.0,0.96,0.96,The surgery is scheduled for you now.,1
10027,surgery,0.96,1.4,0.43999999999999995,The surgery is scheduled for you now.,1
10027,is,1.4,1.64,0.24,The surgery is scheduled for you now.,1
10027,scheduled,1.64,2.06,0.42000000000000015,The surgery is scheduled for you now.,1
10027,for,2.06,2.36,0.2999999999999998,The surgery is scheduled for you now.,1
10027,you,2.36,2.46,0.10000000000000009,The surgery is scheduled for you now.,1
10027,now.,2.46,2.66,0.20000000000000018,The surgery is scheduled for you now.,1
10027,Next,3.34,3.7,0.3600000000000003,Next Tuesday morning.,1
10027,Tuesday,3.7,4.16,0.45999999999999996,Next Tuesday morning.,1
10027,morning.,4.16,4.58,0.41999999999999993,Next Tuesday morning.,1
1098,We,0.0,0.8,0.8,We should implement the new system by next quarter.,1
1098,should,0.8,1.18,0.3799999999999999,We should implement the new system by next quarter.,1
1098,implement,1.18,2.04,0.8600000000000001,We should implement the new system by next quarter.,1
1098,the,2.04,2.76,0.7199999999999998,We should implement the new system by next quarter.,1
1098,new,2.76,3.02,0.26000000000000023,We should implement the new system by next quarter.,1
1098,system,3.02,3.64,0.6200000000000001,We should implement the new system by next quarter.,1
1098,by,3.64,4.14,0.49999999999999956,We should implement the new system by next quarter.,1
1098,next,4.14,4.5,0.3600000000000003,We should implement the new system by next quarter.,1
1098,quarter.,4.5,4.96,0.45999999999999996,We should implement the new system by next quarter.,1
1020,The,0.8000000000000003,1.48,0.6799999999999997,The new employee orientation will be held on Monday of.,1
1020,new,1.48,1.7,0.21999999999999997,The new employee orientation will be held on Monday of.,1
1020,employee,1.7,2.18,0.4800000000000002,The new employee orientation will be held on Monday of.,1
1020,orientation,2.18,2.96,0.7799999999999998,The new employee orientation will be held on Monday of.,1
1020,will,2.96,3.92,0.96,The new employee orientation will be held on Monday of.,1
1020,be,3.92,4.08,0.16000000000000014,The new employee orientation will be held on Monday of.,1
1020,held,4.08,4.46,0.3799999999999999,The new employee orientation will be held on Monday of.,1
1020,on,4.46,4.74,0.28000000000000025,The new employee orientation will be held on Monday of.,1
1020,Monday,4.74,5.08,0.33999999999999986,The new employee orientation will be held on Monday of.,1
1020,of.,5.08,5.34,0.2599999999999998,The new employee orientation will be held on Monday of.,1
1036,We,0.0,0.86,0.86,We need to improve our customer service ratings with.,1
1036,need,0.86,1.08,0.22000000000000008,We need to improve our customer service ratings with.,1
1036,to,1.08,1.34,0.26,We need to improve our customer service ratings with.,1
1036,improve,1.34,1.84,0.5,We need to improve our customer service ratings with.,1
1036,our,1.84,2.2,0.3600000000000001,We need to improve our customer service ratings with.,1
1036,customer,2.2,2.7,0.5,We need to improve our customer service ratings with.,1
1036,service,2.7,3.28,0.5799999999999996,We need to improve our customer service ratings with.,1
1036,ratings,3.28,3.86,0.5800000000000001,We need to improve our customer service ratings with.,1
1036,with.,3.86,4.18,0.31999999999999984,We need to improve our customer service ratings with.,1
1173,We'll,0.0,0.7,0.7,We'll be happy to process your refund within 35 business days on.,1
1173,be,0.7,0.8,0.10000000000000009,We'll be happy to process your refund within 35 business days on.,1
1173,happy,0.8,1.12,0.32000000000000006,We'll be happy to process your refund within 35 business days on.,1
1173,to,1.12,1.36,0.24,We'll be happy to process your refund within 35 business days on.,1
1173,process,1.36,1.76,0.3999999999999999,We'll be happy to process your refund within 35 business days on.,1
1173,your,1.76,2.06,0.30000000000000004,We'll be happy to process your refund within 35 business days on.,1
1173,refund,2.06,2.46,0.3999999999999999,We'll be happy to process your refund within 35 business days on.,1
1173,within,2.46,3.24,0.7800000000000002,We'll be happy to process your refund within 35 business days on.,1
1173,35,3.24,3.92,0.6799999999999997,We'll be happy to process your refund within 35 business days on.,1
1173,business,3.92,4.46,0.54,We'll be happy to process your refund within 35 business days on.,1
1173,days,4.46,4.82,0.3600000000000003,We'll be happy to process your refund within 35 business days on.,1
1173,on.,4.82,5.16,0.33999999999999986,We'll be happy to process your refund within 35 business days on.,1
1061,What,0.78,1.2,0.41999999999999993,What have you been up to lately?,1
1061,have,1.2,1.32,0.1200000000000001,What have you been up to lately?,1
1061,you,1.32,1.42,0.09999999999999987,What have you been up to lately?,1
1061,been,1.42,1.56,0.14000000000000012,What have you been up to lately?,1
1061,up,1.56,1.72,0.15999999999999992,What have you been up to lately?,1
1061,to,1.72,1.98,0.26,What have you been up to lately?,1
1061,lately?,1.98,3.42,1.44,What have you been up to lately?,1
1125,In,0.0,0.74,0.74,"In case of fire, use the stairs like not the elevators.",1
1125,case,0.74,0.96,0.21999999999999997,"In case of fire, use the stairs like not the elevators.",1
1125,of,0.96,1.36,0.40000000000000013,"In case of fire, use the stairs like not the elevators.",1
1125,"fire,",1.36,1.64,0.2799999999999998,"In case of fire, use the stairs like not the elevators.",1
1125,use,2.18,2.38,0.19999999999999973,"In case of fire, use the stairs like not the elevators.",1
1125,the,2.38,2.54,0.16000000000000014,"In case of fire, use the stairs like not the elevators.",1
1125,stairs,2.54,2.92,0.3799999999999999,"In case of fire, use the stairs like not the elevators.",1
1125,like,2.92,3.58,0.6600000000000001,"In case of fire, use the stairs like not the elevators.",1
1125,not,3.58,3.98,0.3999999999999999,"In case of fire, use the stairs like not the elevators.",1
1125,the,3.98,4.2,0.2200000000000002,"In case of fire, use the stairs like not the elevators.",1
1125,elevators.,4.2,4.8,0.5999999999999996,"In case of fire, use the stairs like not the elevators.",1
1021,We,0.0,0.8,0.8,We need to discuss the upcoming product launch strategy.,1
1021,need,0.8,0.98,0.17999999999999994,We need to discuss the upcoming product launch strategy.,1
1021,to,0.98,1.14,0.15999999999999992,We need to discuss the upcoming product launch strategy.,1
1021,discuss,1.14,1.52,0.3800000000000001,We need to discuss the upcoming product launch strategy.,1
1021,the,1.52,2.28,0.7599999999999998,We need to discuss the upcoming product launch strategy.,1
1021,upcoming,2.28,2.68,0.40000000000000036,We need to discuss the upcoming product launch strategy.,1
1021,product,2.68,3.2,0.52,We need to discuss the upcoming product launch strategy.,1
1021,launch,3.2,3.68,0.48,We need to discuss the upcoming product launch strategy.,1
1021,strategy.,3.68,4.36,0.6800000000000002,We need to discuss the upcoming product launch strategy.,1
1021,You,4.78,5.3,0.5199999999999996,You know...,1
1021,know...,5.3,5.76,0.45999999999999996,You know...,1
1076,Can,0.0,0.94,0.94,"Can you explain the side effects, you know, of this treatment?",1
1076,you,0.94,1.08,0.14000000000000012,"Can you explain the side effects, you know, of this treatment?",1
1076,explain,1.08,1.42,0.33999999999999986,"Can you explain the side effects, you know, of this treatment?",1
1076,the,1.42,1.62,0.20000000000000018,"Can you explain the side effects, you know, of this treatment?",1
1076,side,1.62,1.86,0.24,"Can you explain the side effects, you know, of this treatment?",1
1076,"effects,",1.86,2.2,0.3400000000000001,"Can you explain the side effects, you know, of this treatment?",1
1076,you,2.78,2.9,0.1200000000000001,"Can you explain the side effects, you know, of this treatment?",1
1076,"know,",2.9,3.02,0.1200000000000001,"Can you explain the side effects, you know, of this treatment?",1
1076,of,3.22,3.22,0.0,"Can you explain the side effects, you know, of this treatment?",1
1076,this,3.22,3.4,0.17999999999999972,"Can you explain the side effects, you know, of this treatment?",1
1076,treatment?,3.4,3.8,0.3999999999999999,"Can you explain the side effects, you know, of this treatment?",1
106,The,0.0,0.64,0.64,"The new employee handbook will be distributed next well, week.",1
106,new,0.64,0.82,0.17999999999999994,"The new employee handbook will be distributed next well, week.",1
106,employee,0.82,1.28,0.4600000000000001,"The new employee handbook will be distributed next well, week.",1
106,handbook,1.28,1.78,0.5,"The new employee handbook will be distributed next well, week.",1
106,will,1.78,2.02,0.24,"The new employee handbook will be distributed next well, week.",1
106,be,2.02,2.2,0.18000000000000016,"The new employee handbook will be distributed next well, week.",1
106,distributed,2.2,2.76,0.5599999999999996,"The new employee handbook will be distributed next well, week.",1
106,next,2.76,3.08,0.3200000000000003,"The new employee handbook will be distributed next well, week.",1
106,"well,",3.08,3.44,0.3599999999999999,"The new employee handbook will be distributed next well, week.",1
106,week.,4.0,4.22,0.21999999999999975,"The new employee handbook will be distributed next well, week.",1
10026,Have,0.0,1.3,1.3,Have you been experiencing any like side effects from the medication?,1
10026,you,1.3,1.46,0.15999999999999992,Have you been experiencing any like side effects from the medication?,1
10026,been,1.46,1.6,0.14000000000000012,Have you been experiencing any like side effects from the medication?,1
10026,experiencing,1.6,2.3,0.6999999999999997,Have you been experiencing any like side effects from the medication?,1
10026,any,2.3,2.78,0.48,Have you been experiencing any like side effects from the medication?,1
10026,like,2.78,3.16,0.38000000000000034,Have you been experiencing any like side effects from the medication?,1
10026,side,3.16,4.08,0.9199999999999999,Have you been experiencing any like side effects from the medication?,1
10026,effects,4.08,4.42,0.33999999999999986,Have you been experiencing any like side effects from the medication?,1
10026,from,4.42,4.84,0.41999999999999993,Have you been experiencing any like side effects from the medication?,1
10026,the,4.84,4.98,0.14000000000000057,Have you been experiencing any like side effects from the medication?,1
10026,medication?,4.98,5.44,0.45999999999999996,Have you been experiencing any like side effects from the medication?,1
10010,The,0.0,1.28,1.28,"The project was completed you know, under budget and ahead of schedule.",1
10010,project,1.28,1.7,0.41999999999999993,"The project was completed you know, under budget and ahead of schedule.",1
10010,was,1.7,2.02,0.32000000000000006,"The project was completed you know, under budget and ahead of schedule.",1
10010,completed,2.02,2.54,0.52,"The project was completed you know, under budget and ahead of schedule.",1
10010,you,2.54,2.78,0.23999999999999977,"The project was completed you know, under budget and ahead of schedule.",1
10010,"know,",2.78,3.06,0.28000000000000025,"The project was completed you know, under budget and ahead of schedule.",1
10010,under,3.38,3.82,0.43999999999999995,"The project was completed you know, under budget and ahead of schedule.",1
10010,budget,3.82,4.2,0.38000000000000034,"The project was completed you know, under budget and ahead of schedule.",1
10010,and,4.2,4.68,0.47999999999999954,"The project was completed you know, under budget and ahead of schedule.",1
10010,ahead,4.68,4.94,0.2600000000000007,"The project was completed you know, under budget and ahead of schedule.",1
10010,of,4.94,5.1,0.15999999999999925,"The project was completed you know, under budget and ahead of schedule.",1
10010,schedule.,5.1,5.54,0.4400000000000004,"The project was completed you know, under budget and ahead of schedule.",1
1187,We,0.6400000000000008,1.26,0.6199999999999992,We need to form study groups for the upcoming exam on.,1
1187,need,1.26,1.42,0.15999999999999992,We need to form study groups for the upcoming exam on.,1
1187,to,1.42,1.58,0.16000000000000014,We need to form study groups for the upcoming exam on.,1
1187,form,1.58,1.82,0.24,We need to form study groups for the upcoming exam on.,1
1187,study,1.82,2.22,0.40000000000000013,We need to form study groups for the upcoming exam on.,1
1187,groups,2.22,2.58,0.3599999999999999,We need to form study groups for the upcoming exam on.,1
1187,for,2.58,3.32,0.7399999999999998,We need to form study groups for the upcoming exam on.,1
1187,the,3.32,3.48,0.16000000000000014,We need to form study groups for the upcoming exam on.,1
1187,upcoming,3.48,3.82,0.33999999999999986,We need to form study groups for the upcoming exam on.,1
1187,exam,3.82,4.24,0.4200000000000004,We need to form study groups for the upcoming exam on.,1
1187,on.,4.24,4.52,0.27999999999999936,We need to form study groups for the upcoming exam on.,1
10006,We,0.0,0.72,0.72,We need to well secure the area before the paramedics arrive.,1
10006,need,0.72,0.92,0.20000000000000007,We need to well secure the area before the paramedics arrive.,1
10006,to,0.92,1.18,0.2599999999999999,We need to well secure the area before the paramedics arrive.,1
10006,well,1.18,1.44,0.26,We need to well secure the area before the paramedics arrive.,1
10006,secure,1.44,2.58,1.1400000000000001,We need to well secure the area before the paramedics arrive.,1
10006,the,2.58,2.86,0.2799999999999998,We need to well secure the area before the paramedics arrive.,1
10006,area,2.86,3.22,0.3600000000000003,We need to well secure the area before the paramedics arrive.,1
10006,before,3.22,3.8,0.5799999999999996,We need to well secure the area before the paramedics arrive.,1
10006,the,3.8,4.04,0.2400000000000002,We need to well secure the area before the paramedics arrive.,1
10006,paramedics,4.04,4.78,0.7400000000000002,We need to well secure the area before the paramedics arrive.,1
10006,arrive.,4.78,5.32,0.54,We need to well secure the area before the paramedics arrive.,1
1113,Students,0.0,0.76,0.76,"Students are required to submit their essays by next week, like...",1
1113,are,0.76,0.98,0.21999999999999997,"Students are required to submit their essays by next week, like...",1
1113,required,0.98,1.5,0.52,"Students are required to submit their essays by next week, like...",1
1113,to,1.5,1.82,0.32000000000000006,"Students are required to submit their essays by next week, like...",1
1113,submit,1.82,2.2,0.3800000000000001,"Students are required to submit their essays by next week, like...",1
1113,their,2.2,2.48,0.2799999999999998,"Students are required to submit their essays by next week, like...",1
1113,essays,2.48,2.86,0.3799999999999999,"Students are required to submit their essays by next week, like...",1
1113,by,2.86,3.22,0.3600000000000003,"Students are required to submit their essays by next week, like...",1
1113,next,3.22,3.54,0.31999999999999984,"Students are required to submit their essays by next week, like...",1
1113,"week,",3.54,3.9,0.3599999999999999,"Students are required to submit their essays by next week, like...",1
1113,like...,4.28,4.84,0.5599999999999996,"Students are required to submit their essays by next week, like...",1
1056,Is,0.0,0.84,0.84,Is there the warranty on this item?,1
1056,there,0.84,1.0,0.16000000000000003,Is there the warranty on this item?,1
1056,the,1.0,1.2,0.19999999999999996,Is there the warranty on this item?,1
1056,warranty,1.2,1.56,0.3600000000000001,Is there the warranty on this item?,1
1056,on,1.56,1.82,0.26,Is there the warranty on this item?,1
1056,this,1.82,2.04,0.21999999999999997,Is there the warranty on this item?,1
1056,item?,2.04,2.34,0.2999999999999998,Is there the warranty on this item?,1
1017,Could,0.0,0.72,0.72,Could you please provide an update on the project status like?,1
1017,you,0.72,0.84,0.12,Could you please provide an update on the project status like?,1
1017,please,0.84,1.16,0.31999999999999995,Could you please provide an update on the project status like?,1
1017,provide,1.16,1.44,0.28,Could you please provide an update on the project status like?,1
1017,an,1.44,1.64,0.19999999999999996,Could you please provide an update on the project status like?,1
1017,update,1.64,1.94,0.30000000000000004,Could you please provide an update on the project status like?,1
1017,on,1.94,2.16,0.2200000000000002,Could you please provide an update on the project status like?,1
1017,the,2.16,2.28,0.11999999999999966,Could you please provide an update on the project status like?,1
1017,project,2.28,2.6,0.3200000000000003,Could you please provide an update on the project status like?,1
1017,status,2.6,3.12,0.52,Could you please provide an update on the project status like?,1
1017,like?,3.12,3.48,0.3599999999999999,Could you please provide an update on the project status like?,1
1159,Have,0.7200000000000002,1.44,0.7199999999999998,Have you finished the quarterly financial report with?,1
1159,you,1.44,1.6,0.16000000000000014,Have you finished the quarterly financial report with?,1
1159,finished,1.6,1.96,0.3599999999999999,Have you finished the quarterly financial report with?,1
1159,the,1.96,2.16,0.20000000000000018,Have you finished the quarterly financial report with?,1
1159,quarterly,2.16,2.52,0.3599999999999999,Have you finished the quarterly financial report with?,1
1159,financial,2.52,3.04,0.52,Have you finished the quarterly financial report with?,1
1159,report,3.04,3.42,0.3799999999999999,Have you finished the quarterly financial report with?,1
1159,with?,3.42,3.78,0.3599999999999999,Have you finished the quarterly financial report with?,1
1118,We'll,0.0,0.68,0.68,We'll need to unschedule or follow up appointment in two weeks.,1
1118,need,0.68,0.82,0.1399999999999999,We'll need to unschedule or follow up appointment in two weeks.,1
1118,to,0.82,0.98,0.16000000000000003,We'll need to unschedule or follow up appointment in two weeks.,1
1118,unschedule,0.98,1.48,0.5,We'll need to unschedule or follow up appointment in two weeks.,1
1118,or,1.48,1.62,0.14000000000000012,We'll need to unschedule or follow up appointment in two weeks.,1
1118,follow,1.62,1.84,0.21999999999999997,We'll need to unschedule or follow up appointment in two weeks.,1
1118,up,1.84,2.0,0.15999999999999992,We'll need to unschedule or follow up appointment in two weeks.,1
1118,appointment,2.0,2.28,0.2799999999999998,We'll need to unschedule or follow up appointment in two weeks.,1
1118,in,2.28,2.58,0.30000000000000027,We'll need to unschedule or follow up appointment in two weeks.,1
1118,two,2.58,2.8,0.21999999999999975,We'll need to unschedule or follow up appointment in two weeks.,1
1118,weeks.,2.8,3.06,0.26000000000000023,We'll need to unschedule or follow up appointment in two weeks.,1
101,We,0.0,0.68,0.68,We need to improve our response time to emergency situations.,1
101,need,0.68,0.88,0.19999999999999996,We need to improve our response time to emergency situations.,1
101,to,0.88,1.08,0.20000000000000007,We need to improve our response time to emergency situations.,1
101,improve,1.08,1.42,0.33999999999999986,We need to improve our response time to emergency situations.,1
101,our,1.42,1.64,0.21999999999999997,We need to improve our response time to emergency situations.,1
101,response,1.64,2.0,0.3600000000000001,We need to improve our response time to emergency situations.,1
101,time,2.0,2.5,0.5,We need to improve our response time to emergency situations.,1
101,to,2.5,2.72,0.2200000000000002,We need to improve our response time to emergency situations.,1
101,emergency,2.72,3.34,0.6199999999999997,We need to improve our response time to emergency situations.,1
101,situations.,3.34,4.78,1.4400000000000004,We need to improve our response time to emergency situations.,1
1026,We,0.0,0.6,0.6,We need to improve our internal communication channels.,1
1026,need,0.6,0.78,0.18000000000000005,We need to improve our internal communication channels.,1
1026,to,0.78,0.94,0.15999999999999992,We need to improve our internal communication channels.,1
1026,improve,0.94,1.3,0.3600000000000001,We need to improve our internal communication channels.,1
1026,our,1.3,1.6,0.30000000000000004,We need to improve our internal communication channels.,1
1026,internal,1.6,2.02,0.41999999999999993,We need to improve our internal communication channels.,1
1026,communication,2.02,2.64,0.6200000000000001,We need to improve our internal communication channels.,1
1026,channels.,2.64,3.4,0.7599999999999998,We need to improve our internal communication channels.,1
1026,The,3.96,4.48,0.5200000000000005,The,1
1088,The,0.0,1.12,1.12,The weather forecast predicts heavy rain tomorrow were.,1
1088,weather,1.12,1.4,0.2799999999999998,The weather forecast predicts heavy rain tomorrow were.,1
1088,forecast,1.4,1.92,0.52,The weather forecast predicts heavy rain tomorrow were.,1
1088,predicts,1.92,2.8,0.8799999999999999,The weather forecast predicts heavy rain tomorrow were.,1
1088,heavy,2.8,3.5,0.7000000000000002,The weather forecast predicts heavy rain tomorrow were.,1
1088,rain,3.5,3.78,0.2799999999999998,The weather forecast predicts heavy rain tomorrow were.,1
1088,tomorrow,3.78,4.18,0.3999999999999999,The weather forecast predicts heavy rain tomorrow were.,1
1088,were.,4.18,4.6,0.41999999999999993,The weather forecast predicts heavy rain tomorrow were.,1
1051,We,1.3800000000000001,1.84,0.45999999999999996,We need to save money to for our vacation.,1
1051,need,1.84,2.02,0.17999999999999994,We need to save money to for our vacation.,1
1051,to,2.02,2.22,0.20000000000000018,We need to save money to for our vacation.,1
1051,save,2.22,2.48,0.2599999999999998,We need to save money to for our vacation.,1
1051,money,2.48,2.88,0.3999999999999999,We need to save money to for our vacation.,1
1051,to,2.88,3.24,0.3600000000000003,We need to save money to for our vacation.,1
1051,for,3.24,3.42,0.17999999999999972,We need to save money to for our vacation.,1
1051,our,3.42,3.62,0.20000000000000018,We need to save money to for our vacation.,1
1051,vacation.,3.62,4.16,0.54,We need to save money to for our vacation.,1
1138,Please,0.0,0.54,0.54,Please a schedule or follow up appointment for next month.,1
1138,a,0.54,0.74,0.19999999999999996,Please a schedule or follow up appointment for next month.,1
1138,schedule,0.74,1.14,0.3999999999999999,Please a schedule or follow up appointment for next month.,1
1138,or,1.14,1.28,0.14000000000000012,Please a schedule or follow up appointment for next month.,1
1138,follow,1.28,1.52,0.24,Please a schedule or follow up appointment for next month.,1
1138,up,1.52,1.72,0.19999999999999996,Please a schedule or follow up appointment for next month.,1
1138,appointment,1.72,2.16,0.44000000000000017,Please a schedule or follow up appointment for next month.,1
1138,for,2.16,2.46,0.2999999999999998,Please a schedule or follow up appointment for next month.,1
1138,next,2.46,2.7,0.2400000000000002,Please a schedule or follow up appointment for next month.,1
1138,month.,2.7,2.96,0.2599999999999998,Please a schedule or follow up appointment for next month.,1
1084,In,0.0,0.4,0.4,"In case of fire, use the stairs, well, not the elevator.",1
1084,case,0.4,0.62,0.21999999999999997,"In case of fire, use the stairs, well, not the elevator.",1
1084,of,0.62,0.88,0.26,"In case of fire, use the stairs, well, not the elevator.",1
1084,"fire,",0.88,1.14,0.2599999999999999,"In case of fire, use the stairs, well, not the elevator.",1
1084,use,1.32,1.5,0.17999999999999994,"In case of fire, use the stairs, well, not the elevator.",1
1084,the,1.5,1.64,0.1399999999999999,"In case of fire, use the stairs, well, not the elevator.",1
1084,"stairs,",1.64,1.92,0.28,"In case of fire, use the stairs, well, not the elevator.",1
1084,"well,",2.24,2.44,0.19999999999999973,"In case of fire, use the stairs, well, not the elevator.",1
1084,not,2.74,2.92,0.17999999999999972,"In case of fire, use the stairs, well, not the elevator.",1
1084,the,2.92,3.14,0.2200000000000002,"In case of fire, use the stairs, well, not the elevator.",1
1084,elevator.,3.14,3.48,0.33999999999999986,"In case of fire, use the stairs, well, not the elevator.",1
10016,The,0.0,0.86,0.86,The conference will well feature keynote speakers from various disciplines.,1
10016,conference,0.86,1.32,0.4600000000000001,The conference will well feature keynote speakers from various disciplines.,1
10016,will,1.32,1.68,0.3599999999999999,The conference will well feature keynote speakers from various disciplines.,1
10016,well,1.68,2.02,0.3400000000000001,The conference will well feature keynote speakers from various disciplines.,1
10016,feature,2.02,2.74,0.7200000000000002,The conference will well feature keynote speakers from various disciplines.,1
10016,keynote,2.74,3.36,0.6199999999999997,The conference will well feature keynote speakers from various disciplines.,1
10016,speakers,3.36,4.02,0.6599999999999997,The conference will well feature keynote speakers from various disciplines.,1
10016,from,4.02,4.58,0.5600000000000005,The conference will well feature keynote speakers from various disciplines.,1
10016,various,4.58,5.18,0.5999999999999996,The conference will well feature keynote speakers from various disciplines.,1
10016,disciplines.,5.18,5.92,0.7400000000000002,The conference will well feature keynote speakers from various disciplines.,1
1181,Did,0.0,0.72,0.72,"Did you hear about the new restaurant downtown, like...",1
1181,you,0.72,0.92,0.20000000000000007,"Did you hear about the new restaurant downtown, like...",1
1181,hear,0.92,1.14,0.21999999999999986,"Did you hear about the new restaurant downtown, like...",1
1181,about,1.14,1.38,0.24,"Did you hear about the new restaurant downtown, like...",1
1181,the,1.38,1.56,0.18000000000000016,"Did you hear about the new restaurant downtown, like...",1
1181,new,1.56,1.72,0.15999999999999992,"Did you hear about the new restaurant downtown, like...",1
1181,restaurant,1.72,2.12,0.40000000000000013,"Did you hear about the new restaurant downtown, like...",1
1181,"downtown,",2.12,2.62,0.5,"Did you hear about the new restaurant downtown, like...",1
1181,like...,2.9,3.22,0.3200000000000003,"Did you hear about the new restaurant downtown, like...",1
1139,The,0.0,0.36,0.36,The new treatment has shown promising results in clinical trials at.,1
1139,new,0.36,0.48,0.12,The new treatment has shown promising results in clinical trials at.,1
1139,treatment,0.48,0.76,0.28,The new treatment has shown promising results in clinical trials at.,1
1139,has,0.76,0.96,0.19999999999999996,The new treatment has shown promising results in clinical trials at.,1
1139,shown,0.96,1.14,0.17999999999999994,The new treatment has shown promising results in clinical trials at.,1
1139,promising,1.14,1.54,0.40000000000000013,The new treatment has shown promising results in clinical trials at.,1
1139,results,1.54,1.96,0.41999999999999993,The new treatment has shown promising results in clinical trials at.,1
1139,in,1.96,2.2,0.2400000000000002,The new treatment has shown promising results in clinical trials at.,1
1139,clinical,2.2,2.5,0.2999999999999998,The new treatment has shown promising results in clinical trials at.,1
1139,trials,2.5,2.9,0.3999999999999999,The new treatment has shown promising results in clinical trials at.,1
1139,at.,2.9,3.06,0.16000000000000014,The new treatment has shown promising results in clinical trials at.,1
1007,I,0.0,0.66,0.66,I think we should revise our marketing strategy for next year.,1
1007,think,0.66,0.86,0.19999999999999996,I think we should revise our marketing strategy for next year.,1
1007,we,0.86,1.1,0.2400000000000001,I think we should revise our marketing strategy for next year.,1
1007,should,1.1,1.48,0.3799999999999999,I think we should revise our marketing strategy for next year.,1
1007,revise,1.48,3.14,1.6600000000000001,I think we should revise our marketing strategy for next year.,1
1007,our,3.14,3.6,0.45999999999999996,I think we should revise our marketing strategy for next year.,1
1007,marketing,3.6,4.04,0.43999999999999995,I think we should revise our marketing strategy for next year.,1
1007,strategy,4.04,4.8,0.7599999999999998,I think we should revise our marketing strategy for next year.,1
1007,for,4.8,5.58,0.7800000000000002,I think we should revise our marketing strategy for next year.,1
1007,next,5.58,5.94,0.3600000000000003,I think we should revise our marketing strategy for next year.,1
1007,year.,5.94,6.26,0.3199999999999994,I think we should revise our marketing strategy for next year.,1
1103,We,1.9599999999999995,2.6,0.6400000000000006,We need to discuss our vacation plans for next summer at...,1
1103,need,2.6,2.76,0.1599999999999997,We need to discuss our vacation plans for next summer at...,1
1103,to,2.76,2.94,0.18000000000000016,We need to discuss our vacation plans for next summer at...,1
1103,discuss,2.94,3.24,0.30000000000000027,We need to discuss our vacation plans for next summer at...,1
1103,our,3.24,3.66,0.41999999999999993,We need to discuss our vacation plans for next summer at...,1
1103,vacation,3.66,4.16,0.5,We need to discuss our vacation plans for next summer at...,1
1103,plans,4.16,4.62,0.45999999999999996,We need to discuss our vacation plans for next summer at...,1
1103,for,4.62,4.84,0.21999999999999975,We need to discuss our vacation plans for next summer at...,1
1103,next,4.84,5.1,0.2599999999999998,We need to discuss our vacation plans for next summer at...,1
1103,summer,5.1,5.42,0.3200000000000003,We need to discuss our vacation plans for next summer at...,1
1103,at...,5.42,5.8,0.3799999999999999,We need to discuss our vacation plans for next summer at...,1
1046,Have,0.0,0.34,0.34,Have you seen my keys I'm anywhere?,1
1046,you,0.34,0.5,0.15999999999999998,Have you seen my keys I'm anywhere?,1
1046,seen,0.5,0.7,0.19999999999999996,Have you seen my keys I'm anywhere?,1
1046,my,0.7,0.88,0.18000000000000005,Have you seen my keys I'm anywhere?,1
1046,keys,0.88,1.18,0.29999999999999993,Have you seen my keys I'm anywhere?,1
1046,I'm,1.18,1.42,0.24,Have you seen my keys I'm anywhere?,1
1046,anywhere?,1.42,1.7,0.28,Have you seen my keys I'm anywhere?,1
1089,She,0.0,0.68,0.68,She quickly ran to catch really the bus.,1
1089,quickly,0.68,1.1,0.42000000000000004,She quickly ran to catch really the bus.,1
1089,ran,1.1,1.42,0.31999999999999984,She quickly ran to catch really the bus.,1
1089,to,1.42,1.74,0.32000000000000006,She quickly ran to catch really the bus.,1
1089,catch,1.74,2.16,0.42000000000000015,She quickly ran to catch really the bus.,1
1089,really,2.16,2.62,0.45999999999999996,She quickly ran to catch really the bus.,1
1089,the,2.62,2.82,0.19999999999999973,She quickly ran to catch really the bus.,1
1089,bus.,2.82,3.08,0.26000000000000023,She quickly ran to catch really the bus.,1
1174,Is,0.0,0.66,0.66,Is there anything else I can help you with today like?,1
1174,there,0.66,0.82,0.15999999999999992,Is there anything else I can help you with today like?,1
1174,anything,0.82,1.18,0.36,Is there anything else I can help you with today like?,1
1174,else,1.18,1.46,0.28,Is there anything else I can help you with today like?,1
1174,I,1.46,1.62,0.16000000000000014,Is there anything else I can help you with today like?,1
1174,can,1.62,1.74,0.11999999999999988,Is there anything else I can help you with today like?,1
1174,help,1.74,1.98,0.24,Is there anything else I can help you with today like?,1
1174,you,1.98,2.18,0.20000000000000018,Is there anything else I can help you with today like?,1
1174,with,2.18,2.34,0.1599999999999997,Is there anything else I can help you with today like?,1
1174,today,2.34,2.66,0.3200000000000003,Is there anything else I can help you with today like?,1
1174,like?,2.66,3.0,0.33999999999999986,Is there anything else I can help you with today like?,1
10020,Have,0.0,1.08,1.08,Have you seen my keys?,1
10020,you,1.08,1.24,0.15999999999999992,Have you seen my keys?,1
10020,seen,1.24,1.46,0.21999999999999997,Have you seen my keys?,1
10020,my,1.46,1.7,0.24,Have you seen my keys?,1
10020,keys?,1.7,2.0,0.30000000000000004,Have you seen my keys?,1
10020,I,3.54,3.84,0.2999999999999998,I can't well find them anywhere.,1
10020,can't,3.84,4.22,0.3799999999999999,I can't well find them anywhere.,1
10020,well,4.22,4.54,0.3200000000000003,I can't well find them anywhere.,1
10020,find,4.54,5.54,1.0,I can't well find them anywhere.,1
10020,them,5.54,5.76,0.21999999999999975,I can't well find them anywhere.,1
10020,anywhere.,5.76,6.16,0.40000000000000036,I can't well find them anywhere.,1
1119,The,0.0,0.66,0.66,The medication should be taken twice daily with food too.,1
1119,medication,0.66,1.28,0.62,The medication should be taken twice daily with food too.,1
1119,should,1.28,1.68,0.3999999999999999,The medication should be taken twice daily with food too.,1
1119,be,1.68,1.9,0.21999999999999997,The medication should be taken twice daily with food too.,1
1119,taken,1.9,2.28,0.3799999999999999,The medication should be taken twice daily with food too.,1
1119,twice,2.28,2.76,0.48,The medication should be taken twice daily with food too.,1
1119,daily,2.76,3.18,0.4200000000000004,The medication should be taken twice daily with food too.,1
1119,with,3.18,3.48,0.2999999999999998,The medication should be taken twice daily with food too.,1
1119,food,3.48,3.82,0.33999999999999986,The medication should be taken twice daily with food too.,1
1119,too.,3.82,4.08,0.26000000000000023,The medication should be taken twice daily with food too.,1
115,the,0.0,0.12,0.12,the chain to London leaves in 15 minutes.,3
115,chain,0.12,0.46,0.34,the chain to London leaves in 15 minutes.,3
115,to,0.46,3.66,3.2,the chain to London leaves in 15 minutes.,3
115,London,3.66,3.96,0.2999999999999998,the chain to London leaves in 15 minutes.,3
115,leaves,3.96,4.2,0.2400000000000002,the chain to London leaves in 15 minutes.,3
115,in,4.2,4.38,0.17999999999999972,the chain to London leaves in 15 minutes.,3
115,15,4.38,4.78,0.40000000000000036,the chain to London leaves in 15 minutes.,3
115,minutes.,4.78,5.14,0.35999999999999943,the chain to London leaves in 15 minutes.,3
1120,If,0.0,0.18,0.18,"If you hear the fire alarm, evacuate the building immediately.",3
1120,you,0.18,0.28,0.10000000000000003,"If you hear the fire alarm, evacuate the building immediately.",3
1120,hear,0.28,0.4,0.12,"If you hear the fire alarm, evacuate the building immediately.",3
1120,the,0.4,0.58,0.17999999999999994,"If you hear the fire alarm, evacuate the building immediately.",3
1120,fire,0.58,0.8,0.22000000000000008,"If you hear the fire alarm, evacuate the building immediately.",3
1120,"alarm,",0.8,1.26,0.45999999999999996,"If you hear the fire alarm, evacuate the building immediately.",3
1120,evacuate,1.74,2.24,0.5000000000000002,"If you hear the fire alarm, evacuate the building immediately.",3
1120,the,2.24,4.22,1.9799999999999995,"If you hear the fire alarm, evacuate the building immediately.",3
1120,building,4.22,4.6,0.3799999999999999,"If you hear the fire alarm, evacuate the building immediately.",3
1120,immediately.,4.6,5.1,0.5,"If you hear the fire alarm, evacuate the building immediately.",3
1065,just,0.0,0.28,0.28,just adopted the...,3
1065,adopted,0.28,0.74,0.45999999999999996,just adopted the...,3
1065,the...,0.74,2.38,1.64,just adopted the...,3
1065,cutest,3.959999999999998,4.72,0.7600000000000016,cutest puppy ever.,3
1065,puppy,4.72,5.1,0.3799999999999999,cutest puppy ever.,3
1065,ever.,5.1,5.48,0.3800000000000008,cutest puppy ever.,3
1049,Don't,0.0,0.32,0.32,Don't forget to inform you bank about your travel plans.,3
1049,forget,0.32,0.54,0.22000000000000003,Don't forget to inform you bank about your travel plans.,3
1049,to,0.54,0.76,0.21999999999999997,Don't forget to inform you bank about your travel plans.,3
1049,inform,0.76,1.02,0.26,Don't forget to inform you bank about your travel plans.,3
1049,you,1.02,1.18,0.15999999999999992,Don't forget to inform you bank about your travel plans.,3
1049,bank,1.18,1.4,0.21999999999999997,Don't forget to inform you bank about your travel plans.,3
1049,about,1.4,1.68,0.28,Don't forget to inform you bank about your travel plans.,3
1049,your,1.68,3.22,1.5400000000000003,Don't forget to inform you bank about your travel plans.,3
1049,travel,3.22,5.34,2.1199999999999997,Don't forget to inform you bank about your travel plans.,3
1049,plans.,5.34,5.9,0.5600000000000005,Don't forget to inform you bank about your travel plans.,3
1086,What,0.0,0.2,0.2,What time does our flight depart?,3
1086,time,0.2,0.56,0.36000000000000004,What time does our flight depart?,3
1086,does,0.56,0.84,0.2799999999999999,What time does our flight depart?,3
1086,our,0.84,1.18,0.33999999999999997,What time does our flight depart?,3
1086,flight,1.18,2.46,1.28,What time does our flight depart?,3
1086,depart?,2.46,2.96,0.5,What time does our flight depart?,3
1069,What's,0.0,0.32,0.32,What's your interpretation of?,3
1069,your,0.32,0.4,0.08000000000000002,What's your interpretation of?,3
1069,interpretation,0.4,0.94,0.5399999999999999,What's your interpretation of?,3
1069,of?,0.94,1.56,0.6200000000000001,What's your interpretation of?,3
1069,The,4.74,5.56,0.8199999999999994,The symbolic elements in the painting.,3
1069,symbolic,5.56,5.98,0.4200000000000008,The symbolic elements in the painting.,3
1069,elements,5.98,6.44,0.45999999999999996,The symbolic elements in the painting.,3
1069,in,6.44,6.72,0.27999999999999936,The symbolic elements in the painting.,3
1069,the,6.72,6.82,0.10000000000000053,The symbolic elements in the painting.,3
1069,painting.,6.82,7.22,0.39999999999999947,The symbolic elements in the painting.,3
1004,The,0.0,0.14,0.14,The latest software update includes several bug fixes and performance improvements.,3
1004,latest,0.14,0.52,0.38,The latest software update includes several bug fixes and performance improvements.,3
1004,software,0.52,1.22,0.7,The latest software update includes several bug fixes and performance improvements.,3
1004,update,1.22,1.72,0.5,The latest software update includes several bug fixes and performance improvements.,3
1004,includes,1.72,2.36,0.6399999999999999,The latest software update includes several bug fixes and performance improvements.,3
1004,several,2.36,5.26,2.9,The latest software update includes several bug fixes and performance improvements.,3
1004,bug,5.26,5.68,0.41999999999999993,The latest software update includes several bug fixes and performance improvements.,3
1004,fixes,5.68,6.34,0.6600000000000001,The latest software update includes several bug fixes and performance improvements.,3
1004,and,6.34,6.78,0.4400000000000004,The latest software update includes several bug fixes and performance improvements.,3
1004,performance,6.78,7.42,0.6399999999999997,The latest software update includes several bug fixes and performance improvements.,3
1004,improvements.,7.42,8.54,1.1199999999999992,The latest software update includes several bug fixes and performance improvements.,3
1116,The,0.0,0.12,0.12,The new treatment shows promising results in clinical trials.,3
1116,new,0.12,0.28,0.16000000000000003,The new treatment shows promising results in clinical trials.,3
1116,treatment,0.28,0.6,0.31999999999999995,The new treatment shows promising results in clinical trials.,3
1116,shows,0.6,1.16,0.5599999999999999,The new treatment shows promising results in clinical trials.,3
1116,promising,1.16,2.5,1.34,The new treatment shows promising results in clinical trials.,3
1116,results,2.5,3.02,0.52,The new treatment shows promising results in clinical trials.,3
1116,in,3.02,3.28,0.2599999999999998,The new treatment shows promising results in clinical trials.,3
1116,clinical,3.28,3.66,0.38000000000000034,The new treatment shows promising results in clinical trials.,3
1116,trials.,3.66,4.12,0.45999999999999996,The new treatment shows promising results in clinical trials.,3
1045,The,0.0,0.14,0.14,The lecture on ancient civilizations was incredibly informative.,3
1045,lecture,0.14,0.46,0.32,The lecture on ancient civilizations was incredibly informative.,3
1045,on,0.46,0.88,0.42,The lecture on ancient civilizations was incredibly informative.,3
1045,ancient,0.88,3.2,2.3200000000000003,The lecture on ancient civilizations was incredibly informative.,3
1045,civilizations,3.2,3.84,0.6399999999999997,The lecture on ancient civilizations was incredibly informative.,3
1045,was,3.84,4.4,0.5600000000000005,The lecture on ancient civilizations was incredibly informative.,3
1045,incredibly,4.4,5.0,0.5999999999999996,The lecture on ancient civilizations was incredibly informative.,3
1045,informative.,5.0,5.92,0.9199999999999999,The lecture on ancient civilizations was incredibly informative.,3
1100,Please,0.0,0.26,0.26,Please make sure to bring your passport for international flights.,3
1100,make,0.26,0.52,0.26,Please make sure to bring your passport for international flights.,3
1100,sure,0.52,0.78,0.26,Please make sure to bring your passport for international flights.,3
1100,to,0.78,1.02,0.24,Please make sure to bring your passport for international flights.,3
1100,bring,1.02,1.22,0.19999999999999996,Please make sure to bring your passport for international flights.,3
1100,your,1.22,1.4,0.17999999999999994,Please make sure to bring your passport for international flights.,3
1100,passport,1.4,1.74,0.3400000000000001,Please make sure to bring your passport for international flights.,3
1100,for,1.74,2.22,0.4800000000000002,Please make sure to bring your passport for international flights.,3
1100,international,2.22,5.58,3.36,Please make sure to bring your passport for international flights.,3
1100,flights.,5.58,6.5,0.9199999999999999,Please make sure to bring your passport for international flights.,3
1012,the,0.0,0.12,0.12,the new AI algorithm card and process data much faster than previous versions.,3
1012,new,0.12,0.38,0.26,the new AI algorithm card and process data much faster than previous versions.,3
1012,AI,0.38,0.68,0.30000000000000004,the new AI algorithm card and process data much faster than previous versions.,3
1012,algorithm,0.68,1.2,0.5199999999999999,the new AI algorithm card and process data much faster than previous versions.,3
1012,card,1.2,1.68,0.48,the new AI algorithm card and process data much faster than previous versions.,3
1012,and,1.68,2.74,1.0600000000000003,the new AI algorithm card and process data much faster than previous versions.,3
1012,process,2.74,4.6,1.8599999999999994,the new AI algorithm card and process data much faster than previous versions.,3
1012,data,4.6,5.02,0.41999999999999993,the new AI algorithm card and process data much faster than previous versions.,3
1012,much,5.02,5.26,0.2400000000000002,the new AI algorithm card and process data much faster than previous versions.,3
1012,faster,5.26,5.86,0.6000000000000005,the new AI algorithm card and process data much faster than previous versions.,3
1012,than,5.86,6.0,0.13999999999999968,the new AI algorithm card and process data much faster than previous versions.,3
1012,previous,6.0,6.38,0.3799999999999999,the new AI algorithm card and process data much faster than previous versions.,3
1012,versions.,6.38,7.04,0.6600000000000001,the new AI algorithm card and process data much faster than previous versions.,3
1157,If,0.0,0.18,0.18,"If you smell gas, open.",3
1157,you,0.18,0.28,0.10000000000000003,"If you smell gas, open.",3
1157,smell,0.28,0.5,0.21999999999999997,"If you smell gas, open.",3
1157,"gas,",0.5,0.84,0.33999999999999997,"If you smell gas, open.",3
1157,open.,1.16,1.48,0.32000000000000006,"If you smell gas, open.",3
1157,All,3.0600000000000005,3.74,0.6799999999999997,All windows and doors immediately.,3
1157,windows,3.74,4.14,0.39999999999999947,All windows and doors immediately.,3
1157,and,4.14,4.5,0.3600000000000003,All windows and doors immediately.,3
1157,doors,4.5,4.78,0.28000000000000025,All windows and doors immediately.,3
1157,immediately.,4.78,5.18,0.39999999999999947,All windows and doors immediately.,3
1013,What's,0.0,0.36,0.36,What's your favorite scene from?,3
1013,your,0.36,0.48,0.12,What's your favorite scene from?,3
1013,favorite,0.48,0.98,0.5,What's your favorite scene from?,3
1013,scene,0.98,1.36,0.3800000000000001,What's your favorite scene from?,3
1013,from?,1.36,1.72,0.3599999999999999,What's your favorite scene from?,3
1013,The,5.0,5.42,0.41999999999999993,The movie we watched last night.,3
1013,movie,5.42,5.86,0.4400000000000004,The movie we watched last night.,3
1013,we,5.86,6.16,0.2999999999999998,The movie we watched last night.,3
1013,watched,6.16,6.58,0.41999999999999993,The movie we watched last night.,3
1013,last,6.58,7.0,0.41999999999999993,The movie we watched last night.,3
1013,night.,7.0,7.54,0.54,The movie we watched last night.,3
1044,We,0.0,0.18,0.18,We need to review the budget before finalising the project plan.,3
1044,need,0.18,0.34,0.16000000000000003,We need to review the budget before finalising the project plan.,3
1044,to,0.34,0.54,0.2,We need to review the budget before finalising the project plan.,3
1044,review,0.54,0.88,0.33999999999999997,We need to review the budget before finalising the project plan.,3
1044,the,0.88,1.14,0.2599999999999999,We need to review the budget before finalising the project plan.,3
1044,budget,1.14,1.54,0.40000000000000013,We need to review the budget before finalising the project plan.,3
1044,before,1.54,2.12,0.5800000000000001,We need to review the budget before finalising the project plan.,3
1044,finalising,2.12,3.92,1.7999999999999998,We need to review the budget before finalising the project plan.,3
1044,the,3.92,4.14,0.21999999999999975,We need to review the budget before finalising the project plan.,3
1044,project,4.14,4.64,0.5,We need to review the budget before finalising the project plan.,3
1044,plan.,4.64,5.28,0.6400000000000006,We need to review the budget before finalising the project plan.,3
1052,Our,0.0,0.24,0.24,Our team is dedicated to providing excellent customer service.,3
1052,team,0.24,0.64,0.4,Our team is dedicated to providing excellent customer service.,3
1052,is,0.64,1.06,0.42000000000000004,Our team is dedicated to providing excellent customer service.,3
1052,dedicated,1.06,1.64,0.5799999999999998,Our team is dedicated to providing excellent customer service.,3
1052,to,1.64,2.2,0.5600000000000003,Our team is dedicated to providing excellent customer service.,3
1052,providing,2.2,6.78,4.58,Our team is dedicated to providing excellent customer service.,3
1052,excellent,6.78,7.72,0.9399999999999995,Our team is dedicated to providing excellent customer service.,3
1052,customer,7.72,8.36,0.6399999999999997,Our team is dedicated to providing excellent customer service.,3
1052,service.,8.36,9.1,0.7400000000000002,Our team is dedicated to providing excellent customer service.,3
1005,which,0.0,0.2,0.2,which genre of music do you prefer for relaxation?,3
1005,genre,0.2,0.52,0.32,which genre of music do you prefer for relaxation?,3
1005,of,0.52,0.96,0.43999999999999995,which genre of music do you prefer for relaxation?,3
1005,music,0.96,2.5,1.54,which genre of music do you prefer for relaxation?,3
1005,do,2.5,2.78,0.2799999999999998,which genre of music do you prefer for relaxation?,3
1005,you,2.78,2.88,0.10000000000000009,which genre of music do you prefer for relaxation?,3
1005,prefer,2.88,3.22,0.3400000000000003,which genre of music do you prefer for relaxation?,3
1005,for,3.22,3.54,0.31999999999999984,which genre of music do you prefer for relaxation?,3
1005,relaxation?,3.54,4.02,0.47999999999999954,which genre of music do you prefer for relaxation?,3
1140,The,0.0,0.16,0.16,The new marketing strategy aims to increase brand awareness.,3
1140,new,0.16,0.36,0.19999999999999998,The new marketing strategy aims to increase brand awareness.,3
1140,marketing,0.36,0.78,0.42000000000000004,The new marketing strategy aims to increase brand awareness.,3
1140,strategy,0.78,1.52,0.74,The new marketing strategy aims to increase brand awareness.,3
1140,aims,1.52,1.88,0.3599999999999999,The new marketing strategy aims to increase brand awareness.,3
1140,to,1.88,2.34,0.45999999999999996,The new marketing strategy aims to increase brand awareness.,3
1140,increase,2.34,5.76,3.42,The new marketing strategy aims to increase brand awareness.,3
1140,brand,5.76,6.14,0.3799999999999999,The new marketing strategy aims to increase brand awareness.,3
1140,awareness.,6.14,6.56,0.41999999999999993,The new marketing strategy aims to increase brand awareness.,3
1091,I,0.0,0.12,0.12,I can't believe how.,3
1091,can't,0.12,0.46,0.34,I can't believe how.,3
1091,believe,0.46,0.7,0.23999999999999994,I can't believe how.,3
1091,how.,0.7,1.16,0.45999999999999996,I can't believe how.,3
1091,Many,2.6,2.94,0.33999999999999986,Many likes my pose got.,3
1091,likes,2.94,3.26,0.31999999999999984,Many likes my pose got.,3
1091,my,3.26,3.44,0.18000000000000016,Many likes my pose got.,3
1091,pose,3.44,3.78,0.33999999999999986,Many likes my pose got.,3
1091,got.,3.78,4.06,0.2799999999999998,Many likes my pose got.,3
1087,I,0.0,0.14,0.14,I love watching action.,3
1087,love,0.14,0.28,0.14,I love watching action.,3
1087,watching,0.28,0.68,0.4,I love watching action.,3
1087,action.,0.68,1.2,0.5199999999999999,I love watching action.,3
1087,Moves,2.9299999999999997,3.3,0.3700000000000001,Moves is on weekends.,3
1087,is,3.3,3.42,0.1200000000000001,Moves is on weekends.,3
1087,on,3.42,3.56,0.14000000000000012,Moves is on weekends.,3
1087,weekends.,3.56,3.9,0.33999999999999986,Moves is on weekends.,3
1009,I'm,0.0,0.26,0.26,"I'm sorry, but your warranty has expired for this product.",3
1009,"sorry,",0.26,0.7,0.43999999999999995,"I'm sorry, but your warranty has expired for this product.",3
1009,but,1.38,1.74,0.3600000000000001,"I'm sorry, but your warranty has expired for this product.",3
1009,your,1.74,2.0,0.26,"I'm sorry, but your warranty has expired for this product.",3
1009,warranty,2.0,2.5,0.5,"I'm sorry, but your warranty has expired for this product.",3
1009,has,2.5,3.16,0.6600000000000001,"I'm sorry, but your warranty has expired for this product.",3
1009,expired,3.16,4.9,1.7400000000000002,"I'm sorry, but your warranty has expired for this product.",3
1009,for,4.9,5.26,0.35999999999999943,"I'm sorry, but your warranty has expired for this product.",3
1009,this,5.26,5.5,0.2400000000000002,"I'm sorry, but your warranty has expired for this product.",3
1009,product.,5.5,5.98,0.4800000000000004,"I'm sorry, but your warranty has expired for this product.",3
1137,The,0.0,0.14,0.14,The latest smartphone features an advanced facial recognition system.,3
1137,latest,0.14,0.4,0.26,The latest smartphone features an advanced facial recognition system.,3
1137,smartphone,0.4,1.0,0.6,The latest smartphone features an advanced facial recognition system.,3
1137,features,1.0,1.62,0.6200000000000001,The latest smartphone features an advanced facial recognition system.,3
1137,an,1.62,1.96,0.33999999999999986,The latest smartphone features an advanced facial recognition system.,3
1137,advanced,1.96,2.42,0.45999999999999996,The latest smartphone features an advanced facial recognition system.,3
1137,facial,2.42,2.94,0.52,The latest smartphone features an advanced facial recognition system.,3
1137,recognition,2.94,5.24,2.3000000000000003,The latest smartphone features an advanced facial recognition system.,3
1137,system.,5.24,5.94,0.7000000000000002,The latest smartphone features an advanced facial recognition system.,3
102,The,0.0,0.1,0.1,The professor explained the theory in detail.,3
102,professor,0.1,0.5,0.4,The professor explained the theory in detail.,3
102,explained,0.5,1.28,0.78,The professor explained the theory in detail.,3
102,the,1.28,4.72,3.4399999999999995,The professor explained the theory in detail.,3
102,theory,4.72,5.06,0.33999999999999986,The professor explained the theory in detail.,3
102,in,5.06,5.22,0.16000000000000014,The professor explained the theory in detail.,3
102,detail.,5.22,5.62,0.40000000000000036,The professor explained the theory in detail.,3
1072,for,0.0,0.12,0.12,"for your presentation, remember to",3
1072,your,0.12,0.26,0.14,"for your presentation, remember to",3
1072,"presentation,",0.26,1.12,0.8600000000000001,"for your presentation, remember to",3
1072,remember,1.36,1.76,0.3999999999999999,"for your presentation, remember to",3
1072,to,1.76,2.1,0.3400000000000001,"for your presentation, remember to",3
1072,who,2.1,2.88,0.7799999999999998,who speak clearly and maintain eye contact.,3
1072,speak,2.88,4.6,1.7199999999999998,who speak clearly and maintain eye contact.,3
1072,clearly,4.6,5.08,0.4800000000000004,who speak clearly and maintain eye contact.,3
1072,and,5.08,5.42,0.33999999999999986,who speak clearly and maintain eye contact.,3
1072,maintain,5.42,5.88,0.45999999999999996,who speak clearly and maintain eye contact.,3
1072,eye,5.88,6.2,0.3200000000000003,who speak clearly and maintain eye contact.,3
1072,contact.,6.2,6.82,0.6200000000000001,who speak clearly and maintain eye contact.,3
1160,Would,0.0,0.14,0.14,Would you like to add a side?,3
1160,you,0.14,0.3,0.15999999999999998,Would you like to add a side?,3
1160,like,0.3,0.5,0.2,Would you like to add a side?,3
1160,to,0.5,0.7,0.19999999999999996,Would you like to add a side?,3
1160,add,0.7,0.88,0.18000000000000005,Would you like to add a side?,3
1160,a,0.88,1.02,0.14,Would you like to add a side?,3
1160,side?,1.02,1.6,0.5800000000000001,Would you like to add a side?,3
1160,Salute,4.58,4.98,0.40000000000000036,Salute to your order.,3
1160,to,4.98,5.14,0.15999999999999925,Salute to your order.,3
1160,your,5.14,5.22,0.08000000000000007,Salute to your order.,3
1160,order.,5.22,5.52,0.2999999999999998,Salute to your order.,3
1025,The,0.0,0.12,0.12,The professor's explanation of relativity theory was quite complex.,3
1025,professor's,0.12,0.94,0.82,The professor's explanation of relativity theory was quite complex.,3
1025,explanation,0.94,1.62,0.6800000000000002,The professor's explanation of relativity theory was quite complex.,3
1025,of,1.62,2.02,0.3999999999999999,The professor's explanation of relativity theory was quite complex.,3
1025,relativity,2.02,5.86,3.8400000000000003,The professor's explanation of relativity theory was quite complex.,3
1025,theory,5.86,6.5,0.6399999999999997,The professor's explanation of relativity theory was quite complex.,3
1025,was,6.5,6.7,0.20000000000000018,The professor's explanation of relativity theory was quite complex.,3
1025,quite,6.7,6.98,0.28000000000000025,The professor's explanation of relativity theory was quite complex.,3
1025,complex.,6.98,7.7,0.7199999999999998,The professor's explanation of relativity theory was quite complex.,3
1033,If,0.0,0.24,0.24,If you hear the fire alarm proceed calmly too.,3
1033,you,0.24,0.38,0.14,If you hear the fire alarm proceed calmly too.,3
1033,hear,0.38,0.68,0.30000000000000004,If you hear the fire alarm proceed calmly too.,3
1033,the,0.68,0.9,0.21999999999999997,If you hear the fire alarm proceed calmly too.,3
1033,fire,0.9,1.34,0.44000000000000006,If you hear the fire alarm proceed calmly too.,3
1033,alarm,1.34,1.88,0.5399999999999998,If you hear the fire alarm proceed calmly too.,3
1033,proceed,1.88,2.54,0.6600000000000001,If you hear the fire alarm proceed calmly too.,3
1033,calmly,2.54,3.08,0.54,If you hear the fire alarm proceed calmly too.,3
1033,too.,3.08,3.5,0.41999999999999993,If you hear the fire alarm proceed calmly too.,3
1033,The,6.83,7.26,0.4299999999999997,The nearest exit.,3
1033,nearest,7.26,7.58,0.3200000000000003,The nearest exit.,3
1033,exit.,7.58,8.0,0.41999999999999993,The nearest exit.,3
1064,Would,0.0,0.16,0.16,Would you mind picking up?,3
1064,you,0.16,0.26,0.1,Would you mind picking up?,3
1064,mind,0.26,0.44,0.18,Would you mind picking up?,3
1064,picking,0.44,0.78,0.34,Would you mind picking up?,3
1064,up?,0.78,1.2,0.41999999999999993,Would you mind picking up?,3
1064,The,3.34,3.92,0.5800000000000001,The dry cleaning on your way home.,3
1064,dry,3.92,4.2,0.28000000000000025,The dry cleaning on your way home.,3
1064,cleaning,4.2,4.58,0.3799999999999999,The dry cleaning on your way home.,3
1064,on,4.58,4.8,0.21999999999999975,The dry cleaning on your way home.,3
1064,your,4.8,4.92,0.1200000000000001,The dry cleaning on your way home.,3
1064,way,4.92,5.18,0.2599999999999998,The dry cleaning on your way home.,3
1064,home.,5.18,5.48,0.3000000000000007,The dry cleaning on your way home.,3
1080,The,0.0,0.1,0.1,The marketing team presented their quarterly report.,3
1080,marketing,0.1,0.38,0.28,The marketing team presented their quarterly report.,3
1080,team,0.38,1.0,0.62,The marketing team presented their quarterly report.,3
1080,presented,1.0,3.54,2.54,The marketing team presented their quarterly report.,3
1080,their,3.54,3.84,0.2999999999999998,The marketing team presented their quarterly report.,3
1080,quarterly,3.84,4.28,0.4400000000000004,The marketing team presented their quarterly report.,3
1080,report.,4.28,4.92,0.6399999999999997,The marketing team presented their quarterly report.,3
10,Call,0.0,0.26,0.26,Call 911 immediately.,3
10,911,0.26,1.02,0.76,Call 911 immediately.,3
10,immediately.,1.02,1.94,0.9199999999999999,Call 911 immediately.,3
10,If,4.18,4.8,0.6200000000000001,If you see any suspicious activity.,3
10,you,4.8,5.4,0.6000000000000005,If you see any suspicious activity.,3
10,see,5.4,5.68,0.27999999999999936,If you see any suspicious activity.,3
10,any,5.68,5.98,0.3000000000000007,If you see any suspicious activity.,3
10,suspicious,5.98,6.62,0.6399999999999997,If you see any suspicious activity.,3
10,activity.,6.62,7.38,0.7599999999999998,If you see any suspicious activity.,3
1096,Let's,0.0,0.32,0.32,Let's grab some popcorn before the movie starts.,3
1096,grab,0.32,0.54,0.22000000000000003,Let's grab some popcorn before the movie starts.,3
1096,some,0.54,0.86,0.31999999999999995,Let's grab some popcorn before the movie starts.,3
1096,popcorn,0.86,1.24,0.38,Let's grab some popcorn before the movie starts.,3
1096,before,1.24,1.76,0.52,Let's grab some popcorn before the movie starts.,3
1096,the,1.76,3.56,1.8,Let's grab some popcorn before the movie starts.,3
1096,movie,3.56,3.82,0.2599999999999998,Let's grab some popcorn before the movie starts.,3
1096,starts.,3.82,4.2,0.38000000000000034,Let's grab some popcorn before the movie starts.,3
1079,which,0.0,0.26,0.26,which board game should we play for?,3
1079,board,0.26,0.54,0.28,which board game should we play for?,3
1079,game,0.54,0.92,0.38,which board game should we play for?,3
1079,should,0.92,1.28,0.36,which board game should we play for?,3
1079,we,1.28,1.48,0.19999999999999996,which board game should we play for?,3
1079,play,1.48,1.8,0.32000000000000006,which board game should we play for?,3
1079,for?,1.8,2.3,0.4999999999999998,which board game should we play for?,3
1079,Game,4.9,5.28,0.3799999999999999,Game night this weekend.,3
1079,night,5.28,5.58,0.2999999999999998,Game night this weekend.,3
1079,this,5.58,6.0,0.41999999999999993,Game night this weekend.,3
1079,weekend.,6.0,6.42,0.41999999999999993,Game night this weekend.,3
1002,The,0.0,0.18,0.18,The symptoms you're describing could indicate a viral infection.,3
1002,symptoms,0.18,0.58,0.39999999999999997,The symptoms you're describing could indicate a viral infection.,3
1002,you're,0.58,0.9,0.32000000000000006,The symptoms you're describing could indicate a viral infection.,3
1002,describing,0.9,1.4,0.4999999999999999,The symptoms you're describing could indicate a viral infection.,3
1002,could,1.4,1.94,0.54,The symptoms you're describing could indicate a viral infection.,3
1002,indicate,1.94,4.84,2.9,The symptoms you're describing could indicate a viral infection.,3
1002,a,4.84,5.1,0.2599999999999998,The symptoms you're describing could indicate a viral infection.,3
1002,viral,5.1,5.5,0.40000000000000036,The symptoms you're describing could indicate a viral infection.,3
1002,infection.,5.5,6.14,0.6399999999999997,The symptoms you're describing could indicate a viral infection.,3
1147,The,0.0,0.1,0.1,The new software update improves overall system performance.,3
1147,new,0.1,0.28,0.18000000000000002,The new software update improves overall system performance.,3
1147,software,0.28,0.72,0.43999999999999995,The new software update improves overall system performance.,3
1147,update,0.72,1.08,0.3600000000000001,The new software update improves overall system performance.,3
1147,improves,1.08,1.42,0.33999999999999986,The new software update improves overall system performance.,3
1147,overall,1.42,1.84,0.42000000000000015,The new software update improves overall system performance.,3
1147,system,1.84,2.36,0.5199999999999998,The new software update improves overall system performance.,3
1147,performance.,2.36,5.04,2.68,The new software update improves overall system performance.,3
1055,I,0.0,0.18,0.18,"I can't believe I just met my favorite actor, IRL.",3
1055,can't,0.18,0.3,0.12,"I can't believe I just met my favorite actor, IRL.",3
1055,believe,0.3,0.56,0.26000000000000006,"I can't believe I just met my favorite actor, IRL.",3
1055,I,0.56,0.86,0.29999999999999993,"I can't believe I just met my favorite actor, IRL.",3
1055,just,0.86,1.12,0.2600000000000001,"I can't believe I just met my favorite actor, IRL.",3
1055,met,1.12,1.34,0.21999999999999997,"I can't believe I just met my favorite actor, IRL.",3
1055,my,1.34,1.8,0.45999999999999996,"I can't believe I just met my favorite actor, IRL.",3
1055,favorite,1.8,4.9,3.1000000000000005,"I can't believe I just met my favorite actor, IRL.",3
1055,"actor,",4.9,5.38,0.47999999999999954,"I can't believe I just met my favorite actor, IRL.",3
1055,IRL.,5.58,6.04,0.45999999999999996,"I can't believe I just met my favorite actor, IRL.",3
1110,What's,0.0,0.34,0.34,What's on rev?,3
1110,on,0.34,0.46,0.12,What's on rev?,3
1110,rev?,0.46,0.68,0.22000000000000003,What's on rev?,3
1110,Movie,4.5600000000000005,5.12,0.5599999999999996,Movie would you like to watch tonight?,3
1110,would,5.12,5.46,0.33999999999999986,Movie would you like to watch tonight?,3
1110,you,5.46,5.6,0.13999999999999968,Movie would you like to watch tonight?,3
1110,like,5.6,5.8,0.20000000000000018,Movie would you like to watch tonight?,3
1110,to,5.8,6.02,0.21999999999999975,Movie would you like to watch tonight?,3
1110,watch,6.02,6.22,0.20000000000000018,Movie would you like to watch tonight?,3
1110,tonight?,6.22,6.66,0.4400000000000004,Movie would you like to watch tonight?,3
1043,In,0.0,0.16,0.16,"In the event of severe weather, stay indoors and follow official guidance.",3
1043,the,0.16,0.34,0.18000000000000002,"In the event of severe weather, stay indoors and follow official guidance.",3
1043,event,0.34,0.58,0.23999999999999994,"In the event of severe weather, stay indoors and follow official guidance.",3
1043,of,0.58,0.82,0.24,"In the event of severe weather, stay indoors and follow official guidance.",3
1043,severe,0.82,1.16,0.33999999999999997,"In the event of severe weather, stay indoors and follow official guidance.",3
1043,"weather,",1.16,1.6,0.44000000000000017,"In the event of severe weather, stay indoors and follow official guidance.",3
1043,stay,2.44,2.58,0.14000000000000012,"In the event of severe weather, stay indoors and follow official guidance.",3
1043,indoors,2.58,2.98,0.3999999999999999,"In the event of severe weather, stay indoors and follow official guidance.",3
1043,and,2.98,3.32,0.33999999999999986,"In the event of severe weather, stay indoors and follow official guidance.",3
1043,follow,3.32,3.72,0.40000000000000036,"In the event of severe weather, stay indoors and follow official guidance.",3
1043,official,3.72,6.76,3.0399999999999996,"In the event of severe weather, stay indoors and follow official guidance.",3
1043,guidance.,6.76,7.3,0.54,"In the event of severe weather, stay indoors and follow official guidance.",3
1171,The,0.0,0.14,0.14,The movie was great but the ending was unexpected.,3
1171,movie,0.14,0.56,0.42000000000000004,The movie was great but the ending was unexpected.,3
1171,was,0.56,0.88,0.31999999999999995,The movie was great but the ending was unexpected.,3
1171,great,0.88,1.2,0.31999999999999995,The movie was great but the ending was unexpected.,3
1171,but,1.2,1.58,0.3800000000000001,The movie was great but the ending was unexpected.,3
1171,the,1.58,2.82,1.2399999999999998,The movie was great but the ending was unexpected.,3
1171,ending,2.82,3.2,0.38000000000000034,The movie was great but the ending was unexpected.,3
1171,was,3.2,3.54,0.33999999999999986,The movie was great but the ending was unexpected.,3
1171,unexpected.,3.54,4.42,0.8799999999999999,The movie was great but the ending was unexpected.,3
1167,in,0.0,0.18,0.18,"in case of a medical emergency,",3
1167,case,0.18,0.44,0.26,"in case of a medical emergency,",3
1167,of,0.44,0.68,0.24000000000000005,"in case of a medical emergency,",3
1167,a,0.68,0.74,0.05999999999999994,"in case of a medical emergency,",3
1167,medical,0.74,1.2,0.45999999999999996,"in case of a medical emergency,",3
1167,"emergency,",1.2,2.2,1.0000000000000002,"in case of a medical emergency,",3
1167,dial,5.039999999999999,5.56,0.5200000000000005,dial 911 immediately.,3
1167,911,5.56,6.32,0.7600000000000007,dial 911 immediately.,3
1167,immediately.,6.32,7.1,0.7799999999999994,dial 911 immediately.,3
105,How,0.0,0.14,0.14,How may I assist you with your order today?,3
105,may,0.14,0.32,0.18,How may I assist you with your order today?,3
105,I,0.32,0.52,0.2,How may I assist you with your order today?,3
105,assist,0.52,1.14,0.6199999999999999,How may I assist you with your order today?,3
105,you,1.14,2.74,1.6000000000000003,How may I assist you with your order today?,3
105,with,2.74,2.92,0.17999999999999972,How may I assist you with your order today?,3
105,your,2.92,3.06,0.14000000000000012,How may I assist you with your order today?,3
105,order,3.06,3.34,0.2799999999999998,How may I assist you with your order today?,3
105,today?,3.34,3.8,0.45999999999999996,How may I assist you with your order today?,3
1019,I,0.0,0.18,0.18,"I apologise, but we're currently out of stock.",3
1019,"apologise,",0.18,0.84,0.6599999999999999,"I apologise, but we're currently out of stock.",3
1019,but,1.52,1.94,0.41999999999999993,"I apologise, but we're currently out of stock.",3
1019,we're,1.94,2.18,0.2400000000000002,"I apologise, but we're currently out of stock.",3
1019,currently,2.18,2.6,0.41999999999999993,"I apologise, but we're currently out of stock.",3
1019,out,2.6,3.02,0.41999999999999993,"I apologise, but we're currently out of stock.",3
1019,of,3.02,3.28,0.2599999999999998,"I apologise, but we're currently out of stock.",3
1019,stock.,3.28,4.1,0.8199999999999998,"I apologise, but we're currently out of stock.",3
1019,On,7.1,7.52,0.41999999999999993,On that item.,3
1019,that,7.52,7.72,0.20000000000000018,On that item.,3
1019,item.,7.72,8.16,0.4400000000000004,On that item.,3
1058,Be,0.0,0.14,0.14,Be sure to check the weather forecast before,3
1058,sure,0.14,0.32,0.18,Be sure to check the weather forecast before,3
1058,to,0.32,0.52,0.2,Be sure to check the weather forecast before,3
1058,check,0.52,0.76,0.24,Be sure to check the weather forecast before,3
1058,the,0.76,0.98,0.21999999999999997,Be sure to check the weather forecast before,3
1058,weather,0.98,1.14,0.15999999999999992,Be sure to check the weather forecast before,3
1058,forecast,1.14,1.52,0.3800000000000001,Be sure to check the weather forecast before,3
1058,before,1.52,2.08,0.56,Be sure to check the weather forecast before,3
1058,Planning,4.82,5.3,0.47999999999999954,Planning outdoor activities,3
1058,outdoor,5.3,5.64,0.33999999999999986,Planning outdoor activities,3
1058,activities,5.64,6.2,0.5600000000000005,Planning outdoor activities,3
104,just,0.0,0.2,0.2,just posted a new self on Instagram.,3
104,posted,0.2,0.76,0.56,just posted a new self on Instagram.,3
104,a,0.76,3.34,2.58,just posted a new self on Instagram.,3
104,new,3.34,3.5,0.16000000000000014,just posted a new self on Instagram.,3
104,self,3.5,3.84,0.33999999999999986,just posted a new self on Instagram.,3
104,on,3.84,3.96,0.1200000000000001,just posted a new self on Instagram.,3
104,Instagram.,3.96,4.48,0.5200000000000005,just posted a new self on Instagram.,3
1166,which,0.0,0.26,0.26,which genre of books do you enjoy?,3
1166,genre,0.26,0.54,0.28,which genre of books do you enjoy?,3
1166,of,0.54,0.78,0.24,which genre of books do you enjoy?,3
1166,books,0.78,0.96,0.17999999999999994,which genre of books do you enjoy?,3
1166,do,0.96,1.2,0.24,which genre of books do you enjoy?,3
1166,you,1.2,1.3,0.10000000000000009,which genre of books do you enjoy?,3
1166,enjoy?,1.3,1.7,0.3999999999999999,which genre of books do you enjoy?,3
1166,Reading,3.8,4.3,0.5,Reading the most.,3
1166,the,4.3,4.44,0.14000000000000057,Reading the most.,3
1166,most.,4.44,4.68,0.23999999999999932,Reading the most.,3
1170,What's,0.0,0.32,0.32,What's the estimated arrival time for the next train?,3
1170,the,0.32,0.46,0.14,What's the estimated arrival time for the next train?,3
1170,estimated,0.46,0.94,0.4799999999999999,What's the estimated arrival time for the next train?,3
1170,arrival,0.94,1.34,0.40000000000000013,What's the estimated arrival time for the next train?,3
1170,time,1.34,1.74,0.3999999999999999,What's the estimated arrival time for the next train?,3
1170,for,1.74,2.02,0.28,What's the estimated arrival time for the next train?,3
1170,the,2.02,3.04,1.02,What's the estimated arrival time for the next train?,3
1170,next,3.04,5.34,2.3,What's the estimated arrival time for the next train?,3
1170,train?,5.34,5.68,0.33999999999999986,What's the estimated arrival time for the next train?,3
1127,Remember,0.0,0.46,0.46,Remember to bring your boarding pass and identification.,3
1127,to,0.46,0.68,0.22000000000000003,Remember to bring your boarding pass and identification.,3
1127,bring,0.68,0.92,0.24,Remember to bring your boarding pass and identification.,3
1127,your,0.92,1.12,0.20000000000000007,Remember to bring your boarding pass and identification.,3
1127,boarding,1.12,1.4,0.2799999999999998,Remember to bring your boarding pass and identification.,3
1127,pass,1.4,1.74,0.3400000000000001,Remember to bring your boarding pass and identification.,3
1127,and,1.74,2.06,0.32000000000000006,Remember to bring your boarding pass and identification.,3
1127,identification.,2.06,5.84,3.78,Remember to bring your boarding pass and identification.,3
112,I'm,0.0,0.24,0.24,I'm not sure if I can attend the meeting tomorrow.,3
112,not,0.24,0.34,0.10000000000000003,I'm not sure if I can attend the meeting tomorrow.,3
112,sure,0.34,0.62,0.27999999999999997,I'm not sure if I can attend the meeting tomorrow.,3
112,if,0.62,0.98,0.36,I'm not sure if I can attend the meeting tomorrow.,3
112,I,0.98,2.06,1.08,I'm not sure if I can attend the meeting tomorrow.,3
112,can,2.06,2.26,0.19999999999999973,I'm not sure if I can attend the meeting tomorrow.,3
112,attend,2.26,2.58,0.3200000000000003,I'm not sure if I can attend the meeting tomorrow.,3
112,the,2.58,2.8,0.21999999999999975,I'm not sure if I can attend the meeting tomorrow.,3
112,meeting,2.8,3.02,0.2200000000000002,I'm not sure if I can attend the meeting tomorrow.,3
112,tomorrow.,3.02,3.38,0.3599999999999999,I'm not sure if I can attend the meeting tomorrow.,3
1062,We,0.0,0.14,0.14,We should organize a brainstorming session too.,3
1062,should,0.14,0.28,0.14,We should organize a brainstorming session too.,3
1062,organize,0.28,0.6,0.31999999999999995,We should organize a brainstorming session too.,3
1062,a,0.6,0.8,0.20000000000000007,We should organize a brainstorming session too.,3
1062,brainstorming,0.8,1.46,0.6599999999999999,We should organize a brainstorming session too.,3
1062,session,1.46,1.82,0.3600000000000001,We should organize a brainstorming session too.,3
1062,too.,1.82,2.18,0.3600000000000001,We should organize a brainstorming session too.,3
1062,Generate,4.140000000000001,4.86,0.7199999999999998,Generate new ideas.,3
1062,new,4.86,5.04,0.17999999999999972,Generate new ideas.,3
1062,ideas.,5.04,5.42,0.3799999999999999,Generate new ideas.,3
1150,The,0.0,0.14,0.14,The deadline for submit to seeing research proposals has been extended.,3
1150,deadline,0.14,0.46,0.32,The deadline for submit to seeing research proposals has been extended.,3
1150,for,0.46,0.78,0.32,The deadline for submit to seeing research proposals has been extended.,3
1150,submit,0.78,1.12,0.3400000000000001,The deadline for submit to seeing research proposals has been extended.,3
1150,to,1.12,1.36,0.24,The deadline for submit to seeing research proposals has been extended.,3
1150,seeing,1.36,1.48,0.11999999999999988,The deadline for submit to seeing research proposals has been extended.,3
1150,research,1.48,1.88,0.3999999999999999,The deadline for submit to seeing research proposals has been extended.,3
1150,proposals,1.88,2.48,0.6000000000000001,The deadline for submit to seeing research proposals has been extended.,3
1150,has,2.48,2.82,0.33999999999999986,The deadline for submit to seeing research proposals has been extended.,3
1150,been,2.82,5.16,2.3400000000000003,The deadline for submit to seeing research proposals has been extended.,3
1150,extended.,5.16,5.78,0.6200000000000001,The deadline for submit to seeing research proposals has been extended.,3
1042,which,0.0,0.3,0.3,which movie genre do you prefer for a relaxing evening?,3
1042,movie,0.3,0.58,0.27999999999999997,which movie genre do you prefer for a relaxing evening?,3
1042,genre,0.58,0.88,0.30000000000000004,which movie genre do you prefer for a relaxing evening?,3
1042,do,0.88,1.08,0.20000000000000007,which movie genre do you prefer for a relaxing evening?,3
1042,you,1.08,1.18,0.09999999999999987,which movie genre do you prefer for a relaxing evening?,3
1042,prefer,1.18,1.48,0.30000000000000004,which movie genre do you prefer for a relaxing evening?,3
1042,for,1.48,1.84,0.3600000000000001,which movie genre do you prefer for a relaxing evening?,3
1042,a,1.84,2.0,0.15999999999999992,which movie genre do you prefer for a relaxing evening?,3
1042,relaxing,2.0,5.28,3.2800000000000002,which movie genre do you prefer for a relaxing evening?,3
1042,evening?,5.28,5.8,0.5199999999999996,which movie genre do you prefer for a relaxing evening?,3
1107,Your,0.0,0.2,0.2,Your appointment has been rescheduled for next Tuesday.,3
1107,appointment,0.2,0.6,0.39999999999999997,Your appointment has been rescheduled for next Tuesday.,3
1107,has,0.6,0.92,0.32000000000000006,Your appointment has been rescheduled for next Tuesday.,3
1107,been,0.92,1.08,0.16000000000000003,Your appointment has been rescheduled for next Tuesday.,3
1107,rescheduled,1.08,1.72,0.6399999999999999,Your appointment has been rescheduled for next Tuesday.,3
1107,for,1.72,2.04,0.32000000000000006,Your appointment has been rescheduled for next Tuesday.,3
1107,next,2.04,2.72,0.6800000000000002,Your appointment has been rescheduled for next Tuesday.,3
1107,Tuesday.,2.72,4.92,2.1999999999999997,Your appointment has been rescheduled for next Tuesday.,3
1054,"Honey,",0.0,0.34,0.34,"Honey, did you remember to buy milk at the grocery store?",3
1054,did,0.5,0.58,0.07999999999999996,"Honey, did you remember to buy milk at the grocery store?",3
1054,you,0.58,0.72,0.14,"Honey, did you remember to buy milk at the grocery store?",3
1054,remember,0.72,1.26,0.54,"Honey, did you remember to buy milk at the grocery store?",3
1054,to,1.26,1.5,0.24,"Honey, did you remember to buy milk at the grocery store?",3
1054,buy,1.5,1.7,0.19999999999999996,"Honey, did you remember to buy milk at the grocery store?",3
1054,milk,1.7,2.1,0.40000000000000013,"Honey, did you remember to buy milk at the grocery store?",3
1054,at,2.1,2.34,0.23999999999999977,"Honey, did you remember to buy milk at the grocery store?",3
1054,the,2.34,3.88,1.54,"Honey, did you remember to buy milk at the grocery store?",3
1054,grocery,3.88,4.34,0.45999999999999996,"Honey, did you remember to buy milk at the grocery store?",3
1054,store?,4.34,4.88,0.54,"Honey, did you remember to buy milk at the grocery store?",3
1111,The,0.0,0.14,0.14,The CEO will announce the company's expansion plans tomorrow.,3
1111,CEO,0.14,0.5,0.36,The CEO will announce the company's expansion plans tomorrow.,3
1111,will,0.5,0.78,0.28,The CEO will announce the company's expansion plans tomorrow.,3
1111,announce,0.78,1.34,0.56,The CEO will announce the company's expansion plans tomorrow.,3
1111,the,1.34,2.72,1.3800000000000001,The CEO will announce the company's expansion plans tomorrow.,3
1111,company's,2.72,5.18,2.4599999999999995,The CEO will announce the company's expansion plans tomorrow.,3
1111,expansion,5.18,5.8,0.6200000000000001,The CEO will announce the company's expansion plans tomorrow.,3
1111,plans,5.8,6.28,0.4800000000000004,The CEO will announce the company's expansion plans tomorrow.,3
1111,tomorrow.,6.28,6.68,0.39999999999999947,The CEO will announce the company's expansion plans tomorrow.,3
11,We,0.0,0.16,0.16,We need to schedule a meeting with the marketing team.,3
11,need,0.16,0.42,0.26,We need to schedule a meeting with the marketing team.,3
11,to,0.42,0.66,0.24000000000000005,We need to schedule a meeting with the marketing team.,3
11,schedule,0.66,1.18,0.5199999999999999,We need to schedule a meeting with the marketing team.,3
11,a,1.18,1.34,0.16000000000000014,We need to schedule a meeting with the marketing team.,3
11,meeting,1.34,1.66,0.31999999999999984,We need to schedule a meeting with the marketing team.,3
11,with,1.66,2.24,0.5800000000000003,We need to schedule a meeting with the marketing team.,3
11,the,2.24,4.4,2.16,We need to schedule a meeting with the marketing team.,3
11,marketing,4.4,4.78,0.3799999999999999,We need to schedule a meeting with the marketing team.,3
11,team.,4.78,5.44,0.6600000000000001,We need to schedule a meeting with the marketing team.,3
1153,The,0.0,0.14,0.14,The new Troubleshows promising results in...,3
1153,new,0.14,0.28,0.14,The new Troubleshows promising results in...,3
1153,Troubleshows,0.28,0.98,0.7,The new Troubleshows promising results in...,3
1153,promising,0.98,1.4,0.41999999999999993,The new Troubleshows promising results in...,3
1153,results,1.4,1.9,0.5,The new Troubleshows promising results in...,3
1153,in...,1.9,2.48,0.5800000000000001,The new Troubleshows promising results in...,3
1153,...tutin',4.120000000000001,4.84,0.7199999999999989,...tutin' chronic pain.,3
1153,chronic,4.94,5.16,0.21999999999999975,...tutin' chronic pain.,3
1153,pain.,5.16,5.52,0.35999999999999943,...tutin' chronic pain.,3
1016,In,0.0,0.18,0.18,"In your essay, make sure to",3
1016,your,0.18,0.4,0.22000000000000003,"In your essay, make sure to",3
1016,"essay,",0.4,0.82,0.41999999999999993,"In your essay, make sure to",3
1016,make,1.06,1.14,0.07999999999999985,"In your essay, make sure to",3
1016,sure,1.14,1.38,0.24,"In your essay, make sure to",3
1016,to,1.38,1.66,0.28,"In your essay, make sure to",3
1016,recite,3.8800000000000017,4.44,0.5599999999999987,recite all your sources properly.,3
1016,all,4.44,4.72,0.27999999999999936,recite all your sources properly.,3
1016,your,4.72,4.88,0.16000000000000014,recite all your sources properly.,3
1016,sources,4.88,5.26,0.3799999999999999,recite all your sources properly.,3
1016,properly.,5.26,5.88,0.6200000000000001,recite all your sources properly.,3
1104,The,0.0,0.16,0.16,The company's new policy aims to improve work life balance.,3
1104,company's,0.16,0.92,0.76,The company's new policy aims to improve work life balance.,3
1104,new,0.92,1.16,0.23999999999999988,The company's new policy aims to improve work life balance.,3
1104,policy,1.16,1.68,0.52,The company's new policy aims to improve work life balance.,3
1104,aims,1.68,2.12,0.44000000000000017,The company's new policy aims to improve work life balance.,3
1104,to,2.12,2.46,0.33999999999999986,The company's new policy aims to improve work life balance.,3
1104,improve,2.46,4.94,2.4800000000000004,The company's new policy aims to improve work life balance.,3
1104,work,4.94,5.36,0.41999999999999993,The company's new policy aims to improve work life balance.,3
1104,life,5.36,5.7,0.33999999999999986,The company's new policy aims to improve work life balance.,3
1104,balance.,5.7,6.14,0.4399999999999995,The company's new policy aims to improve work life balance.,3
1057,Based,0.0,0.32,0.32,"Based on your test results, I recommend scheduling a follow-up appointment.",3
1057,on,0.32,0.52,0.2,"Based on your test results, I recommend scheduling a follow-up appointment.",3
1057,your,0.52,0.68,0.16000000000000003,"Based on your test results, I recommend scheduling a follow-up appointment.",3
1057,test,0.68,0.94,0.2599999999999999,"Based on your test results, I recommend scheduling a follow-up appointment.",3
1057,"results,",0.94,1.42,0.48,"Based on your test results, I recommend scheduling a follow-up appointment.",3
1057,I,1.86,1.86,0.0,"Based on your test results, I recommend scheduling a follow-up appointment.",3
1057,recommend,1.86,2.4,0.5399999999999998,"Based on your test results, I recommend scheduling a follow-up appointment.",3
1057,scheduling,2.4,3.24,0.8400000000000003,"Based on your test results, I recommend scheduling a follow-up appointment.",3
1057,a,3.24,4.16,0.9199999999999999,"Based on your test results, I recommend scheduling a follow-up appointment.",3
1057,follow,4.16,7.02,2.8599999999999994,"Based on your test results, I recommend scheduling a follow-up appointment.",3
1057,-up,7.02,7.22,0.20000000000000018,"Based on your test results, I recommend scheduling a follow-up appointment.",3
1057,appointment.,7.22,7.66,0.4400000000000004,"Based on your test results, I recommend scheduling a follow-up appointment.",3
1082,Can,0.0,0.22,0.22,Can you pass the...,3
1082,you,0.22,0.36,0.13999999999999999,Can you pass the...,3
1082,pass,0.36,0.8,0.44000000000000006,Can you pass the...,3
1082,the...,0.8,2.38,1.5799999999999998,Can you pass the...,3
1082,...sort,4.3,4.74,0.4400000000000004,...sort plays?,3
1082,plays?,4.74,5.1,0.35999999999999943,...sort plays?,3
1108,Don't,0.0,0.24,0.24,Don't forget to check and online before arriving at the airport.,3
1108,forget,0.24,0.6,0.36,Don't forget to check and online before arriving at the airport.,3
1108,to,0.6,0.8,0.20000000000000007,Don't forget to check and online before arriving at the airport.,3
1108,check,0.8,1.16,0.3599999999999999,Don't forget to check and online before arriving at the airport.,3
1108,and,1.16,2.26,1.0999999999999999,Don't forget to check and online before arriving at the airport.,3
1108,online,2.26,3.88,1.62,Don't forget to check and online before arriving at the airport.,3
1108,before,3.88,4.34,0.45999999999999996,Don't forget to check and online before arriving at the airport.,3
1108,arriving,4.34,4.8,0.45999999999999996,Don't forget to check and online before arriving at the airport.,3
1108,at,4.8,5.04,0.2400000000000002,Don't forget to check and online before arriving at the airport.,3
1108,the,5.04,5.18,0.13999999999999968,Don't forget to check and online before arriving at the airport.,3
1108,airport.,5.18,5.54,0.3600000000000003,Don't forget to check and online before arriving at the airport.,3
1149,The,0.0,0.12,0.12,The company's financial report exceeded.,3
1149,company's,0.12,0.72,0.6,The company's financial report exceeded.,3
1149,financial,0.72,1.2,0.48,The company's financial report exceeded.,3
1149,report,1.2,1.5,0.30000000000000004,The company's financial report exceeded.,3
1149,exceeded.,1.5,2.14,0.6400000000000001,The company's financial report exceeded.,3
1149,Investor,3.9999999999999996,4.64,0.6400000000000001,Investor expectations.,3
1149,expectations.,4.64,5.3,0.6600000000000001,Investor expectations.,3
1077,Make,0.0,0.2,0.2,Make sure to try the local street food well.,3
1077,sure,0.2,0.46,0.26,Make sure to try the local street food well.,3
1077,to,0.46,0.7,0.23999999999999994,Make sure to try the local street food well.,3
1077,try,0.7,0.96,0.26,Make sure to try the local street food well.,3
1077,the,0.96,1.14,0.17999999999999994,Make sure to try the local street food well.,3
1077,local,1.14,1.4,0.26,Make sure to try the local street food well.,3
1077,street,1.4,1.76,0.3600000000000001,Make sure to try the local street food well.,3
1077,food,1.76,2.08,0.32000000000000006,Make sure to try the local street food well.,3
1077,well.,2.08,2.52,0.43999999999999995,Make sure to try the local street food well.,3
1077,Exploring,4.68,5.26,0.5800000000000001,Exploring the city.,3
1077,the,5.26,5.46,0.20000000000000018,Exploring the city.,3
1077,city.,5.46,5.9,0.4400000000000004,Exploring the city.,3
1098,I'm,0.0,0.28,0.28,I'm thinking of changing my profile picture tomorrow.,3
1098,thinking,0.28,0.64,0.36,I'm thinking of changing my profile picture tomorrow.,3
1098,of,0.64,0.92,0.28,I'm thinking of changing my profile picture tomorrow.,3
1098,changing,0.92,1.24,0.31999999999999995,I'm thinking of changing my profile picture tomorrow.,3
1098,my,1.24,1.62,0.3800000000000001,I'm thinking of changing my profile picture tomorrow.,3
1098,profile,1.62,3.58,1.96,I'm thinking of changing my profile picture tomorrow.,3
1098,picture,3.58,4.12,0.54,I'm thinking of changing my profile picture tomorrow.,3
1098,tomorrow.,4.12,4.54,0.41999999999999993,I'm thinking of changing my profile picture tomorrow.,3
107,What,0.0,0.16,0.16,What time does our flight depart tomorrow?,3
107,time,0.16,0.4,0.24000000000000002,What time does our flight depart tomorrow?,3
107,does,0.4,0.62,0.21999999999999997,What time does our flight depart tomorrow?,3
107,our,0.62,0.72,0.09999999999999998,What time does our flight depart tomorrow?,3
107,flight,0.72,0.96,0.24,What time does our flight depart tomorrow?,3
107,depart,0.96,2.6,1.6400000000000001,What time does our flight depart tomorrow?,3
107,tomorrow?,2.6,3.06,0.45999999999999996,What time does our flight depart tomorrow?,3
1132,Can,0.0,0.16,0.16,Can you help me choose an outfit for the party?,3
1132,you,0.16,0.36,0.19999999999999998,Can you help me choose an outfit for the party?,3
1132,help,0.36,0.66,0.30000000000000004,Can you help me choose an outfit for the party?,3
1132,me,0.66,0.86,0.19999999999999996,Can you help me choose an outfit for the party?,3
1132,choose,0.86,1.4,0.5399999999999999,Can you help me choose an outfit for the party?,3
1132,an,1.4,1.72,0.32000000000000006,Can you help me choose an outfit for the party?,3
1132,outfit,1.72,3.38,1.66,Can you help me choose an outfit for the party?,3
1132,for,3.38,3.86,0.48,Can you help me choose an outfit for the party?,3
1132,the,3.86,4.04,0.18000000000000016,Can you help me choose an outfit for the party?,3
1132,party?,4.04,4.56,0.5199999999999996,Can you help me choose an outfit for the party?,3
1165,The,0.0,0.1,0.1,The new operating system features improved battery.,3
1165,new,0.1,0.38,0.28,The new operating system features improved battery.,3
1165,operating,0.38,1.0,0.62,The new operating system features improved battery.,3
1165,system,1.0,1.6,0.6000000000000001,The new operating system features improved battery.,3
1165,features,1.6,2.18,0.5800000000000001,The new operating system features improved battery.,3
1165,improved,2.18,2.86,0.6799999999999997,The new operating system features improved battery.,3
1165,battery.,2.86,3.6,0.7400000000000002,The new operating system features improved battery.,3
1165,Optimization.,6.84,8.02,1.1799999999999997,Optimization.,3
1061,In,0.0,0.2,0.2,"In the event of an emergency, remain comment, follow staff,",3
1061,the,0.2,0.36,0.15999999999999998,"In the event of an emergency, remain comment, follow staff,",3
1061,event,0.36,0.62,0.26,"In the event of an emergency, remain comment, follow staff,",3
1061,of,0.62,0.94,0.31999999999999995,"In the event of an emergency, remain comment, follow staff,",3
1061,an,0.94,1.1,0.16000000000000014,"In the event of an emergency, remain comment, follow staff,",3
1061,"emergency,",1.1,1.98,0.8799999999999999,"In the event of an emergency, remain comment, follow staff,",3
1061,remain,2.62,2.84,0.21999999999999975,"In the event of an emergency, remain comment, follow staff,",3
1061,"comment,",2.84,3.4,0.56,"In the event of an emergency, remain comment, follow staff,",3
1061,follow,3.84,4.02,0.17999999999999972,"In the event of an emergency, remain comment, follow staff,",3
1061,"staff,",4.02,4.52,0.5,"In the event of an emergency, remain comment, follow staff,",3
1061,"проблемы,",4.52,4.94,0.4200000000000008,"проблемы, and",3
1061,and,4.94,8.7,3.759999999999999,"проблемы, and",3
1124,I'm,0.0,0.22,0.22,I'm going to lie stream the concert for my followers.,3
1124,going,0.22,0.58,0.36,I'm going to lie stream the concert for my followers.,3
1124,to,0.58,1.96,1.38,I'm going to lie stream the concert for my followers.,3
1124,lie,1.96,2.18,0.2200000000000002,I'm going to lie stream the concert for my followers.,3
1124,stream,2.18,2.42,0.23999999999999977,I'm going to lie stream the concert for my followers.,3
1124,the,2.42,2.58,0.16000000000000014,I'm going to lie stream the concert for my followers.,3
1124,concert,2.58,3.02,0.43999999999999995,I'm going to lie stream the concert for my followers.,3
1124,for,3.02,3.26,0.23999999999999977,I'm going to lie stream the concert for my followers.,3
1124,my,3.26,3.44,0.18000000000000016,I'm going to lie stream the concert for my followers.,3
1124,followers.,3.44,4.0,0.56,I'm going to lie stream the concert for my followers.,3
1060,which,0.0,0.18,0.18,which type of cuisine would you like to try for?,3
1060,type,0.18,0.44,0.26,which type of cuisine would you like to try for?,3
1060,of,0.44,0.7,0.25999999999999995,which type of cuisine would you like to try for?,3
1060,cuisine,0.7,1.0,0.30000000000000004,which type of cuisine would you like to try for?,3
1060,would,1.0,1.24,0.24,which type of cuisine would you like to try for?,3
1060,you,1.24,1.34,0.10000000000000009,which type of cuisine would you like to try for?,3
1060,like,1.34,1.48,0.1399999999999999,which type of cuisine would you like to try for?,3
1060,to,1.48,1.64,0.15999999999999992,which type of cuisine would you like to try for?,3
1060,try,1.64,1.92,0.28,which type of cuisine would you like to try for?,3
1060,for?,1.92,2.2,0.28000000000000025,which type of cuisine would you like to try for?,3
1060,Dinner,5.44,5.98,0.54,Dinner tonight.,3
1060,tonight.,5.98,6.4,0.41999999999999993,Dinner tonight.,3
1125,Your,0.0,0.12,0.12,Your feedback helps us improve our customer service.,3
1125,feedback,0.12,0.44,0.32,Your feedback helps us improve our customer service.,3
1125,helps,0.44,0.92,0.48000000000000004,Your feedback helps us improve our customer service.,3
1125,us,0.92,1.2,0.2799999999999999,Your feedback helps us improve our customer service.,3
1125,improve,1.2,2.5,1.3,Your feedback helps us improve our customer service.,3
1125,our,2.5,2.7,0.20000000000000018,Your feedback helps us improve our customer service.,3
1125,customer,2.7,3.12,0.41999999999999993,Your feedback helps us improve our customer service.,3
1125,service.,3.12,3.62,0.5,Your feedback helps us improve our customer service.,3
1037,"Or,",0.0,0.22,0.22,"Or, and you just got a promotion at work.",3
1037,and,0.3,0.4,0.10000000000000003,"Or, and you just got a promotion at work.",3
1037,you,0.4,0.5,0.09999999999999998,"Or, and you just got a promotion at work.",3
1037,just,0.5,0.7,0.19999999999999996,"Or, and you just got a promotion at work.",3
1037,got,0.7,0.9,0.20000000000000007,"Or, and you just got a promotion at work.",3
1037,a,0.9,1.02,0.12,"Or, and you just got a promotion at work.",3
1037,promotion,1.02,1.48,0.45999999999999996,"Or, and you just got a promotion at work.",3
1037,at,1.48,1.68,0.19999999999999996,"Or, and you just got a promotion at work.",3
1037,work.,1.68,4.24,2.5600000000000005,"Or, and you just got a promotion at work.",3
1076,Given,0.0,0.3,0.3,"Given your family history, I'd recommend regular screenings as the precautionary measure.",3
1076,your,0.3,0.48,0.18,"Given your family history, I'd recommend regular screenings as the precautionary measure.",3
1076,family,0.48,0.78,0.30000000000000004,"Given your family history, I'd recommend regular screenings as the precautionary measure.",3
1076,"history,",0.78,1.22,0.43999999999999995,"Given your family history, I'd recommend regular screenings as the precautionary measure.",3
1076,I'd,1.68,1.84,0.16000000000000014,"Given your family history, I'd recommend regular screenings as the precautionary measure.",3
1076,recommend,1.84,2.18,0.3400000000000001,"Given your family history, I'd recommend regular screenings as the precautionary measure.",3
1076,regular,2.18,2.58,0.3999999999999999,"Given your family history, I'd recommend regular screenings as the precautionary measure.",3
1076,screenings,2.58,3.14,0.56,"Given your family history, I'd recommend regular screenings as the precautionary measure.",3
1076,as,3.14,3.34,0.19999999999999973,"Given your family history, I'd recommend regular screenings as the precautionary measure.",3
1076,the,3.34,5.28,1.9400000000000004,"Given your family history, I'd recommend regular screenings as the precautionary measure.",3
1076,precautionary,5.28,5.98,0.7000000000000002,"Given your family history, I'd recommend regular screenings as the precautionary measure.",3
1076,measure.,5.98,6.26,0.27999999999999936,"Given your family history, I'd recommend regular screenings as the precautionary measure.",3
1099,The,0.0,0.1,0.1,The test result should be available within 48 hours.,3
1099,test,0.1,0.42,0.31999999999999995,The test result should be available within 48 hours.,3
1099,result,0.42,0.84,0.42,The test result should be available within 48 hours.,3
1099,should,0.84,1.16,0.31999999999999995,The test result should be available within 48 hours.,3
1099,be,1.16,1.52,0.3600000000000001,The test result should be available within 48 hours.,3
1099,available,1.52,5.22,3.6999999999999997,The test result should be available within 48 hours.,3
1099,within,5.22,5.64,0.41999999999999993,The test result should be available within 48 hours.,3
1099,48,5.64,6.3,0.6600000000000001,The test result should be available within 48 hours.,3
1099,hours.,6.3,6.66,0.3600000000000003,The test result should be available within 48 hours.,3
1133,I'm,0.0,0.44,0.44,I'm thinking of starting a podcast about...,3
1133,thinking,0.44,0.78,0.34,I'm thinking of starting a podcast about...,3
1133,of,0.78,1.0,0.21999999999999997,I'm thinking of starting a podcast about...,3
1133,starting,1.0,1.34,0.3400000000000001,I'm thinking of starting a podcast about...,3
1133,a,1.34,1.52,0.17999999999999994,I'm thinking of starting a podcast about...,3
1133,podcast,1.52,1.96,0.43999999999999995,I'm thinking of starting a podcast about...,3
1133,about...,1.96,3.0,1.04,I'm thinking of starting a podcast about...,3
1133,Local,4.68,5.48,0.8000000000000007,Local History.,3
1133,History.,5.48,6.0,0.5199999999999996,Local History.,3
1148,Which,0.0,0.26,0.26,Which restaurant would you prefer for?,3
1148,restaurant,0.26,0.72,0.45999999999999996,Which restaurant would you prefer for?,3
1148,would,0.72,0.9,0.18000000000000005,Which restaurant would you prefer for?,3
1148,you,0.9,1.02,0.12,Which restaurant would you prefer for?,3
1148,prefer,1.02,1.34,0.32000000000000006,Which restaurant would you prefer for?,3
1148,for?,1.34,1.74,0.3999999999999999,Which restaurant would you prefer for?,3
1148,Dinner,4.580000000000001,4.98,0.39999999999999947,Dinner tonight?,3
1148,tonight?,4.98,5.38,0.39999999999999947,Dinner tonight?,3
1109,The,0.0,0.1,0.1,The latest software update includes enhanced.,3
1109,latest,0.1,0.32,0.22,The latest software update includes enhanced.,3
1109,software,0.32,0.76,0.44,The latest software update includes enhanced.,3
1109,update,0.76,1.1,0.3400000000000001,The latest software update includes enhanced.,3
1109,includes,1.1,1.5,0.3999999999999999,The latest software update includes enhanced.,3
1109,enhanced.,1.5,2.26,0.7599999999999998,The latest software update includes enhanced.,3
1109,Security,6.199999999999999,6.68,0.4800000000000004,Security features.,3
1109,features.,6.68,7.2,0.5200000000000005,Security features.,3
1113,Can,0.0,0.18,0.18,Can you pick up some milk on your way home?,3
1113,you,0.18,0.34,0.16000000000000003,Can you pick up some milk on your way home?,3
1113,pick,0.34,0.56,0.22000000000000003,Can you pick up some milk on your way home?,3
1113,up,0.56,0.74,0.17999999999999994,Can you pick up some milk on your way home?,3
1113,some,0.74,1.08,0.3400000000000001,Can you pick up some milk on your way home?,3
1113,milk,1.08,3.26,2.1799999999999997,Can you pick up some milk on your way home?,3
1113,on,3.26,3.46,0.20000000000000018,Can you pick up some milk on your way home?,3
1113,your,3.46,3.62,0.16000000000000014,Can you pick up some milk on your way home?,3
1113,way,3.62,3.78,0.1599999999999997,Can you pick up some milk on your way home?,3
1113,home?,3.78,4.1,0.31999999999999984,Can you pick up some milk on your way home?,3
1056,I'm,0.0,0.2,0.2,I'm afraid we don't offer that service at this location.,3
1056,afraid,0.2,0.5,0.3,I'm afraid we don't offer that service at this location.,3
1056,we,0.5,0.72,0.21999999999999997,I'm afraid we don't offer that service at this location.,3
1056,don't,0.72,0.92,0.20000000000000007,I'm afraid we don't offer that service at this location.,3
1056,offer,0.92,1.18,0.2599999999999999,I'm afraid we don't offer that service at this location.,3
1056,that,1.18,1.38,0.19999999999999996,I'm afraid we don't offer that service at this location.,3
1056,service,1.38,1.7,0.32000000000000006,I'm afraid we don't offer that service at this location.,3
1056,at,1.7,1.88,0.17999999999999994,I'm afraid we don't offer that service at this location.,3
1056,this,1.88,3.06,1.1800000000000002,I'm afraid we don't offer that service at this location.,3
1056,location.,3.06,3.66,0.6000000000000001,I'm afraid we don't offer that service at this location.,3
1105,The,0.0,0.08,0.08,The professor explained the concept of relativity and detail.,3
1105,professor,0.08,0.32,0.24,The professor explained the concept of relativity and detail.,3
1105,explained,0.32,0.94,0.6199999999999999,The professor explained the concept of relativity and detail.,3
1105,the,0.94,1.16,0.21999999999999997,The professor explained the concept of relativity and detail.,3
1105,concept,1.16,1.54,0.3800000000000001,The professor explained the concept of relativity and detail.,3
1105,of,1.54,2.06,0.52,The professor explained the concept of relativity and detail.,3
1105,relativity,2.06,5.24,3.18,The professor explained the concept of relativity and detail.,3
1105,and,5.24,5.74,0.5,The professor explained the concept of relativity and detail.,3
1105,detail.,5.74,6.18,0.4399999999999995,The professor explained the concept of relativity and detail.,3
1040,Make,0.0,0.16,0.16,Make sure to try the local cuisine while you're traveling.,3
1040,sure,0.16,0.42,0.26,Make sure to try the local cuisine while you're traveling.,3
1040,to,0.42,0.66,0.24000000000000005,Make sure to try the local cuisine while you're traveling.,3
1040,try,0.66,0.9,0.24,Make sure to try the local cuisine while you're traveling.,3
1040,the,0.9,1.08,0.18000000000000005,Make sure to try the local cuisine while you're traveling.,3
1040,local,1.08,1.38,0.2999999999999998,Make sure to try the local cuisine while you're traveling.,3
1040,cuisine,1.38,1.76,0.3800000000000001,Make sure to try the local cuisine while you're traveling.,3
1040,while,1.76,2.14,0.3800000000000001,Make sure to try the local cuisine while you're traveling.,3
1040,you're,2.14,5.66,3.52,Make sure to try the local cuisine while you're traveling.,3
1040,traveling.,5.66,5.98,0.3200000000000003,Make sure to try the local cuisine while you're traveling.,3
1134,Is,0.0,0.22,0.22,Is there a manager available to address my concerns?,3
1134,there,0.22,0.36,0.13999999999999999,Is there a manager available to address my concerns?,3
1134,a,0.36,0.5,0.14,Is there a manager available to address my concerns?,3
1134,manager,0.5,0.88,0.38,Is there a manager available to address my concerns?,3
1134,available,0.88,1.34,0.4600000000000001,Is there a manager available to address my concerns?,3
1134,to,1.34,1.68,0.33999999999999986,Is there a manager available to address my concerns?,3
1134,address,1.68,5.14,3.46,Is there a manager available to address my concerns?,3
1134,my,5.14,5.48,0.34000000000000075,Is there a manager available to address my concerns?,3
1134,concerns?,5.48,6.08,0.5999999999999996,Is there a manager available to address my concerns?,3
101,Could,0.0,0.38,0.38,Could you please forward the email to the team?,3
101,you,0.38,0.58,0.19999999999999996,Could you please forward the email to the team?,3
101,please,0.58,0.84,0.26,Could you please forward the email to the team?,3
101,forward,0.84,1.42,0.58,Could you please forward the email to the team?,3
101,the,1.42,3.86,2.44,Could you please forward the email to the team?,3
101,email,3.86,4.16,0.30000000000000027,Could you please forward the email to the team?,3
101,to,4.16,4.4,0.2400000000000002,Could you please forward the email to the team?,3
101,the,4.4,4.56,0.15999999999999925,Could you please forward the email to the team?,3
101,team?,4.56,4.86,0.3000000000000007,Could you please forward the email to the team?,3
117,We,0.0,0.14,0.14,We need to evacuate the building immediately.,3
117,need,0.14,0.28,0.14,We need to evacuate the building immediately.,3
117,to,0.28,0.46,0.18,We need to evacuate the building immediately.,3
117,evacuate,0.46,0.96,0.49999999999999994,We need to evacuate the building immediately.,3
117,the,0.96,2.34,1.38,We need to evacuate the building immediately.,3
117,building,2.34,4.12,1.7800000000000002,We need to evacuate the building immediately.,3
117,immediately.,4.12,4.74,0.6200000000000001,We need to evacuate the building immediately.,3
1102,What,0.0,0.16,0.16,What time does the concert start tonight?,3
1102,time,0.16,0.44,0.28,What time does the concert start tonight?,3
1102,does,0.44,0.66,0.22000000000000003,What time does the concert start tonight?,3
1102,the,0.66,0.82,0.15999999999999992,What time does the concert start tonight?,3
1102,concert,0.82,1.32,0.5000000000000001,What time does the concert start tonight?,3
1102,start,1.32,4.42,3.0999999999999996,What time does the concert start tonight?,3
1102,tonight?,4.42,4.86,0.4400000000000004,What time does the concert start tonight?,3
1051,What,0.0,0.32,0.32,What did you think about the surprise ending of the book?,3
1051,did,0.32,0.46,0.14,What did you think about the surprise ending of the book?,3
1051,you,0.46,0.56,0.10000000000000003,What did you think about the surprise ending of the book?,3
1051,think,0.56,0.78,0.21999999999999997,What did you think about the surprise ending of the book?,3
1051,about,0.78,1.02,0.24,What did you think about the surprise ending of the book?,3
1051,the,1.02,1.22,0.19999999999999996,What did you think about the surprise ending of the book?,3
1051,surprise,1.22,1.6,0.3800000000000001,What did you think about the surprise ending of the book?,3
1051,ending,1.6,2.0,0.3999999999999999,What did you think about the surprise ending of the book?,3
1051,of,2.0,2.32,0.31999999999999984,What did you think about the surprise ending of the book?,3
1051,the,2.32,4.4,2.0800000000000005,What did you think about the surprise ending of the book?,3
1051,book?,4.4,4.62,0.21999999999999975,What did you think about the surprise ending of the book?,3
1143,I,0.0,0.12,0.12,I can't believe how quickly that meme spread online.,3
1143,can't,0.12,0.44,0.32,I can't believe how quickly that meme spread online.,3
1143,believe,0.44,0.6,0.15999999999999998,I can't believe how quickly that meme spread online.,3
1143,how,0.6,0.82,0.21999999999999997,I can't believe how quickly that meme spread online.,3
1143,quickly,0.82,1.18,0.36,I can't believe how quickly that meme spread online.,3
1143,that,1.18,1.44,0.26,I can't believe how quickly that meme spread online.,3
1143,meme,1.44,1.66,0.21999999999999997,I can't believe how quickly that meme spread online.,3
1143,spread,1.66,2.92,1.26,I can't believe how quickly that meme spread online.,3
1143,online.,2.92,3.42,0.5,I can't believe how quickly that meme spread online.,3
1092,Your,0.0,0.16,0.16,Your order will be ready for...,3
1092,order,0.16,0.54,0.38,Your order will be ready for...,3
1092,will,0.54,0.84,0.29999999999999993,Your order will be ready for...,3
1092,be,0.84,1.04,0.20000000000000007,Your order will be ready for...,3
1092,ready,1.04,1.4,0.3599999999999999,Your order will be ready for...,3
1092,for...,1.4,2.0,0.6000000000000001,Your order will be ready for...,3
1092,Pick,3.439999999999999,4.1,0.6600000000000006,Pick up in 15 minutes.,3
1092,up,4.1,4.34,0.2400000000000002,Pick up in 15 minutes.,3
1092,in,4.34,4.52,0.17999999999999972,Pick up in 15 minutes.,3
1092,15,4.52,5.18,0.6600000000000001,Pick up in 15 minutes.,3
1092,minutes.,5.18,5.48,0.3000000000000007,Pick up in 15 minutes.,3
1084,How,0.0,0.2,0.2,How may I assist you today?,3
1084,may,0.2,0.4,0.2,How may I assist you today?,3
1084,I,0.4,0.72,0.31999999999999995,How may I assist you today?,3
1084,assist,0.72,4.0,3.2800000000000002,How may I assist you today?,3
1084,you,4.0,4.32,0.3200000000000003,How may I assist you today?,3
1084,today?,4.32,4.68,0.35999999999999943,How may I assist you today?,3
1093,The,0.0,0.16,0.16,The nurse will take...,3
1093,nurse,0.16,0.32,0.16,The nurse will take...,3
1093,will,0.32,0.54,0.22000000000000003,The nurse will take...,3
1093,take...,0.54,1.0,0.45999999999999996,The nurse will take...,3
1093,...ear,3.4299999999999997,3.78,0.3500000000000001,...ear blood pressure and temperature.,3
1093,blood,3.78,4.0,0.2200000000000002,...ear blood pressure and temperature.,3
1093,pressure,4.0,4.5,0.5,...ear blood pressure and temperature.,3
1093,and,4.5,4.7,0.20000000000000018,...ear blood pressure and temperature.,3
1093,temperature.,4.7,5.18,0.47999999999999954,...ear blood pressure and temperature.,3
1142,Would,0.0,0.14,0.14,Would you like whipped cream on?,3
1142,you,0.14,0.24,0.09999999999999998,Would you like whipped cream on?,3
1142,like,0.24,0.42,0.18,Would you like whipped cream on?,3
1142,whipped,0.42,0.8,0.38000000000000006,Would you like whipped cream on?,3
1142,cream,0.8,1.12,0.32000000000000006,Would you like whipped cream on?,3
1142,on?,1.12,1.36,0.24,Would you like whipped cream on?,3
1142,Or,4.92,5.24,0.3200000000000003,Or hot chocolate?,3
1142,hot,5.24,5.52,0.27999999999999936,Or hot chocolate?,3
1142,chocolate?,5.52,5.96,0.4400000000000004,Or hot chocolate?,3
1007,The,0.0,0.12,0.12,The professor's lecture on...,3
1007,professor's,0.12,0.76,0.64,The professor's lecture on...,3
1007,lecture,0.76,1.1,0.3400000000000001,The professor's lecture on...,3
1007,on...,1.1,2.0,0.8999999999999999,The professor's lecture on...,3
1007,Quantum,4.619999999999999,5.18,0.5600000000000005,Quantum mechanics was fascinating.,3
1007,mechanics,5.18,5.74,0.5600000000000005,Quantum mechanics was fascinating.,3
1007,was,5.74,6.06,0.3199999999999994,Quantum mechanics was fascinating.,3
1007,fascinating.,6.06,6.68,0.6200000000000001,Quantum mechanics was fascinating.,3
1050,The,0.0,0.1,0.1,The new machine learning algorithm can predict trends with remarkable accuracy.,3
1050,new,0.1,0.22,0.12,The new machine learning algorithm can predict trends with remarkable accuracy.,3
1050,machine,0.22,0.54,0.32000000000000006,The new machine learning algorithm can predict trends with remarkable accuracy.,3
1050,learning,0.54,0.94,0.3999999999999999,The new machine learning algorithm can predict trends with remarkable accuracy.,3
1050,algorithm,0.94,1.36,0.42000000000000015,The new machine learning algorithm can predict trends with remarkable accuracy.,3
1050,can,1.36,1.56,0.19999999999999996,The new machine learning algorithm can predict trends with remarkable accuracy.,3
1050,predict,1.56,1.78,0.21999999999999997,The new machine learning algorithm can predict trends with remarkable accuracy.,3
1050,trends,1.78,2.16,0.3800000000000001,The new machine learning algorithm can predict trends with remarkable accuracy.,3
1050,with,2.16,2.32,0.1599999999999997,The new machine learning algorithm can predict trends with remarkable accuracy.,3
1050,remarkable,2.32,6.08,3.7600000000000002,The new machine learning algorithm can predict trends with remarkable accuracy.,3
1050,accuracy.,6.08,6.72,0.6399999999999997,The new machine learning algorithm can predict trends with remarkable accuracy.,3
1103,If,0.0,0.16,0.16,"If you see smoke off fire, pull the alarm immediately.",3
1103,you,0.16,0.28,0.12000000000000002,"If you see smoke off fire, pull the alarm immediately.",3
1103,see,0.28,0.48,0.19999999999999996,"If you see smoke off fire, pull the alarm immediately.",3
1103,smoke,0.48,0.86,0.38,"If you see smoke off fire, pull the alarm immediately.",3
1103,off,0.86,1.2,0.33999999999999997,"If you see smoke off fire, pull the alarm immediately.",3
1103,"fire,",1.2,1.58,0.3800000000000001,"If you see smoke off fire, pull the alarm immediately.",3
1103,pull,1.88,2.04,0.16000000000000014,"If you see smoke off fire, pull the alarm immediately.",3
1103,the,2.04,4.72,2.6799999999999997,"If you see smoke off fire, pull the alarm immediately.",3
1103,alarm,4.72,4.98,0.2600000000000007,"If you see smoke off fire, pull the alarm immediately.",3
1103,immediately.,4.98,5.5,0.5199999999999996,"If you see smoke off fire, pull the alarm immediately.",3
1066,I,0.0,0.16,0.16,"I apologize, but this product is...",3
1066,"apologize,",0.16,0.84,0.6799999999999999,"I apologize, but this product is...",3
1066,but,1.56,2.04,0.48,"I apologize, but this product is...",3
1066,this,2.04,2.24,0.20000000000000018,"I apologize, but this product is...",3
1066,product,2.24,2.68,0.43999999999999995,"I apologize, but this product is...",3
1066,is...,2.68,3.36,0.6799999999999997,"I apologize, but this product is...",3
1066,Currently,6.02,6.5,0.4800000000000004,Currently out of stock.,3
1066,out,6.5,6.94,0.4400000000000004,Currently out of stock.,3
1066,of,6.94,7.12,0.17999999999999972,Currently out of stock.,3
1066,stock.,7.12,7.48,0.3600000000000003,Currently out of stock.,3
1123,Could,0.0,0.24,0.24,Could you please pass the salad?,3
1123,you,0.24,0.34,0.10000000000000003,Could you please pass the salad?,3
1123,please,0.34,0.56,0.22000000000000003,Could you please pass the salad?,3
1123,pass,0.56,0.9,0.33999999999999997,Could you please pass the salad?,3
1123,the,0.9,1.2,0.29999999999999993,Could you please pass the salad?,3
1123,salad?,1.2,1.64,0.43999999999999995,Could you please pass the salad?,3
1123,Dressing?,3.4400000000000004,4.12,0.6799999999999997,Dressing?,3
1089,the,0.0,0.1,0.1,the project manager outline.,3
1089,project,0.1,0.46,0.36,the project manager outline.,3
1089,manager,0.46,1.04,0.5800000000000001,the project manager outline.,3
1089,outline.,1.04,1.64,0.5999999999999999,the project manager outline.,3
1089,The,4.94,5.32,0.3799999999999999,The next steps are implementation.,3
1089,next,5.32,5.52,0.1999999999999993,The next steps are implementation.,3
1089,steps,5.52,5.88,0.3600000000000003,The next steps are implementation.,3
1089,are,5.88,6.02,0.13999999999999968,The next steps are implementation.,3
1089,implementation.,6.02,6.64,0.6200000000000001,The next steps are implementation.,3
1031,The,0.0,0.14,0.14,The newer AI system can analyse data patterns with unprecedented accuracy.,3
1031,newer,0.14,0.48,0.33999999999999997,The newer AI system can analyse data patterns with unprecedented accuracy.,3
1031,AI,0.48,0.76,0.28,The newer AI system can analyse data patterns with unprecedented accuracy.,3
1031,system,0.76,1.24,0.48,The newer AI system can analyse data patterns with unprecedented accuracy.,3
1031,can,1.24,1.52,0.28,The newer AI system can analyse data patterns with unprecedented accuracy.,3
1031,analyse,1.52,2.0,0.48,The newer AI system can analyse data patterns with unprecedented accuracy.,3
1031,data,2.0,2.52,0.52,The newer AI system can analyse data patterns with unprecedented accuracy.,3
1031,patterns,2.52,3.1,0.5800000000000001,The newer AI system can analyse data patterns with unprecedented accuracy.,3
1031,with,3.1,3.54,0.43999999999999995,The newer AI system can analyse data patterns with unprecedented accuracy.,3
1031,unprecedented,3.54,6.68,3.1399999999999997,The newer AI system can analyse data patterns with unprecedented accuracy.,3
1031,accuracy.,6.68,7.6,0.9199999999999999,The newer AI system can analyse data patterns with unprecedented accuracy.,3
1162,Your,0.0,0.14,0.14,Your feedback will help us improve our products and services.,3
1162,feedback,0.14,0.48,0.33999999999999997,Your feedback will help us improve our products and services.,3
1162,will,0.48,0.92,0.44000000000000006,Your feedback will help us improve our products and services.,3
1162,help,0.92,1.22,0.29999999999999993,Your feedback will help us improve our products and services.,3
1162,us,1.22,1.42,0.19999999999999996,Your feedback will help us improve our products and services.,3
1162,improve,1.42,1.8,0.3800000000000001,Your feedback will help us improve our products and services.,3
1162,our,1.8,2.0,0.19999999999999996,Your feedback will help us improve our products and services.,3
1162,products,2.0,2.68,0.6800000000000002,Your feedback will help us improve our products and services.,3
1162,and,2.68,4.72,2.0399999999999996,Your feedback will help us improve our products and services.,3
1162,services.,4.72,5.26,0.54,Your feedback will help us improve our products and services.,3
1070,In,0.0,0.2,0.2,"In case of a chemical spill, evacuate the area immediately and call for help.",3
1070,case,0.2,0.46,0.26,"In case of a chemical spill, evacuate the area immediately and call for help.",3
1070,of,0.46,0.7,0.23999999999999994,"In case of a chemical spill, evacuate the area immediately and call for help.",3
1070,a,0.7,0.82,0.12,"In case of a chemical spill, evacuate the area immediately and call for help.",3
1070,chemical,0.82,1.12,0.30000000000000016,"In case of a chemical spill, evacuate the area immediately and call for help.",3
1070,"spill,",1.12,1.6,0.48,"In case of a chemical spill, evacuate the area immediately and call for help.",3
1070,evacuate,2.22,2.64,0.41999999999999993,"In case of a chemical spill, evacuate the area immediately and call for help.",3
1070,the,2.64,2.88,0.23999999999999977,"In case of a chemical spill, evacuate the area immediately and call for help.",3
1070,area,2.88,3.24,0.3600000000000003,"In case of a chemical spill, evacuate the area immediately and call for help.",3
1070,immediately,3.24,3.68,0.43999999999999995,"In case of a chemical spill, evacuate the area immediately and call for help.",3
1070,and,3.68,4.24,0.56,"In case of a chemical spill, evacuate the area immediately and call for help.",3
1070,call,4.24,4.7,0.45999999999999996,"In case of a chemical spill, evacuate the area immediately and call for help.",3
1070,for,4.7,5.72,1.0199999999999996,"In case of a chemical spill, evacuate the area immediately and call for help.",3
1070,help.,5.72,7.92,2.2,"In case of a chemical spill, evacuate the area immediately and call for help.",3
1119,What,0.0,0.14,0.14,What time does it up gallery?,3
1119,time,0.14,0.34,0.2,What time does it up gallery?,3
1119,does,0.34,0.54,0.2,What time does it up gallery?,3
1119,it,0.54,0.64,0.09999999999999998,What time does it up gallery?,3
1119,up,0.64,0.8,0.16000000000000003,What time does it up gallery?,3
1119,gallery?,0.8,1.12,0.32000000000000006,What time does it up gallery?,3
1119,Close,3.9,4.3,0.3999999999999999,Close on Sundays.,3
1119,on,4.3,4.48,0.1800000000000006,Close on Sundays.,3
1119,Sundays.,4.48,4.8,0.3199999999999994,Close on Sundays.,3
1158,the,0.0,0.14,0.14,the new policy aims to promote diversity and inclusion in the workplace.,3
1158,new,0.14,0.32,0.18,the new policy aims to promote diversity and inclusion in the workplace.,3
1158,policy,0.32,0.9,0.5800000000000001,the new policy aims to promote diversity and inclusion in the workplace.,3
1158,aims,0.9,1.28,0.38,the new policy aims to promote diversity and inclusion in the workplace.,3
1158,to,1.28,1.68,0.3999999999999999,the new policy aims to promote diversity and inclusion in the workplace.,3
1158,promote,1.68,4.76,3.08,the new policy aims to promote diversity and inclusion in the workplace.,3
1158,diversity,4.76,5.52,0.7599999999999998,the new policy aims to promote diversity and inclusion in the workplace.,3
1158,and,5.52,5.92,0.40000000000000036,the new policy aims to promote diversity and inclusion in the workplace.,3
1158,inclusion,5.92,6.54,0.6200000000000001,the new policy aims to promote diversity and inclusion in the workplace.,3
1158,in,6.54,6.76,0.21999999999999975,the new policy aims to promote diversity and inclusion in the workplace.,3
1158,the,6.76,6.88,0.1200000000000001,the new policy aims to promote diversity and inclusion in the workplace.,3
1158,workplace.,6.88,7.3,0.41999999999999993,the new policy aims to promote diversity and inclusion in the workplace.,3
4908,The,0.0,0.14,0.14,The scientists examine the specimen under a microphone.,4
4908,scientists,0.14,0.74,0.6,The scientists examine the specimen under a microphone.,4
4908,examine,0.74,1.54,0.8,The scientists examine the specimen under a microphone.,4
4908,the,1.54,1.78,0.24,The scientists examine the specimen under a microphone.,4
4908,specimen,1.78,2.3,0.5199999999999998,The scientists examine the specimen under a microphone.,4
4908,under,2.3,2.82,0.52,The scientists examine the specimen under a microphone.,4
4908,a,2.82,3.02,0.20000000000000018,The scientists examine the specimen under a microphone.,4
4908,microphone.,3.02,3.64,0.6200000000000001,The scientists examine the specimen under a microphone.,4
9793,Could,0.0,0.18,0.18,Could you subject the solution?,4
9793,you,0.18,0.28,0.10000000000000003,Could you subject the solution?,4
9793,subject,0.28,0.58,0.29999999999999993,Could you subject the solution?,4
9793,the,0.58,0.8,0.22000000000000008,Could you subject the solution?,4
9793,solution?,0.8,1.24,0.43999999999999995,Could you subject the solution?,4
8881,The,0.0,0.14,0.14,The contact was binding.,4
8881,contact,0.14,0.58,0.43999999999999995,The contact was binding.,4
8881,was,0.58,1.0,0.42000000000000004,The contact was binding.,4
8881,binding.,1.0,1.36,0.3600000000000001,The contact was binding.,4
8301,Can,0.0,0.14,0.14,Can you help me set up the new computer software?,4
8301,you,0.14,0.3,0.15999999999999998,Can you help me set up the new computer software?,4
8301,help,0.3,0.5,0.2,Can you help me set up the new computer software?,4
8301,me,0.5,0.64,0.14,Can you help me set up the new computer software?,4
8301,set,0.64,0.9,0.26,Can you help me set up the new computer software?,4
8301,up,0.9,1.0,0.09999999999999998,Can you help me set up the new computer software?,4
8301,the,1.0,1.14,0.1399999999999999,Can you help me set up the new computer software?,4
8301,new,1.14,1.24,0.10000000000000009,Can you help me set up the new computer software?,4
8301,computer,1.24,1.7,0.45999999999999996,Can you help me set up the new computer software?,4
8301,software?,1.7,2.16,0.4600000000000002,Can you help me set up the new computer software?,4
115,The,0.0,0.12,0.12,The team completed the project Mindstone.,4
115,team,0.12,0.4,0.28,The team completed the project Mindstone.,4
115,completed,0.4,1.04,0.64,The team completed the project Mindstone.,4
115,the,1.04,1.24,0.19999999999999996,The team completed the project Mindstone.,4
115,project,1.24,1.64,0.3999999999999999,The team completed the project Mindstone.,4
115,Mindstone.,1.64,2.44,0.8,The team completed the project Mindstone.,4
1065,The,0.0,0.12,0.12,The research concealed interesting patterns.,4
1065,research,0.12,0.6,0.48,The research concealed interesting patterns.,4
1065,concealed,0.6,1.24,0.64,The research concealed interesting patterns.,4
1065,interesting,1.24,2.04,0.8,The research concealed interesting patterns.,4
1065,patterns.,2.04,2.64,0.6000000000000001,The research concealed interesting patterns.,4
9814,She,0.0,0.22,0.22,She perceived the package today.,4
9814,perceived,0.22,0.62,0.4,She perceived the package today.,4
9814,the,0.62,0.76,0.14,She perceived the package today.,4
9814,package,0.76,1.04,0.28,She perceived the package today.,4
9814,today.,1.04,1.42,0.3799999999999999,She perceived the package today.,4
1198,The,0.0,0.14,0.14,The market shows passive trends.,4
1198,market,0.14,0.4,0.26,The market shows passive trends.,4
1198,shows,0.4,0.7,0.29999999999999993,The market shows passive trends.,4
1198,passive,0.7,1.12,0.42000000000000015,The market shows passive trends.,4
1198,trends.,1.12,1.56,0.43999999999999995,The market shows passive trends.,4
6098,The,0.0,0.12,0.12,The geologist studied the sedimentary rock formations in the canon.,4
6098,geologist,0.12,0.56,0.44000000000000006,The geologist studied the sedimentary rock formations in the canon.,4
6098,studied,0.56,1.06,0.5,The geologist studied the sedimentary rock formations in the canon.,4
6098,the,1.06,1.24,0.17999999999999994,The geologist studied the sedimentary rock formations in the canon.,4
6098,sedimentary,1.24,1.88,0.6399999999999999,The geologist studied the sedimentary rock formations in the canon.,4
6098,rock,1.88,2.14,0.26000000000000023,The geologist studied the sedimentary rock formations in the canon.,4
6098,formations,2.14,2.66,0.52,The geologist studied the sedimentary rock formations in the canon.,4
6098,in,2.66,2.98,0.31999999999999984,The geologist studied the sedimentary rock formations in the canon.,4
6098,the,2.98,3.1,0.1200000000000001,The geologist studied the sedimentary rock formations in the canon.,4
6098,canon.,3.1,3.44,0.33999999999999986,The geologist studied the sedimentary rock formations in the canon.,4
857,We,0.0,0.12,0.12,We must project sensitive customer data.,4
857,must,0.12,0.34,0.22000000000000003,We must project sensitive customer data.,4
857,project,0.34,0.72,0.37999999999999995,We must project sensitive customer data.,4
857,sensitive,0.72,1.36,0.6400000000000001,We must project sensitive customer data.,4
857,customer,1.36,1.94,0.5799999999999998,We must project sensitive customer data.,4
857,data.,1.94,2.44,0.5,We must project sensitive customer data.,4
1161,The,0.0,0.16,0.16,The database requires regular containment.,4
1161,database,0.16,0.5,0.33999999999999997,The database requires regular containment.,4
1161,requires,0.5,1.3,0.8,The database requires regular containment.,4
1161,regular,1.3,1.94,0.6399999999999999,The database requires regular containment.,4
1161,containment.,1.94,2.64,0.7000000000000002,The database requires regular containment.,4
2599,They,0.0,0.12,0.12,They will discuss the proposal tomorrow.,4
2599,will,0.12,0.22,0.1,They will discuss the proposal tomorrow.,4
2599,discuss,0.22,0.5,0.28,They will discuss the proposal tomorrow.,4
2599,the,0.5,0.74,0.24,They will discuss the proposal tomorrow.,4
2599,proposal,0.74,1.2,0.45999999999999996,They will discuss the proposal tomorrow.,4
2599,tomorrow.,1.2,1.6,0.40000000000000013,They will discuss the proposal tomorrow.,4
1136,The,0.0,0.1,0.1,The train depart from platform 3.,4
1136,train,0.1,0.36,0.26,The train depart from platform 3.,4
1136,depart,0.36,0.7,0.33999999999999997,The train depart from platform 3.,4
1136,from,0.7,1.02,0.32000000000000006,The train depart from platform 3.,4
1136,platform,1.02,1.44,0.41999999999999993,The train depart from platform 3.,4
1136,3.,1.44,1.9,0.45999999999999996,The train depart from platform 3.,4
8317,The,0.0,0.12,0.12,The new policy aims to streamline administrative progress.,4
8317,new,0.12,0.32,0.2,The new policy aims to streamline administrative progress.,4
8317,policy,0.32,0.68,0.36000000000000004,The new policy aims to streamline administrative progress.,4
8317,aims,0.68,0.96,0.2799999999999999,The new policy aims to streamline administrative progress.,4
8317,to,0.96,1.1,0.14000000000000012,The new policy aims to streamline administrative progress.,4
8317,streamline,1.1,1.42,0.31999999999999984,The new policy aims to streamline administrative progress.,4
8317,administrative,1.42,1.94,0.52,The new policy aims to streamline administrative progress.,4
8317,progress.,1.94,2.46,0.52,The new policy aims to streamline administrative progress.,4
1073,The,0.0,0.12,0.12,The project acquires extensive planning.,4
1073,project,0.12,0.56,0.44000000000000006,The project acquires extensive planning.,4
1073,acquires,0.56,1.12,0.56,The project acquires extensive planning.,4
1073,extensive,1.12,1.58,0.45999999999999996,The project acquires extensive planning.,4
1073,planning.,1.58,2.24,0.6600000000000001,The project acquires extensive planning.,4
4089,The,0.0,0.14,0.14,The company denounced major changes.,4
4089,company,0.14,0.42,0.27999999999999997,The company denounced major changes.,4
4089,denounced,0.42,0.84,0.42,The company denounced major changes.,4
4089,major,0.84,1.06,0.22000000000000008,The company denounced major changes.,4
4089,changes.,1.06,1.52,0.45999999999999996,The company denounced major changes.,4
8854,Could,0.0,0.16,0.16,Could you progress this request today?,4
8854,you,0.16,0.3,0.13999999999999999,Could you progress this request today?,4
8854,progress,0.3,0.62,0.32,Could you progress this request today?,4
8854,this,0.62,0.88,0.26,Could you progress this request today?,4
8854,request,0.88,1.14,0.2599999999999999,Could you progress this request today?,4
8854,today?,1.14,1.5,0.3600000000000001,Could you progress this request today?,4
9746,The,0.0,0.12,0.12,The excerpt gave advice.,4
9746,excerpt,0.12,0.6,0.48,The excerpt gave advice.,4
9746,gave,0.6,0.72,0.12,The excerpt gave advice.,4
9746,advice.,0.72,1.2,0.48,The excerpt gave advice.,4
2389,Emergency,0.0,0.62,0.62,Emergency services responded to the incident properly.,4
2389,services,0.62,1.38,0.7599999999999999,Emergency services responded to the incident properly.,4
2389,responded,1.38,2.12,0.7400000000000002,Emergency services responded to the incident properly.,4
2389,to,2.12,2.42,0.2999999999999998,Emergency services responded to the incident properly.,4
2389,the,2.42,2.54,0.1200000000000001,Emergency services responded to the incident properly.,4
2389,incident,2.54,2.92,0.3799999999999999,Emergency services responded to the incident properly.,4
2389,properly.,2.92,3.56,0.6400000000000001,Emergency services responded to the incident properly.,4
8842,Please,0.0,0.24,0.24,Please project your private data.,4
8842,project,0.24,0.66,0.42000000000000004,Please project your private data.,4
8842,your,0.66,0.86,0.19999999999999996,Please project your private data.,4
8842,private,0.86,1.24,0.38,Please project your private data.,4
8842,data.,1.24,1.66,0.41999999999999993,Please project your private data.,4
302,they,0.0,0.12,0.12,they perform extensive testing.,4
302,perform,0.12,0.36,0.24,they perform extensive testing.,4
302,extensive,0.36,0.74,0.38,they perform extensive testing.,4
302,testing.,0.74,1.3,0.56,they perform extensive testing.,4
8116,We,0.0,0.12,0.12,We need to prioritize customers satisfaction in our strategy.,4
8116,need,0.12,0.24,0.12,We need to prioritize customers satisfaction in our strategy.,4
8116,to,0.24,0.36,0.12,We need to prioritize customers satisfaction in our strategy.,4
8116,prioritize,0.36,0.74,0.38,We need to prioritize customers satisfaction in our strategy.,4
8116,customers,0.74,1.24,0.5,We need to prioritize customers satisfaction in our strategy.,4
8116,satisfaction,1.24,1.8,0.56,We need to prioritize customers satisfaction in our strategy.,4
8116,in,1.8,2.06,0.26,We need to prioritize customers satisfaction in our strategy.,4
8116,our,2.06,2.16,0.10000000000000009,We need to prioritize customers satisfaction in our strategy.,4
8116,strategy.,2.16,2.54,0.3799999999999999,We need to prioritize customers satisfaction in our strategy.,4
9584,Follow,0.0,0.26,0.26,Follow controls.,4
9584,controls.,0.26,0.84,0.58,Follow controls.,4
2798,We,0.0,0.14,0.14,We must express these concerns immediately.,4
2798,must,0.14,0.26,0.12,We must express these concerns immediately.,4
2798,express,0.26,0.64,0.38,We must express these concerns immediately.,4
2798,these,0.64,0.94,0.29999999999999993,We must express these concerns immediately.,4
2798,concerns,0.94,1.4,0.45999999999999996,We must express these concerns immediately.,4
2798,immediately.,1.4,1.94,0.54,We must express these concerns immediately.,4
1858,The,0.0,0.12,0.12,The concert will feature practical music.,4
1858,concert,0.12,0.56,0.44000000000000006,The concert will feature practical music.,4
1858,will,0.56,0.86,0.29999999999999993,The concert will feature practical music.,4
1858,feature,0.86,1.16,0.29999999999999993,The concert will feature practical music.,4
1858,practical,1.16,1.54,0.3800000000000001,The concert will feature practical music.,4
1858,music.,1.54,2.18,0.6400000000000001,The concert will feature practical music.,4
119,The,0.0,0.12,0.12,The company implemented new police.,4
119,company,0.12,0.5,0.38,The company implemented new police.,4
119,implemented,0.5,1.12,0.6200000000000001,The company implemented new police.,4
119,new,1.12,1.42,0.2999999999999998,The company implemented new police.,4
119,police.,1.42,1.78,0.3600000000000001,The company implemented new police.,4
1069,the,0.0,0.14,0.14,the Committee improved the new policy.,4
1069,Committee,0.14,0.44,0.3,the Committee improved the new policy.,4
1069,improved,0.44,0.96,0.52,the Committee improved the new policy.,4
1069,the,0.96,1.08,0.1200000000000001,the Committee improved the new policy.,4
1069,new,1.08,1.26,0.17999999999999994,the Committee improved the new policy.,4
1069,policy.,1.26,1.7,0.43999999999999995,the Committee improved the new policy.,4
4841,How,0.0,0.14,0.14,How often do you energize during the week?,4
4841,often,0.14,0.38,0.24,How often do you energize during the week?,4
4841,do,0.38,0.54,0.16000000000000003,How often do you energize during the week?,4
4841,you,0.54,0.64,0.09999999999999998,How often do you energize during the week?,4
4841,energize,0.64,1.1,0.4600000000000001,How often do you energize during the week?,4
4841,during,1.1,1.28,0.17999999999999994,How often do you energize during the week?,4
4841,the,1.28,1.4,0.11999999999999988,How often do you energize during the week?,4
4841,week?,1.4,1.56,0.16000000000000014,How often do you energize during the week?,4
4512,Students,0.0,0.46,0.46,Students must complete their assignments before headline.,4
4512,must,0.46,0.78,0.32,Students must complete their assignments before headline.,4
4512,complete,0.78,1.3,0.52,Students must complete their assignments before headline.,4
4512,their,1.3,1.58,0.28,Students must complete their assignments before headline.,4
4512,assignments,1.58,2.1,0.52,Students must complete their assignments before headline.,4
4512,before,2.1,2.6,0.5,Students must complete their assignments before headline.,4
4512,headline.,2.6,3.08,0.48,Students must complete their assignments before headline.,4
6893,outbreak...,0.0,0.28,0.28,outbreak...,4
16,The,0.0,0.16,0.16,The conference will focus on invitation.,4
16,conference,0.16,0.6,0.43999999999999995,The conference will focus on invitation.,4
16,will,0.6,0.96,0.36,The conference will focus on invitation.,4
16,focus,0.96,1.38,0.41999999999999993,The conference will focus on invitation.,4
16,on,1.38,1.76,0.3800000000000001,The conference will focus on invitation.,4
16,invitation.,1.76,2.36,0.5999999999999999,The conference will focus on invitation.,4
7806,They,0.0,0.1,0.1,They conduct to lead the orchestra with great decision.,4
7806,conduct,0.1,0.44,0.33999999999999997,They conduct to lead the orchestra with great decision.,4
7806,to,0.44,0.7,0.25999999999999995,They conduct to lead the orchestra with great decision.,4
7806,lead,0.7,0.9,0.20000000000000007,They conduct to lead the orchestra with great decision.,4
7806,the,0.9,1.06,0.16000000000000003,They conduct to lead the orchestra with great decision.,4
7806,orchestra,1.06,1.52,0.45999999999999996,They conduct to lead the orchestra with great decision.,4
7806,with,1.52,1.8,0.28,They conduct to lead the orchestra with great decision.,4
7806,great,1.8,2.06,0.26,They conduct to lead the orchestra with great decision.,4
7806,decision.,2.06,2.56,0.5,They conduct to lead the orchestra with great decision.,4
6714,Can,0.0,0.16,0.16,Can you please forward the email to the entire steam?,4
6714,you,0.16,0.28,0.12000000000000002,Can you please forward the email to the entire steam?,4
6714,please,0.28,0.54,0.26,Can you please forward the email to the entire steam?,4
6714,forward,0.54,0.8,0.26,Can you please forward the email to the entire steam?,4
6714,the,0.8,0.96,0.15999999999999992,Can you please forward the email to the entire steam?,4
6714,email,0.96,1.2,0.24,Can you please forward the email to the entire steam?,4
6714,to,1.2,1.38,0.17999999999999994,Can you please forward the email to the entire steam?,4
6714,the,1.38,1.5,0.1200000000000001,Can you please forward the email to the entire steam?,4
6714,entire,1.5,1.72,0.21999999999999997,Can you please forward the email to the entire steam?,4
6714,steam?,1.72,2.0,0.28,Can you please forward the email to the entire steam?,4
3453,need,0.0,0.18,0.18,need to progress the application quickly.,4
3453,to,0.18,0.36,0.18,need to progress the application quickly.,4
3453,progress,0.36,0.68,0.32000000000000006,need to progress the application quickly.,4
3453,the,0.68,0.96,0.2799999999999999,need to progress the application quickly.,4
3453,application,0.96,1.52,0.56,need to progress the application quickly.,4
3453,quickly.,1.52,2.0,0.48,need to progress the application quickly.,4
1194,Can,0.0,0.16,0.16,Can you measure the exempt dimensions?,4
1194,you,0.16,0.28,0.12000000000000002,Can you measure the exempt dimensions?,4
1194,measure,0.28,0.56,0.28,Can you measure the exempt dimensions?,4
1194,the,0.56,0.8,0.24,Can you measure the exempt dimensions?,4
1194,exempt,0.8,1.24,0.43999999999999995,Can you measure the exempt dimensions?,4
1194,dimensions?,1.24,1.76,0.52,Can you measure the exempt dimensions?,4
5587,We,0.0,0.14,0.14,We need to S3 Manor recruitment process.,4
5587,need,0.14,0.24,0.09999999999999998,We need to S3 Manor recruitment process.,4
5587,to,0.24,0.36,0.12,We need to S3 Manor recruitment process.,4
5587,S3,0.36,0.72,0.36,We need to S3 Manor recruitment process.,4
5587,Manor,0.72,1.02,0.30000000000000004,We need to S3 Manor recruitment process.,4
5587,recruitment,1.02,1.34,0.32000000000000006,We need to S3 Manor recruitment process.,4
5587,process.,1.34,1.9,0.5599999999999998,We need to S3 Manor recruitment process.,4
5354,the,0.0,0.12,0.12,the engineer designed an innovative solution to the structural program.,4
5354,engineer,0.12,0.48,0.36,the engineer designed an innovative solution to the structural program.,4
5354,designed,0.48,0.92,0.44000000000000006,the engineer designed an innovative solution to the structural program.,4
5354,an,0.92,1.1,0.18000000000000005,the engineer designed an innovative solution to the structural program.,4
5354,innovative,1.1,1.4,0.2999999999999998,the engineer designed an innovative solution to the structural program.,4
5354,solution,1.4,2.08,0.6800000000000002,the engineer designed an innovative solution to the structural program.,4
5354,to,2.08,2.32,0.23999999999999977,the engineer designed an innovative solution to the structural program.,4
5354,the,2.32,2.46,0.14000000000000012,the engineer designed an innovative solution to the structural program.,4
5354,structural,2.46,2.9,0.43999999999999995,the engineer designed an innovative solution to the structural program.,4
5354,program.,2.9,3.48,0.5800000000000001,the engineer designed an innovative solution to the structural program.,4
7386,the,0.0,0.14,0.14,the genetic modification resulted in increased crop field.,4
7386,genetic,0.14,0.48,0.33999999999999997,the genetic modification resulted in increased crop field.,4
7386,modification,0.48,1.34,0.8600000000000001,the genetic modification resulted in increased crop field.,4
7386,resulted,1.34,1.82,0.48,the genetic modification resulted in increased crop field.,4
7386,in,1.82,2.08,0.26,the genetic modification resulted in increased crop field.,4
7386,increased,2.08,2.48,0.3999999999999999,the genetic modification resulted in increased crop field.,4
7386,crop,2.48,2.76,0.2799999999999998,the genetic modification resulted in increased crop field.,4
7386,field.,2.76,3.16,0.40000000000000036,the genetic modification resulted in increased crop field.,4
1252,international,0.0,0.42,0.42,international trade agreements affect local markets.,4
1252,trade,0.42,0.84,0.42,international trade agreements affect local markets.,4
1252,agreements,0.84,1.14,0.29999999999999993,international trade agreements affect local markets.,4
1252,affect,1.14,1.48,0.3400000000000001,international trade agreements affect local markets.,4
1252,local,1.48,1.76,0.28,international trade agreements affect local markets.,4
1252,markets.,1.76,2.18,0.42000000000000015,international trade agreements affect local markets.,4
7810,the,0.0,0.12,0.12,the attorney presented compelling evidence to the journey.,4
7810,attorney,0.12,0.4,0.28,the attorney presented compelling evidence to the journey.,4
7810,presented,0.4,0.9,0.5,the attorney presented compelling evidence to the journey.,4
7810,compelling,0.9,1.44,0.5399999999999999,the attorney presented compelling evidence to the journey.,4
7810,evidence,1.44,1.88,0.43999999999999995,the attorney presented compelling evidence to the journey.,4
7810,to,1.88,2.14,0.26000000000000023,the attorney presented compelling evidence to the journey.,4
7810,the,2.14,2.22,0.08000000000000007,the attorney presented compelling evidence to the journey.,4
7810,journey.,2.22,2.6,0.3799999999999999,the attorney presented compelling evidence to the journey.,4
1497,We,0.0,0.16,0.16,We need to progress the request.,4
1497,need,0.16,0.3,0.13999999999999999,We need to progress the request.,4
1497,to,0.3,0.46,0.16000000000000003,We need to progress the request.,4
1497,progress,0.46,0.72,0.25999999999999995,We need to progress the request.,4
1497,the,0.72,0.98,0.26,We need to progress the request.,4
1497,request.,0.98,1.48,0.5,We need to progress the request.,4
2604,the,0.0,0.1,0.1,the train departs from platform free.,4
2604,train,0.1,0.4,0.30000000000000004,the train departs from platform free.,4
2604,departs,0.4,0.98,0.58,the train departs from platform free.,4
2604,from,0.98,1.06,0.08000000000000007,the train departs from platform free.,4
2604,platform,1.06,1.5,0.43999999999999995,the train departs from platform free.,4
2604,free.,1.5,1.92,0.41999999999999993,the train departs from platform free.,4
3445,the,0.0,0.14,0.14,the scientist and all the chemical composition.,4
3445,scientist,0.14,0.62,0.48,the scientist and all the chemical composition.,4
3445,and,0.62,1.0,0.38,the scientist and all the chemical composition.,4
3445,all,1.0,1.18,0.17999999999999994,the scientist and all the chemical composition.,4
3445,the,1.18,1.34,0.16000000000000014,the scientist and all the chemical composition.,4
3445,chemical,1.34,1.86,0.52,the scientist and all the chemical composition.,4
3445,composition.,1.86,2.64,0.78,the scientist and all the chemical composition.,4
9418,the,0.0,0.1,0.1,the project needs sources.,4
9418,project,0.1,0.46,0.36,the project needs sources.,4
9418,needs,0.46,0.72,0.25999999999999995,the project needs sources.,4
9418,sources.,0.72,1.18,0.45999999999999996,the project needs sources.,4
5342,The,0.0,0.14,0.14,The sculptor's latest work challenges traditional athletics.,4
5342,sculptor's,0.14,0.9,0.76,The sculptor's latest work challenges traditional athletics.,4
5342,latest,0.9,1.26,0.36,The sculptor's latest work challenges traditional athletics.,4
5342,work,1.26,1.62,0.3600000000000001,The sculptor's latest work challenges traditional athletics.,4
5342,challenges,1.62,2.26,0.6399999999999997,The sculptor's latest work challenges traditional athletics.,4
5342,traditional,2.26,3.06,0.8000000000000003,The sculptor's latest work challenges traditional athletics.,4
5342,athletics.,3.06,3.72,0.6600000000000001,The sculptor's latest work challenges traditional athletics.,4
7144,The,0.0,0.1,0.1,The thesis explores the impact of social media on policies.,4
7144,thesis,0.1,0.36,0.26,The thesis explores the impact of social media on policies.,4
7144,explores,0.36,0.86,0.5,The thesis explores the impact of social media on policies.,4
7144,the,0.86,1.1,0.2400000000000001,The thesis explores the impact of social media on policies.,4
7144,impact,1.1,1.4,0.2999999999999998,The thesis explores the impact of social media on policies.,4
7144,of,1.4,1.66,0.26,The thesis explores the impact of social media on policies.,4
7144,social,1.66,1.98,0.32000000000000006,The thesis explores the impact of social media on policies.,4
7144,media,1.98,2.28,0.2999999999999998,The thesis explores the impact of social media on policies.,4
7144,on,2.28,2.42,0.14000000000000012,The thesis explores the impact of social media on policies.,4
7144,policies.,2.42,2.94,0.52,The thesis explores the impact of social media on policies.,4
6305,I'm,0.0,0.44,0.44,"I'm sorry, but your warranty doesn't cover accidental manage.",4
6305,"sorry,",0.44,0.82,0.37999999999999995,"I'm sorry, but your warranty doesn't cover accidental manage.",4
6305,but,1.1,1.14,0.039999999999999813,"I'm sorry, but your warranty doesn't cover accidental manage.",4
6305,your,1.14,1.3,0.16000000000000014,"I'm sorry, but your warranty doesn't cover accidental manage.",4
6305,warranty,1.3,1.68,0.3799999999999999,"I'm sorry, but your warranty doesn't cover accidental manage.",4
6305,doesn't,1.68,2.14,0.4600000000000002,"I'm sorry, but your warranty doesn't cover accidental manage.",4
6305,cover,2.14,2.36,0.21999999999999975,"I'm sorry, but your warranty doesn't cover accidental manage.",4
6305,accidental,2.36,2.92,0.56,"I'm sorry, but your warranty doesn't cover accidental manage.",4
6305,manage.,2.92,3.58,0.6600000000000001,"I'm sorry, but your warranty doesn't cover accidental manage.",4
1090,They,0.0,0.14,0.14,They discussed the market friends.,4
1090,discussed,0.14,0.52,0.38,They discussed the market friends.,4
1090,the,0.52,0.8,0.28,They discussed the market friends.,4
1090,market,0.8,1.02,0.21999999999999997,They discussed the market friends.,4
1090,friends.,1.02,1.4,0.3799999999999999,They discussed the market friends.,4
3042,tyren,0.0,0.32,0.32,tyren i sutach y bus dod piegu infection i cael ei ad votau tre nhw ynم wedi.,4
3042,i,0.32,0.64,0.32,tyren i sutach y bus dod piegu infection i cael ei ad votau tre nhw ynم wedi.,4
3042,sutach,0.64,1.16,0.5199999999999999,tyren i sutach y bus dod piegu infection i cael ei ad votau tre nhw ynم wedi.,4
3042,y,1.16,1.16,0.0,tyren i sutach y bus dod piegu infection i cael ei ad votau tre nhw ynم wedi.,4
3042,bus,1.16,1.26,0.10000000000000009,tyren i sutach y bus dod piegu infection i cael ei ad votau tre nhw ynم wedi.,4
3042,dod,1.26,1.36,0.10000000000000009,tyren i sutach y bus dod piegu infection i cael ei ad votau tre nhw ynم wedi.,4
3042,piegu,1.36,1.74,0.3799999999999999,tyren i sutach y bus dod piegu infection i cael ei ad votau tre nhw ynم wedi.,4
3042,infection,1.74,1.84,0.10000000000000009,tyren i sutach y bus dod piegu infection i cael ei ad votau tre nhw ynم wedi.,4
3042,i,1.84,1.84,0.0,tyren i sutach y bus dod piegu infection i cael ei ad votau tre nhw ynم wedi.,4
3042,cael,1.84,2.2,0.3600000000000001,tyren i sutach y bus dod piegu infection i cael ei ad votau tre nhw ynم wedi.,4
3042,ei,2.2,2.36,0.1599999999999997,tyren i sutach y bus dod piegu infection i cael ei ad votau tre nhw ynم wedi.,4
3042,ad,2.36,2.36,0.0,tyren i sutach y bus dod piegu infection i cael ei ad votau tre nhw ynم wedi.,4
3042,votau,2.36,2.54,0.18000000000000016,tyren i sutach y bus dod piegu infection i cael ei ad votau tre nhw ynم wedi.,4
3042,tre,2.54,2.68,0.14000000000000012,tyren i sutach y bus dod piegu infection i cael ei ad votau tre nhw ynم wedi.,4
3042,nhw,2.68,2.68,0.0,tyren i sutach y bus dod piegu infection i cael ei ad votau tre nhw ynم wedi.,4
3042,ynم,2.68,2.74,0.06000000000000005,tyren i sutach y bus dod piegu infection i cael ei ad votau tre nhw ynم wedi.,4
3042,wedi.,2.74,2.74,0.0,tyren i sutach y bus dod piegu infection i cael ei ad votau tre nhw ynم wedi.,4
2203,They,0.0,0.12,0.12,They implemented new security products last month.,4
2203,implemented,0.12,0.5,0.38,They implemented new security products last month.,4
2203,new,0.5,0.82,0.31999999999999995,They implemented new security products last month.,4
2203,security,0.82,1.3,0.4800000000000001,They implemented new security products last month.,4
2203,products,1.3,1.86,0.56,They implemented new security products last month.,4
2203,last,1.86,2.2,0.3400000000000001,They implemented new security products last month.,4
2203,month.,2.2,2.56,0.3599999999999999,They implemented new security products last month.,4
699,Advanced,0.0,0.48,0.48,Advanced algorithms up to my system preference.,4
699,algorithms,0.48,1.12,0.6400000000000001,Advanced algorithms up to my system preference.,4
699,up,1.12,1.52,0.3999999999999999,Advanced algorithms up to my system preference.,4
699,to,1.52,1.64,0.11999999999999988,Advanced algorithms up to my system preference.,4
699,my,1.64,1.78,0.14000000000000012,Advanced algorithms up to my system preference.,4
699,system,1.78,2.22,0.44000000000000017,Advanced algorithms up to my system preference.,4
699,preference.,2.22,2.74,0.52,Advanced algorithms up to my system preference.,4
2983,They,0.0,0.12,0.12,They installed new security products last week.,4
2983,installed,0.12,0.54,0.42000000000000004,They installed new security products last week.,4
2983,new,0.54,0.84,0.29999999999999993,They installed new security products last week.,4
2983,security,0.84,1.26,0.42000000000000004,They installed new security products last week.,4
2983,products,1.26,1.82,0.56,They installed new security products last week.,4
2983,last,1.82,2.08,0.26,They installed new security products last week.,4
2983,week.,2.08,2.48,0.3999999999999999,They installed new security products last week.,4
3691,Please,0.0,0.18,0.18,Please proceed with caution in this area.,4
3691,proceed,0.18,0.6,0.42,Please proceed with caution in this area.,4
3691,with,0.6,0.82,0.21999999999999997,Please proceed with caution in this area.,4
3691,caution,0.82,1.3,0.4800000000000001,Please proceed with caution in this area.,4
3691,in,1.3,1.54,0.24,Please proceed with caution in this area.,4
3691,this,1.54,1.8,0.26,Please proceed with caution in this area.,4
3691,area.,1.8,2.14,0.3400000000000001,Please proceed with caution in this area.,4
4857,Could,0.0,0.18,0.18,Could you please forward the quarterly report to the CEO?,4
4857,you,0.18,0.32,0.14,Could you please forward the quarterly report to the CEO?,4
4857,please,0.32,0.62,0.3,Could you please forward the quarterly report to the CEO?,4
4857,forward,0.62,1.04,0.42000000000000004,Could you please forward the quarterly report to the CEO?,4
4857,the,1.04,1.26,0.21999999999999997,Could you please forward the quarterly report to the CEO?,4
4857,quarterly,1.26,1.76,0.5,Could you please forward the quarterly report to the CEO?,4
4857,report,1.76,2.22,0.4600000000000002,Could you please forward the quarterly report to the CEO?,4
4857,to,2.22,2.5,0.2799999999999998,Could you please forward the quarterly report to the CEO?,4
4857,the,2.5,2.64,0.14000000000000012,Could you please forward the quarterly report to the CEO?,4
4857,CEO?,2.64,3.04,0.3999999999999999,Could you please forward the quarterly report to the CEO?,4
5745,The,0.0,0.12,0.12,The dissertation explores the socio-economic impact of localization.,4
5745,dissertation,0.12,0.5,0.38,The dissertation explores the socio-economic impact of localization.,4
5745,explores,0.5,1.12,0.6200000000000001,The dissertation explores the socio-economic impact of localization.,4
5745,the,1.12,1.34,0.21999999999999997,The dissertation explores the socio-economic impact of localization.,4
5745,socio,1.34,1.58,0.24,The dissertation explores the socio-economic impact of localization.,4
5745,-economic,1.58,2.08,0.5,The dissertation explores the socio-economic impact of localization.,4
5745,impact,2.08,2.54,0.45999999999999996,The dissertation explores the socio-economic impact of localization.,4
5745,of,2.54,2.76,0.21999999999999975,The dissertation explores the socio-economic impact of localization.,4
5745,localization.,2.76,3.5,0.7400000000000002,The dissertation explores the socio-economic impact of localization.,4
7797,Can,0.0,0.18,0.18,Can you clarify the terms of the assessment?,4
7797,you,0.18,0.36,0.18,Can you clarify the terms of the assessment?,4
7797,clarify,0.36,0.92,0.56,Can you clarify the terms of the assessment?,4
7797,the,0.92,1.18,0.2599999999999999,Can you clarify the terms of the assessment?,4
7797,terms,1.18,1.54,0.3600000000000001,Can you clarify the terms of the assessment?,4
7797,of,1.54,1.72,0.17999999999999994,Can you clarify the terms of the assessment?,4
7797,the,1.72,1.92,0.19999999999999996,Can you clarify the terms of the assessment?,4
7797,assessment?,1.92,2.54,0.6200000000000001,Can you clarify the terms of the assessment?,4
1004,Please,0.0,0.18,0.18,Please proceed with the installation progress.,4
1004,proceed,0.18,0.58,0.39999999999999997,Please proceed with the installation progress.,4
1004,with,0.58,0.8,0.22000000000000008,Please proceed with the installation progress.,4
1004,the,0.8,0.98,0.17999999999999994,Please proceed with the installation progress.,4
1004,installation,0.98,1.48,0.5,Please proceed with the installation progress.,4
1004,progress.,1.48,1.92,0.43999999999999995,Please proceed with the installation progress.,4
1907,they'll,0.0,0.16,0.16,they'll split the research team into groups.,4
1907,split,0.16,0.46,0.30000000000000004,they'll split the research team into groups.,4
1907,the,0.46,0.62,0.15999999999999998,they'll split the research team into groups.,4
1907,research,0.62,0.92,0.30000000000000004,they'll split the research team into groups.,4
1907,team,0.92,1.18,0.2599999999999999,they'll split the research team into groups.,4
1907,into,1.18,1.38,0.19999999999999996,they'll split the research team into groups.,4
1907,groups.,1.38,1.64,0.26,they'll split the research team into groups.,4
1141,She,0.0,0.16,0.16,She competed the survey last week.,4
1141,competed,0.16,0.52,0.36,She competed the survey last week.,4
1141,the,0.52,0.72,0.19999999999999996,She competed the survey last week.,4
1141,survey,0.72,1.02,0.30000000000000004,She competed the survey last week.,4
1141,last,1.02,1.32,0.30000000000000004,She competed the survey last week.,4
1141,week.,1.32,1.64,0.31999999999999984,She competed the survey last week.,4
2014,We,0.0,0.18,0.18,We need to celebrate these instruments precisely.,4
2014,need,0.18,0.34,0.16000000000000003,We need to celebrate these instruments precisely.,4
2014,to,0.34,0.52,0.18,We need to celebrate these instruments precisely.,4
2014,celebrate,0.52,1.02,0.5,We need to celebrate these instruments precisely.,4
2014,these,1.02,1.44,0.41999999999999993,We need to celebrate these instruments precisely.,4
2014,instruments,1.44,1.92,0.48,We need to celebrate these instruments precisely.,4
2014,precisely.,1.92,2.68,0.7600000000000002,We need to celebrate these instruments precisely.,4
8049,for,0.0,0.12,0.12,for dysenthesis is crucial for plant growth and oxygen seduction.,4
8049,dysenthesis,0.12,0.84,0.72,for dysenthesis is crucial for plant growth and oxygen seduction.,4
8049,is,0.84,1.02,0.18000000000000005,for dysenthesis is crucial for plant growth and oxygen seduction.,4
8049,crucial,1.02,1.32,0.30000000000000004,for dysenthesis is crucial for plant growth and oxygen seduction.,4
8049,for,1.32,1.52,0.19999999999999996,for dysenthesis is crucial for plant growth and oxygen seduction.,4
8049,plant,1.52,1.74,0.21999999999999997,for dysenthesis is crucial for plant growth and oxygen seduction.,4
8049,growth,1.74,2.0,0.26,for dysenthesis is crucial for plant growth and oxygen seduction.,4
8049,and,2.0,2.18,0.18000000000000016,for dysenthesis is crucial for plant growth and oxygen seduction.,4
8049,oxygen,2.18,2.58,0.3999999999999999,for dysenthesis is crucial for plant growth and oxygen seduction.,4
8049,seduction.,2.58,3.2,0.6200000000000001,for dysenthesis is crucial for plant growth and oxygen seduction.,4
9208,Please,0.0,0.16,0.16,Please review the pronunciation.,4
9208,review,0.16,0.48,0.31999999999999995,Please review the pronunciation.,4
9208,the,0.48,0.66,0.18000000000000005,Please review the pronunciation.,4
9208,pronunciation.,0.66,1.28,0.62,Please review the pronunciation.,4
3255,She,0.0,0.28,0.28,She formed the analysis correctly.,4
3255,formed,0.28,0.66,0.38,She formed the analysis correctly.,4
3255,the,0.66,0.96,0.29999999999999993,She formed the analysis correctly.,4
3255,analysis,0.96,1.42,0.45999999999999996,She formed the analysis correctly.,4
3255,correctly.,1.42,2.08,0.6600000000000001,She formed the analysis correctly.,4
1053,the,0.0,0.14,0.14,the Professor Disguised Quantum Mechanics.,4
1053,Professor,0.14,0.72,0.58,the Professor Disguised Quantum Mechanics.,4
1053,Disguised,0.72,1.42,0.7,the Professor Disguised Quantum Mechanics.,4
1053,Quantum,1.42,1.8,0.3800000000000001,the Professor Disguised Quantum Mechanics.,4
1053,Mechanics.,1.8,2.64,0.8400000000000001,the Professor Disguised Quantum Mechanics.,4
4314,please,0.0,0.18,0.18,please decide detail feedback.,4
4314,decide,0.18,0.54,0.36000000000000004,please decide detail feedback.,4
4314,detail,0.54,0.96,0.41999999999999993,please decide detail feedback.,4
4314,feedback.,0.96,1.36,0.40000000000000013,please decide detail feedback.,4
3652,the,0.0,0.1,0.1,the marketing team's supposed a new strategy.,4
3652,marketing,0.1,0.44,0.33999999999999997,the marketing team's supposed a new strategy.,4
3652,team's,0.44,0.92,0.48000000000000004,the marketing team's supposed a new strategy.,4
3652,supposed,0.92,1.22,0.29999999999999993,the marketing team's supposed a new strategy.,4
3652,a,1.22,1.44,0.21999999999999997,the marketing team's supposed a new strategy.,4
3652,new,1.44,1.64,0.19999999999999996,the marketing team's supposed a new strategy.,4
3652,strategy.,1.64,2.26,0.6199999999999999,the marketing team's supposed a new strategy.,4
5786,the,0.0,0.14,0.14,the ephologists observed animal behavior in their natural habits.,4
5786,ephologists,0.14,0.8,0.66,the ephologists observed animal behavior in their natural habits.,4
5786,observed,0.8,1.18,0.3799999999999999,the ephologists observed animal behavior in their natural habits.,4
5786,animal,1.18,1.56,0.3800000000000001,the ephologists observed animal behavior in their natural habits.,4
5786,behavior,1.56,2.08,0.52,the ephologists observed animal behavior in their natural habits.,4
5786,in,2.08,2.3,0.21999999999999975,the ephologists observed animal behavior in their natural habits.,4
5786,their,2.3,2.44,0.14000000000000012,the ephologists observed animal behavior in their natural habits.,4
5786,natural,2.44,2.78,0.33999999999999986,the ephologists observed animal behavior in their natural habits.,4
5786,habits.,2.78,3.16,0.38000000000000034,the ephologists observed animal behavior in their natural habits.,4
7754,a,0.0,0.12,0.12,a loc engyrun vereahagyth��이 ych,4
7754,loc,0.12,0.28,0.16000000000000003,a loc engyrun vereahagyth��이 ych,4
7754,engyrun,0.28,0.72,0.43999999999999995,a loc engyrun vereahagyth��이 ych,4
7754,vereahagyth��이,0.72,1.78,1.06,a loc engyrun vereahagyth��이 ych,4
7754,ych,1.78,2.22,0.44000000000000017,a loc engyrun vereahagyth��이 ych,4
1045,the,0.0,0.12,0.12,the strategy focuses on sustainable grown.,4
1045,strategy,0.12,0.62,0.5,the strategy focuses on sustainable grown.,4
1045,focuses,0.62,1.1,0.4800000000000001,the strategy focuses on sustainable grown.,4
1045,on,1.1,1.5,0.3999999999999999,the strategy focuses on sustainable grown.,4
1045,sustainable,1.5,2.06,0.56,the strategy focuses on sustainable grown.,4
1045,grown.,2.06,2.52,0.45999999999999996,the strategy focuses on sustainable grown.,4
7191,The,0.0,0.14,0.14,The geologist analyzed rock samples from the excavation site.,4
7191,geologist,0.14,0.6,0.45999999999999996,The geologist analyzed rock samples from the excavation site.,4
7191,analyzed,0.6,1.14,0.5399999999999999,The geologist analyzed rock samples from the excavation site.,4
7191,rock,1.14,1.56,0.42000000000000015,The geologist analyzed rock samples from the excavation site.,4
7191,samples,1.56,1.96,0.3999999999999999,The geologist analyzed rock samples from the excavation site.,4
7191,from,1.96,2.22,0.26000000000000023,The geologist analyzed rock samples from the excavation site.,4
7191,the,2.22,2.4,0.17999999999999972,The geologist analyzed rock samples from the excavation site.,4
7191,excavation,2.4,3.16,0.7600000000000002,The geologist analyzed rock samples from the excavation site.,4
7191,site.,3.16,3.5,0.33999999999999986,The geologist analyzed rock samples from the excavation site.,4
4302,The,0.0,0.14,0.14,The clinical trial protected significant results.,4
4302,clinical,0.14,0.5,0.36,The clinical trial protected significant results.,4
4302,trial,0.5,0.98,0.48,The clinical trial protected significant results.,4
4302,protected,0.98,1.5,0.52,The clinical trial protected significant results.,4
4302,significant,1.5,2.12,0.6200000000000001,The clinical trial protected significant results.,4
4302,results.,2.12,2.74,0.6200000000000001,The clinical trial protected significant results.,4
1100,They,0.0,0.12,0.12,They implemented new security messages.,4
1100,implemented,0.12,0.56,0.44000000000000006,They implemented new security messages.,4
1100,new,0.56,0.94,0.3799999999999999,They implemented new security messages.,4
1100,security,0.94,1.44,0.5,They implemented new security messages.,4
1100,messages.,1.44,2.14,0.7000000000000002,They implemented new security messages.,4
3097,We,0.0,0.12,0.12,We should implement protective measures.,4
3097,should,0.12,0.32,0.2,We should implement protective measures.,4
3097,implement,0.32,0.7,0.37999999999999995,We should implement protective measures.,4
3097,protective,0.7,1.3,0.6000000000000001,We should implement protective measures.,4
3097,measures.,1.3,1.84,0.54,We should implement protective measures.,4
5790,that,0.0,0.14,0.14,that algorithm efficiently sorts through large subsets.,4
5790,algorithm,0.14,0.52,0.38,that algorithm efficiently sorts through large subsets.,4
5790,efficiently,0.52,1.08,0.56,that algorithm efficiently sorts through large subsets.,4
5790,sorts,1.08,1.6,0.52,that algorithm efficiently sorts through large subsets.,4
5790,through,1.6,1.86,0.26,that algorithm efficiently sorts through large subsets.,4
5790,large,1.86,2.1,0.24,that algorithm efficiently sorts through large subsets.,4
5790,subsets.,2.1,2.76,0.6599999999999997,that algorithm efficiently sorts through large subsets.,4
2956,we,0.0,0.14,0.14,we should evaluate the compact.,4
2956,should,0.14,0.34,0.2,we should evaluate the compact.,4
2956,evaluate,0.34,0.88,0.54,we should evaluate the compact.,4
2956,the,0.88,1.12,0.2400000000000001,we should evaluate the compact.,4
2956,compact.,1.12,1.5,0.3799999999999999,we should evaluate the compact.,4
6503,Ethologist,0.0,0.52,0.52,Ethologist observed animal behavior in their natural habitat.,4
6503,observed,0.52,0.98,0.45999999999999996,Ethologist observed animal behavior in their natural habitat.,4
6503,animal,0.98,1.34,0.3600000000000001,Ethologist observed animal behavior in their natural habitat.,4
6503,behavior,1.34,1.84,0.5,Ethologist observed animal behavior in their natural habitat.,4
6503,in,1.84,2.32,0.47999999999999976,Ethologist observed animal behavior in their natural habitat.,4
6503,their,2.32,2.46,0.14000000000000012,Ethologist observed animal behavior in their natural habitat.,4
6503,natural,2.46,2.84,0.3799999999999999,Ethologist observed animal behavior in their natural habitat.,4
6503,habitat.,2.84,3.3,0.45999999999999996,Ethologist observed animal behavior in their natural habitat.,4
6850,What's,0.0,0.34,0.34,What's your assessment of the current geopolitical situation in the Middle East?,4
6850,your,0.34,0.4,0.06,What's your assessment of the current geopolitical situation in the Middle East?,4
6850,assessment,0.4,0.9,0.5,What's your assessment of the current geopolitical situation in the Middle East?,4
6850,of,0.9,1.14,0.23999999999999988,What's your assessment of the current geopolitical situation in the Middle East?,4
6850,the,1.14,1.26,0.1200000000000001,What's your assessment of the current geopolitical situation in the Middle East?,4
6850,current,1.26,1.5,0.24,What's your assessment of the current geopolitical situation in the Middle East?,4
6850,geopolitical,1.5,2.28,0.7799999999999998,What's your assessment of the current geopolitical situation in the Middle East?,4
6850,situation,2.28,2.92,0.6400000000000001,What's your assessment of the current geopolitical situation in the Middle East?,4
6850,in,2.92,3.1,0.18000000000000016,What's your assessment of the current geopolitical situation in the Middle East?,4
6850,the,3.1,3.16,0.06000000000000005,What's your assessment of the current geopolitical situation in the Middle East?,4
6850,Middle,3.16,3.34,0.17999999999999972,What's your assessment of the current geopolitical situation in the Middle East?,4
6850,East?,3.34,3.9,0.56,What's your assessment of the current geopolitical situation in the Middle East?,4
1442,The,0.0,0.12,0.12,The self-tower update includes enhanced creatures.,4
1442,self,0.12,0.48,0.36,The self-tower update includes enhanced creatures.,4
1442,-tower,0.48,0.76,0.28,The self-tower update includes enhanced creatures.,4
1442,update,0.76,1.06,0.30000000000000004,The self-tower update includes enhanced creatures.,4
1442,includes,1.06,1.66,0.5999999999999999,The self-tower update includes enhanced creatures.,4
1442,enhanced,1.66,2.3,0.6399999999999999,The self-tower update includes enhanced creatures.,4
1442,creatures.,2.3,2.84,0.54,The self-tower update includes enhanced creatures.,4
498,the,0.0,0.14,0.14,the border proved the annual packet.,4
498,border,0.14,0.42,0.27999999999999997,the border proved the annual packet.,4
498,proved,0.42,0.94,0.52,the border proved the annual packet.,4
498,the,0.94,1.08,0.14000000000000012,the border proved the annual packet.,4
498,annual,1.08,1.42,0.33999999999999986,the border proved the annual packet.,4
498,packet.,1.42,1.96,0.54,the border proved the annual packet.,4
3490,the,0.0,0.12,0.12,the committee reviewed policy charges.,4
3490,committee,0.12,0.4,0.28,the committee reviewed policy charges.,4
3490,reviewed,0.4,0.82,0.41999999999999993,the committee reviewed policy charges.,4
3490,policy,0.82,1.28,0.4600000000000001,the committee reviewed policy charges.,4
3490,charges.,1.28,1.82,0.54,the committee reviewed policy charges.,4
5544,We,0.0,0.1,0.1,We need to implement robust quality patrol measures.,4
5544,need,0.1,0.22,0.12,We need to implement robust quality patrol measures.,4
5544,to,0.22,0.4,0.18000000000000002,We need to implement robust quality patrol measures.,4
5544,implement,0.4,0.86,0.45999999999999996,We need to implement robust quality patrol measures.,4
5544,robust,0.86,1.2,0.33999999999999997,We need to implement robust quality patrol measures.,4
5544,quality,1.2,1.7,0.5,We need to implement robust quality patrol measures.,4
5544,patrol,1.7,2.04,0.3400000000000001,We need to implement robust quality patrol measures.,4
5544,measures.,2.04,2.46,0.41999999999999993,We need to implement robust quality patrol measures.,4
3243,She,0.0,0.2,0.2,She compared detailed notes.,4
3243,compared,0.2,0.52,0.32,She compared detailed notes.,4
3243,detailed,0.52,1.0,0.48,She compared detailed notes.,4
3243,notes.,1.0,1.48,0.48,She compared detailed notes.,4
5396,the,0.0,0.12,0.12,the architect designed an innovative sustainable building.,4
5396,architect,0.12,0.66,0.54,the architect designed an innovative sustainable building.,4
5396,designed,0.66,1.38,0.7199999999999999,the architect designed an innovative sustainable building.,4
5396,an,1.38,1.84,0.4600000000000002,the architect designed an innovative sustainable building.,4
5396,innovative,1.84,2.5,0.6599999999999999,the architect designed an innovative sustainable building.,4
5396,sustainable,2.5,3.34,0.8399999999999999,the architect designed an innovative sustainable building.,4
5396,building.,3.34,4.0,0.6600000000000001,the architect designed an innovative sustainable building.,4
2003,Please,0.0,0.2,0.2,Please assure all doors are locked.,4
2003,assure,0.2,0.66,0.46,Please assure all doors are locked.,4
2003,all,0.66,1.02,0.36,Please assure all doors are locked.,4
2003,doors,1.02,1.4,0.3799999999999999,Please assure all doors are locked.,4
2003,are,1.4,1.6,0.20000000000000018,Please assure all doors are locked.,4
2003,locked.,1.6,1.86,0.26,Please assure all doors are locked.,4
1290,The,0.0,0.12,0.12,The report includes detailed paralysis.,4
1290,report,0.12,0.42,0.3,The report includes detailed paralysis.,4
1290,includes,0.42,0.8,0.38000000000000006,The report includes detailed paralysis.,4
1290,detailed,0.8,1.3,0.5,The report includes detailed paralysis.,4
1290,paralysis.,1.3,1.9,0.5999999999999999,The report includes detailed paralysis.,4
7597,Do,0.0,0.16,0.16,Do you prefer watching movies at home or in the feeder?,4
7597,you,0.16,0.28,0.12000000000000002,Do you prefer watching movies at home or in the feeder?,4
7597,prefer,0.28,0.62,0.33999999999999997,Do you prefer watching movies at home or in the feeder?,4
7597,watching,0.62,1.1,0.4800000000000001,Do you prefer watching movies at home or in the feeder?,4
7597,movies,1.1,1.52,0.41999999999999993,Do you prefer watching movies at home or in the feeder?,4
7597,at,1.52,1.82,0.30000000000000004,Do you prefer watching movies at home or in the feeder?,4
7597,home,1.82,2.18,0.3600000000000001,Do you prefer watching movies at home or in the feeder?,4
7597,or,2.18,2.54,0.3599999999999999,Do you prefer watching movies at home or in the feeder?,4
7597,in,2.54,2.74,0.20000000000000018,Do you prefer watching movies at home or in the feeder?,4
7597,the,2.74,2.86,0.11999999999999966,Do you prefer watching movies at home or in the feeder?,4
7597,feeder?,2.86,3.14,0.28000000000000025,Do you prefer watching movies at home or in the feeder?,4
5816,we,0.0,0.1,0.1,we should prioritise customer sanitation in our service.,4
5816,should,0.1,0.2,0.1,we should prioritise customer sanitation in our service.,4
5816,prioritise,0.2,1.18,0.98,we should prioritise customer sanitation in our service.,4
5816,customer,1.18,1.64,0.45999999999999996,we should prioritise customer sanitation in our service.,4
5816,sanitation,1.64,2.46,0.8200000000000001,we should prioritise customer sanitation in our service.,4
5816,in,2.46,2.82,0.3599999999999999,we should prioritise customer sanitation in our service.,4
5816,our,2.82,3.0,0.18000000000000016,we should prioritise customer sanitation in our service.,4
5816,service.,3.0,3.52,0.52,we should prioritise customer sanitation in our service.,4
1156,the,0.0,0.1,0.1,the board improved final changes.,4
1156,board,0.1,0.36,0.26,the board improved final changes.,4
1156,improved,0.36,0.8,0.44000000000000006,the board improved final changes.,4
1156,final,0.8,1.2,0.3999999999999999,the board improved final changes.,4
1156,changes.,1.2,1.72,0.52,the board improved final changes.,4
8459,The,0.0,0.12,0.12,The rest John's ambulance enhances the dining experience.,4
8459,rest,0.12,0.3,0.18,The rest John's ambulance enhances the dining experience.,4
8459,John's,0.3,0.7,0.39999999999999997,The rest John's ambulance enhances the dining experience.,4
8459,ambulance,0.7,1.0,0.30000000000000004,The rest John's ambulance enhances the dining experience.,4
8459,enhances,1.0,1.58,0.5800000000000001,The rest John's ambulance enhances the dining experience.,4
8459,the,1.58,1.82,0.24,The rest John's ambulance enhances the dining experience.,4
8459,dining,1.82,2.04,0.21999999999999997,The rest John's ambulance enhances the dining experience.,4
8459,experience.,2.04,2.54,0.5,The rest John's ambulance enhances the dining experience.,4
2404,Proper,0.0,0.26,0.26,Proper maintenance extends equipment lifestyle.,4
2404,maintenance,0.26,0.88,0.62,Proper maintenance extends equipment lifestyle.,4
2404,extends,0.88,1.66,0.7799999999999999,Proper maintenance extends equipment lifestyle.,4
2404,equipment,1.66,2.26,0.5999999999999999,Proper maintenance extends equipment lifestyle.,4
2404,lifestyle.,2.26,2.78,0.52,Proper maintenance extends equipment lifestyle.,4
2957,to,0.0,0.12,0.12,to team achieve their objectives.,4
2957,team,0.12,0.3,0.18,to team achieve their objectives.,4
2957,achieve,0.3,0.62,0.32,to team achieve their objectives.,4
2957,their,0.62,0.82,0.19999999999999996,to team achieve their objectives.,4
2957,objectives.,0.82,1.42,0.6,to team achieve their objectives.,4
9618,They,0.0,0.16,0.16,They need to progress the forms.,4
9618,need,0.16,0.32,0.16,They need to progress the forms.,4
9618,to,0.32,0.5,0.18,They need to progress the forms.,4
9618,progress,0.5,0.86,0.36,They need to progress the forms.,4
9618,the,0.86,1.16,0.29999999999999993,They need to progress the forms.,4
9618,forms.,1.16,1.66,0.5,They need to progress the forms.,4
6502,The,0.0,0.12,0.12,The astrophysicist calculated the trajectory of the comet.,4
6502,astrophysicist,0.12,1.06,0.9400000000000001,The astrophysicist calculated the trajectory of the comet.,4
6502,calculated,1.06,1.46,0.3999999999999999,The astrophysicist calculated the trajectory of the comet.,4
6502,the,1.46,1.76,0.30000000000000004,The astrophysicist calculated the trajectory of the comet.,4
6502,trajectory,1.76,2.16,0.40000000000000013,The astrophysicist calculated the trajectory of the comet.,4
6502,of,2.16,2.48,0.31999999999999984,The astrophysicist calculated the trajectory of the comet.,4
6502,the,2.48,2.58,0.10000000000000009,The astrophysicist calculated the trajectory of the comet.,4
6502,comet.,2.58,2.78,0.19999999999999973,The astrophysicist calculated the trajectory of the comet.,4
1697,the,0.0,0.1,0.1,the split between department's call extension.,4
1697,split,0.1,0.34,0.24000000000000002,the split between department's call extension.,4
1697,between,0.34,0.68,0.34,the split between department's call extension.,4
1697,department's,0.68,1.34,0.66,the split between department's call extension.,4
1697,call,1.34,1.5,0.15999999999999992,the split between department's call extension.,4
1697,extension.,1.5,2.0,0.5,the split between department's call extension.,4
1044,Sign,0.0,0.36,0.36,Sign the subs of significant ranges.,4
1044,the,0.36,0.58,0.21999999999999997,Sign the subs of significant ranges.,4
1044,subs,0.58,0.88,0.30000000000000004,Sign the subs of significant ranges.,4
1044,of,0.88,1.08,0.20000000000000007,Sign the subs of significant ranges.,4
1044,significant,1.08,1.64,0.5599999999999998,Sign the subs of significant ranges.,4
1044,ranges.,1.64,2.26,0.6199999999999999,Sign the subs of significant ranges.,4
5142,The,0.0,0.98,0.98,The customer service representative resolved the tissue promptly.,4
5142,customer,0.98,1.42,0.43999999999999995,The customer service representative resolved the tissue promptly.,4
5142,service,1.42,1.9,0.48,The customer service representative resolved the tissue promptly.,4
5142,representative,1.9,2.78,0.8799999999999999,The customer service representative resolved the tissue promptly.,4
5142,resolved,2.78,3.28,0.5,The customer service representative resolved the tissue promptly.,4
5142,the,3.28,3.52,0.2400000000000002,The customer service representative resolved the tissue promptly.,4
5142,tissue,3.52,3.78,0.2599999999999998,The customer service representative resolved the tissue promptly.,4
5142,promptly.,3.78,4.3,0.52,The customer service representative resolved the tissue promptly.,4
4303,We,0.0,0.16,0.16,We need to spread the research team into groups.,4
4303,need,0.16,0.28,0.12000000000000002,We need to spread the research team into groups.,4
4303,to,0.28,0.44,0.15999999999999998,We need to spread the research team into groups.,4
4303,spread,0.44,0.64,0.2,We need to spread the research team into groups.,4
4303,the,0.64,0.86,0.21999999999999997,We need to spread the research team into groups.,4
4303,research,0.86,1.18,0.31999999999999995,We need to spread the research team into groups.,4
4303,team,1.18,1.54,0.3600000000000001,We need to spread the research team into groups.,4
4303,into,1.54,1.84,0.30000000000000004,We need to spread the research team into groups.,4
4303,groups.,1.84,2.22,0.3800000000000001,We need to spread the research team into groups.,4
1101,the,0.0,0.12,0.12,the conference focused on invitation.,4
1101,conference,0.12,0.56,0.44000000000000006,the conference focused on invitation.,4
1101,focused,0.56,1.06,0.5,the conference focused on invitation.,4
1101,on,1.06,1.42,0.3599999999999999,the conference focused on invitation.,4
1101,invitation.,1.42,1.86,0.44000000000000017,the conference focused on invitation.,4
3096,Please,0.0,0.22,0.22,Please review the contact carefully.,4
3096,review,0.22,0.58,0.36,Please review the contact carefully.,4
3096,the,0.58,0.72,0.14,Please review the contact carefully.,4
3096,contact,0.72,1.1,0.3800000000000001,Please review the contact carefully.,4
3096,carefully.,1.1,1.76,0.6599999999999999,Please review the contact carefully.,4
7755,The,0.0,0.08,0.08,The project manager protected the quarterly report.,4
7755,project,0.08,0.4,0.32,The project manager protected the quarterly report.,4
7755,manager,0.4,0.76,0.36,The project manager protected the quarterly report.,4
7755,protected,0.76,1.42,0.6599999999999999,The project manager protected the quarterly report.,4
7755,the,1.42,1.68,0.26,The project manager protected the quarterly report.,4
7755,quarterly,1.68,2.1,0.42000000000000015,The project manager protected the quarterly report.,4
7755,report.,2.1,2.72,0.6200000000000001,The project manager protected the quarterly report.,4
1681,the,0.0,0.1,0.1,the police retarded suspicious activity.,4
1681,police,0.1,0.36,0.26,the police retarded suspicious activity.,4
1681,retarded,0.36,0.78,0.42000000000000004,the police retarded suspicious activity.,4
1681,suspicious,0.78,1.18,0.3999999999999999,the police retarded suspicious activity.,4
1681,activity.,1.18,1.72,0.54,the police retarded suspicious activity.,4
6514,During,0.0,0.22,0.22,"During the concert, the guitarist played an impressive solo.",4
6514,the,0.22,0.38,0.16,"During the concert, the guitarist played an impressive solo.",4
6514,"concert,",0.38,0.8,0.42000000000000004,"During the concert, the guitarist played an impressive solo.",4
6514,the,0.98,1.04,0.06000000000000005,"During the concert, the guitarist played an impressive solo.",4
6514,guitarist,1.04,1.56,0.52,"During the concert, the guitarist played an impressive solo.",4
6514,played,1.56,1.78,0.21999999999999997,"During the concert, the guitarist played an impressive solo.",4
6514,an,1.78,1.96,0.17999999999999994,"During the concert, the guitarist played an impressive solo.",4
6514,impressive,1.96,2.4,0.43999999999999995,"During the concert, the guitarist played an impressive solo.",4
6514,solo.,2.4,2.88,0.48,"During the concert, the guitarist played an impressive solo.",4
7186,The,0.0,0.14,0.14,The patient symptoms suggest a rare autoimmune dysgosure.,4
7186,patient,0.14,0.52,0.38,The patient symptoms suggest a rare autoimmune dysgosure.,4
7186,symptoms,0.52,0.98,0.45999999999999996,The patient symptoms suggest a rare autoimmune dysgosure.,4
7186,suggest,0.98,1.44,0.45999999999999996,The patient symptoms suggest a rare autoimmune dysgosure.,4
7186,a,1.44,1.66,0.21999999999999997,The patient symptoms suggest a rare autoimmune dysgosure.,4
7186,rare,1.66,1.84,0.18000000000000016,The patient symptoms suggest a rare autoimmune dysgosure.,4
7186,autoimmune,1.84,2.34,0.4999999999999998,The patient symptoms suggest a rare autoimmune dysgosure.,4
7186,dysgosure.,2.34,3.12,0.7800000000000002,The patient symptoms suggest a rare autoimmune dysgosure.,4
1052,the,0.0,0.12,0.12,the scientist to term in the molecular structure.,4
1052,scientist,0.12,0.62,0.5,the scientist to term in the molecular structure.,4
1052,to,0.62,0.94,0.31999999999999995,the scientist to term in the molecular structure.,4
1052,term,0.94,1.26,0.32000000000000006,the scientist to term in the molecular structure.,4
1052,in,1.26,1.4,0.1399999999999999,the scientist to term in the molecular structure.,4
1052,the,1.4,1.5,0.10000000000000009,the scientist to term in the molecular structure.,4
1052,molecular,1.5,1.88,0.3799999999999999,the scientist to term in the molecular structure.,4
1052,structure.,1.88,2.56,0.6800000000000002,the scientist to term in the molecular structure.,4
3080,Could,0.0,0.18,0.18,Could you send the financial support by email?,4
3080,you,0.18,0.32,0.14,Could you send the financial support by email?,4
3080,send,0.32,0.52,0.2,Could you send the financial support by email?,4
3080,the,0.52,0.68,0.16000000000000003,Could you send the financial support by email?,4
3080,financial,0.68,1.18,0.4999999999999999,Could you send the financial support by email?,4
3080,support,1.18,1.6,0.42000000000000015,Could you send the financial support by email?,4
3080,by,1.6,1.86,0.26,Could you send the financial support by email?,4
3080,email?,1.86,2.16,0.30000000000000004,Could you send the financial support by email?,4
4315,We,0.0,0.14,0.14,We should project sensitive information.,4
4315,should,0.14,0.26,0.12,We should project sensitive information.,4
4315,project,0.26,0.56,0.30000000000000004,We should project sensitive information.,4
4315,sensitive,0.56,1.1,0.54,We should project sensitive information.,4
4315,information.,1.1,1.82,0.72,We should project sensitive information.,4
5154,The,0.0,0.12,0.12,The toddler loves playing with colorful building clocks.,4
5154,toddler,0.12,0.46,0.34,The toddler loves playing with colorful building clocks.,4
5154,loves,0.46,0.8,0.34,The toddler loves playing with colorful building clocks.,4
5154,playing,0.8,1.3,0.5,The toddler loves playing with colorful building clocks.,4
5154,with,1.3,1.6,0.30000000000000004,The toddler loves playing with colorful building clocks.,4
5154,colorful,1.6,1.96,0.3599999999999999,The toddler loves playing with colorful building clocks.,4
5154,building,1.96,2.64,0.6800000000000002,The toddler loves playing with colorful building clocks.,4
5154,clocks.,2.64,3.1,0.45999999999999996,The toddler loves playing with colorful building clocks.,4
8048,Can,0.0,0.12,0.12,Can you explain the concept of neural networks?,4
8048,you,0.12,0.28,0.16000000000000003,Can you explain the concept of neural networks?,4
8048,explain,0.28,0.62,0.33999999999999997,Can you explain the concept of neural networks?,4
8048,the,0.62,0.88,0.26,Can you explain the concept of neural networks?,4
8048,concept,0.88,1.28,0.4,Can you explain the concept of neural networks?,4
8048,of,1.28,1.58,0.30000000000000004,Can you explain the concept of neural networks?,4
8048,neural,1.58,1.86,0.28,Can you explain the concept of neural networks?,4
8048,networks?,1.86,2.28,0.4199999999999997,Can you explain the concept of neural networks?,4
3254,the,0.0,0.1,0.1,the project desires careful planning.,4
3254,project,0.1,0.4,0.30000000000000004,the project desires careful planning.,4
3254,desires,0.4,0.74,0.33999999999999997,the project desires careful planning.,4
3254,careful,0.74,1.16,0.41999999999999993,the project desires careful planning.,4
3254,planning.,1.16,1.6,0.44000000000000017,the project desires careful planning.,4
1286,they,0.0,0.14,0.14,they discuss the project slope.,4
1286,discuss,0.14,0.46,0.32,they discuss the project slope.,4
1286,the,0.46,0.66,0.2,they discuss the project slope.,4
1286,project,0.66,1.02,0.36,they discuss the project slope.,4
1286,slope.,1.02,1.38,0.3599999999999999,they discuss the project slope.,4
7352,These,0.0,0.16,0.16,These assure all safety protocols are followed strictly.,4
7352,assure,0.16,0.5,0.33999999999999997,These assure all safety protocols are followed strictly.,4
7352,all,0.5,0.76,0.26,These assure all safety protocols are followed strictly.,4
7352,safety,0.76,1.18,0.41999999999999993,These assure all safety protocols are followed strictly.,4
7352,protocols,1.18,1.72,0.54,These assure all safety protocols are followed strictly.,4
7352,are,1.72,1.98,0.26,These assure all safety protocols are followed strictly.,4
7352,followed,1.98,2.38,0.3999999999999999,These assure all safety protocols are followed strictly.,4
7352,strictly.,2.38,2.86,0.48,These assure all safety protocols are followed strictly.,4
1005,The,0.0,0.12,0.12,The committee approved the budget plan.,4
1005,committee,0.12,0.64,0.52,The committee approved the budget plan.,4
1005,approved,0.64,1.38,0.7399999999999999,The committee approved the budget plan.,4
1005,the,1.38,1.58,0.20000000000000018,The committee approved the budget plan.,4
1005,budget,1.58,1.96,0.3799999999999999,The committee approved the budget plan.,4
1005,plan.,1.96,2.42,0.45999999999999996,The committee approved the budget plan.,4
1455,Please,0.0,0.12,0.12,Please submit your application by redline.,4
1455,submit,0.12,0.38,0.26,Please submit your application by redline.,4
1455,your,0.38,0.52,0.14,Please submit your application by redline.,4
1455,application,0.52,0.96,0.43999999999999995,Please submit your application by redline.,4
1455,by,0.96,1.18,0.21999999999999997,Please submit your application by redline.,4
1455,redline.,1.18,1.58,0.40000000000000013,Please submit your application by redline.,4
1906,The,0.0,0.14,0.14,The corporation's physical policy remains unchanged.,4
1906,corporation's,0.14,1.14,0.9999999999999999,The corporation's physical policy remains unchanged.,4
1906,physical,1.14,1.56,0.42000000000000015,The corporation's physical policy remains unchanged.,4
1906,policy,1.56,2.24,0.6800000000000002,The corporation's physical policy remains unchanged.,4
1906,remains,2.24,3.0,0.7599999999999998,The corporation's physical policy remains unchanged.,4
1906,unchanged.,3.0,3.96,0.96,The corporation's physical policy remains unchanged.,4
7581,We,0.0,0.1,0.1,We need to optimize our supply chain proficiency.,4
7581,need,0.1,0.2,0.1,We need to optimize our supply chain proficiency.,4
7581,to,0.2,0.34,0.14,We need to optimize our supply chain proficiency.,4
7581,optimize,0.34,0.74,0.39999999999999997,We need to optimize our supply chain proficiency.,4
7581,our,0.74,1.02,0.28,We need to optimize our supply chain proficiency.,4
7581,supply,1.02,1.28,0.26,We need to optimize our supply chain proficiency.,4
7581,chain,1.28,1.58,0.30000000000000004,We need to optimize our supply chain proficiency.,4
7581,proficiency.,1.58,2.2,0.6200000000000001,We need to optimize our supply chain proficiency.,4
3487,They,0.0,0.12,0.12,They improved production deficiency.,4
3487,improved,0.12,0.48,0.36,They improved production deficiency.,4
3487,production,0.48,1.06,0.5800000000000001,They improved production deficiency.,4
3487,deficiency.,1.06,1.76,0.7,They improved production deficiency.,4
698,The,0.0,0.12,0.12,The conference preparation received positive feedback.,4
698,conference,0.12,0.5,0.38,The conference preparation received positive feedback.,4
698,preparation,0.5,1.18,0.6799999999999999,The conference preparation received positive feedback.,4
698,received,1.18,1.5,0.32000000000000006,The conference preparation received positive feedback.,4
698,positive,1.5,1.96,0.45999999999999996,The conference preparation received positive feedback.,4
698,feedback.,1.96,2.38,0.41999999999999993,The conference preparation received positive feedback.,4
6304,more,0.0,0.18,0.18,more massed if we could pick up some silk on our way home.,4
6304,massed,0.18,0.6,0.42,more massed if we could pick up some silk on our way home.,4
6304,if,0.6,0.66,0.06000000000000005,more massed if we could pick up some silk on our way home.,4
6304,we,0.66,0.76,0.09999999999999998,more massed if we could pick up some silk on our way home.,4
6304,could,0.76,0.9,0.14,more massed if we could pick up some silk on our way home.,4
6304,pick,0.9,1.08,0.18000000000000005,more massed if we could pick up some silk on our way home.,4
6304,up,1.08,1.24,0.15999999999999992,more massed if we could pick up some silk on our way home.,4
6304,some,1.24,1.48,0.24,more massed if we could pick up some silk on our way home.,4
6304,silk,1.48,1.74,0.26,more massed if we could pick up some silk on our way home.,4
6304,on,1.74,1.86,0.1200000000000001,more massed if we could pick up some silk on our way home.,4
6304,our,1.86,1.98,0.11999999999999988,more massed if we could pick up some silk on our way home.,4
6304,way,1.98,2.16,0.18000000000000016,more massed if we could pick up some silk on our way home.,4
6304,home.,2.16,2.44,0.2799999999999998,more massed if we could pick up some silk on our way home.,4
3043,We,0.0,0.14,0.14,We must consider the ergonomic impact of this decision.,4
3043,must,0.14,0.34,0.2,We must consider the ergonomic impact of this decision.,4
3043,consider,0.34,0.9,0.56,We must consider the ergonomic impact of this decision.,4
3043,the,0.9,1.16,0.2599999999999999,We must consider the ergonomic impact of this decision.,4
3043,ergonomic,1.16,1.8,0.6400000000000001,We must consider the ergonomic impact of this decision.,4
3043,impact,1.8,2.26,0.45999999999999974,We must consider the ergonomic impact of this decision.,4
3043,of,2.26,2.6,0.3400000000000003,We must consider the ergonomic impact of this decision.,4
3043,this,2.6,2.86,0.2599999999999998,We must consider the ergonomic impact of this decision.,4
3043,decision.,2.86,3.42,0.56,We must consider the ergonomic impact of this decision.,4
5197,the,0.0,0.12,0.12,the psychologist specialised in cognitive behavioural therapist.,4
5197,psychologist,0.12,0.58,0.45999999999999996,the psychologist specialised in cognitive behavioural therapist.,4
5197,specialised,0.58,1.24,0.66,the psychologist specialised in cognitive behavioural therapist.,4
5197,in,1.24,1.34,0.10000000000000009,the psychologist specialised in cognitive behavioural therapist.,4
5197,cognitive,1.34,1.62,0.28,the psychologist specialised in cognitive behavioural therapist.,4
5197,behavioural,1.62,2.22,0.6000000000000001,the psychologist specialised in cognitive behavioural therapist.,4
5197,therapist.,2.22,2.66,0.43999999999999995,the psychologist specialised in cognitive behavioural therapist.,4
3297,They,0.0,0.12,0.12,They will regard the meeting minutes tomorrow.,4
3297,will,0.12,0.22,0.1,They will regard the meeting minutes tomorrow.,4
3297,regard,0.22,0.48,0.26,They will regard the meeting minutes tomorrow.,4
3297,the,0.48,0.7,0.21999999999999997,They will regard the meeting minutes tomorrow.,4
3297,meeting,0.7,0.96,0.26,They will regard the meeting minutes tomorrow.,4
3297,minutes,0.96,1.34,0.3800000000000001,They will regard the meeting minutes tomorrow.,4
3297,tomorrow.,1.34,1.64,0.2999999999999998,They will regard the meeting minutes tomorrow.,4
1245,the,0.0,0.12,0.12,the architect designed sustainable guildings.,4
1245,architect,0.12,0.56,0.44000000000000006,the architect designed sustainable guildings.,4
1245,designed,0.56,1.24,0.6799999999999999,the architect designed sustainable guildings.,4
1245,sustainable,1.24,2.0,0.76,the architect designed sustainable guildings.,4
1245,guildings.,2.0,2.86,0.8599999999999999,the architect designed sustainable guildings.,4
7811,How,0.0,0.12,0.12,How will climate change affect global architecture?,4
7811,will,0.12,0.22,0.1,How will climate change affect global architecture?,4
7811,climate,0.22,0.58,0.36,How will climate change affect global architecture?,4
7811,change,0.58,0.9,0.32000000000000006,How will climate change affect global architecture?,4
7811,affect,0.9,1.26,0.36,How will climate change affect global architecture?,4
7811,global,1.26,1.62,0.3600000000000001,How will climate change affect global architecture?,4
7811,architecture?,1.62,2.28,0.6599999999999997,How will climate change affect global architecture?,4
5590,The,0.0,0.1,0.1,The mitochondria is the powerhouse of the shell.,4
5590,mitochondria,0.1,0.82,0.72,The mitochondria is the powerhouse of the shell.,4
5590,is,0.82,1.1,0.28000000000000014,The mitochondria is the powerhouse of the shell.,4
5590,the,1.1,1.22,0.11999999999999988,The mitochondria is the powerhouse of the shell.,4
5590,powerhouse,1.22,1.68,0.45999999999999996,The mitochondria is the powerhouse of the shell.,4
5590,of,1.68,1.82,0.14000000000000012,The mitochondria is the powerhouse of the shell.,4
5590,the,1.82,1.92,0.09999999999999987,The mitochondria is the powerhouse of the shell.,4
5590,shell.,1.92,2.18,0.26000000000000023,The mitochondria is the powerhouse of the shell.,4
8658,The,0.0,0.1,0.1,The therapist helped the patient overcome his anxiety disorder.,4
8658,therapist,0.1,0.46,0.36,The therapist helped the patient overcome his anxiety disorder.,4
8658,helped,0.46,0.8,0.34,The therapist helped the patient overcome his anxiety disorder.,4
8658,the,0.8,0.94,0.1399999999999999,The therapist helped the patient overcome his anxiety disorder.,4
8658,patient,0.94,1.3,0.3600000000000001,The therapist helped the patient overcome his anxiety disorder.,4
8658,overcome,1.3,1.76,0.45999999999999996,The therapist helped the patient overcome his anxiety disorder.,4
8658,his,1.76,2.1,0.3400000000000001,The therapist helped the patient overcome his anxiety disorder.,4
8658,anxiety,2.1,2.52,0.41999999999999993,The therapist helped the patient overcome his anxiety disorder.,4
8658,disorder.,2.52,3.02,0.5,The therapist helped the patient overcome his anxiety disorder.,4
1183,We,0.0,0.1,0.1,We should improve determination.,4
1183,should,0.1,0.26,0.16,We should improve determination.,4
1183,improve,0.26,0.58,0.31999999999999995,We should improve determination.,4
1183,determination.,0.58,1.18,0.6,We should improve determination.,4
1029,students,0.0,0.46,0.46,students presented their research bindings.,4
1029,presented,0.46,1.16,0.7,students presented their research bindings.,4
1029,their,1.16,1.42,0.26,students presented their research bindings.,4
1029,research,1.42,1.9,0.48,students presented their research bindings.,4
1029,bindings.,1.9,2.76,0.8599999999999999,students presented their research bindings.,4
5355,What,0.0,0.18,0.18,What strategies can businesses employ to enhance customer royalty?,4
5355,strategies,0.18,0.68,0.5,What strategies can businesses employ to enhance customer royalty?,4
5355,can,0.68,1.04,0.36,What strategies can businesses employ to enhance customer royalty?,4
5355,businesses,1.04,1.6,0.56,What strategies can businesses employ to enhance customer royalty?,4
5355,employ,1.6,2.06,0.45999999999999996,What strategies can businesses employ to enhance customer royalty?,4
5355,to,2.06,2.3,0.23999999999999977,What strategies can businesses employ to enhance customer royalty?,4
5355,enhance,2.3,2.54,0.2400000000000002,What strategies can businesses employ to enhance customer royalty?,4
5355,customer,2.54,3.14,0.6000000000000001,What strategies can businesses employ to enhance customer royalty?,4
5355,royalty?,3.14,3.64,0.5,What strategies can businesses employ to enhance customer royalty?,4
1195,They,0.0,0.14,0.14,They must permit the final report tomorrow.,4
1195,must,0.14,0.3,0.15999999999999998,They must permit the final report tomorrow.,4
1195,permit,0.3,0.54,0.24000000000000005,They must permit the final report tomorrow.,4
1195,the,0.54,0.7,0.15999999999999992,They must permit the final report tomorrow.,4
1195,final,0.7,0.94,0.24,They must permit the final report tomorrow.,4
1195,report,0.94,1.32,0.3800000000000001,They must permit the final report tomorrow.,4
1195,tomorrow.,1.32,1.72,0.3999999999999999,They must permit the final report tomorrow.,4
2613,The,0.0,0.08,0.08,The study produced remarkable results.,4
2613,study,0.08,0.4,0.32,The study produced remarkable results.,4
2613,produced,0.4,0.9,0.5,The study produced remarkable results.,4
2613,remarkable,0.9,1.4,0.4999999999999999,The study produced remarkable results.,4
2613,results.,1.4,1.96,0.56,The study produced remarkable results.,4
5586,The,0.0,0.1,0.1,The company is focusing on digital innovation.,4
5586,company,0.1,0.58,0.48,The company is focusing on digital innovation.,4
5586,is,0.58,0.92,0.3400000000000001,The company is focusing on digital innovation.,4
5586,focusing,0.92,1.36,0.44000000000000006,The company is focusing on digital innovation.,4
5586,on,1.36,1.76,0.3999999999999999,The company is focusing on digital innovation.,4
5586,digital,1.76,2.24,0.4800000000000002,The company is focusing on digital innovation.,4
5586,innovation.,2.24,2.98,0.7399999999999998,The company is focusing on digital innovation.,4
5752,What's,0.0,0.28,0.28,What's the current exchange rate for gyros?,4
5752,the,0.28,0.38,0.09999999999999998,What's the current exchange rate for gyros?,4
5752,current,0.38,0.62,0.24,What's the current exchange rate for gyros?,4
5752,exchange,0.62,1.04,0.42000000000000004,What's the current exchange rate for gyros?,4
5752,rate,1.04,1.44,0.3999999999999999,What's the current exchange rate for gyros?,4
5752,for,1.44,1.68,0.24,What's the current exchange rate for gyros?,4
5752,gyros?,1.68,2.26,0.5799999999999998,What's the current exchange rate for gyros?,4
3686,the,0.0,0.12,0.12,the system deflects a potential threat.,4
3686,system,0.12,0.48,0.36,the system deflects a potential threat.,4
3686,deflects,0.48,1.14,0.6599999999999999,the system deflects a potential threat.,4
3686,a,1.14,1.14,0.0,the system deflects a potential threat.,4
3686,potential,1.14,1.5,0.3600000000000001,the system deflects a potential threat.,4
3686,threat.,1.5,1.82,0.32000000000000006,the system deflects a potential threat.,4
2994,the,0.0,0.12,0.12,the Border Proof Strategic Planning Incentives.,4
2994,Border,0.12,0.4,0.28,the Border Proof Strategic Planning Incentives.,4
2994,Proof,0.4,0.74,0.33999999999999997,the Border Proof Strategic Planning Incentives.,4
2994,Strategic,0.74,1.16,0.41999999999999993,the Border Proof Strategic Planning Incentives.,4
2994,Planning,1.16,1.66,0.5,the Border Proof Strategic Planning Incentives.,4
2994,Incentives.,1.66,2.6,0.9400000000000002,the Border Proof Strategic Planning Incentives.,4
1654,The,0.0,0.12,0.12,The patient showed remarkable recovery process.,4
1654,patient,0.12,0.42,0.3,The patient showed remarkable recovery process.,4
1654,showed,0.42,0.66,0.24000000000000005,The patient showed remarkable recovery process.,4
1654,remarkable,0.66,1.04,0.38,The patient showed remarkable recovery process.,4
1654,recovery,1.04,1.46,0.41999999999999993,The patient showed remarkable recovery process.,4
1654,process.,1.46,1.92,0.45999999999999996,The patient showed remarkable recovery process.,4
7780,Could,0.0,0.16,0.16,Could you please forward the email to the backing team?,4
7780,you,0.16,0.3,0.13999999999999999,Could you please forward the email to the backing team?,4
7780,please,0.3,0.56,0.26000000000000006,Could you please forward the email to the backing team?,4
7780,forward,0.56,0.94,0.3799999999999999,Could you please forward the email to the backing team?,4
7780,the,0.94,1.18,0.24,Could you please forward the email to the backing team?,4
7780,email,1.18,1.44,0.26,Could you please forward the email to the backing team?,4
7780,to,1.44,1.64,0.19999999999999996,Could you please forward the email to the backing team?,4
7780,the,1.64,1.72,0.08000000000000007,Could you please forward the email to the backing team?,4
7780,backing,1.72,1.98,0.26,Could you please forward the email to the backing team?,4
7780,team?,1.98,2.34,0.3599999999999999,Could you please forward the email to the backing team?,4
6892,Have,0.0,0.16,0.16,Have you updated your antivirus hardware?,4
6892,you,0.16,0.24,0.07999999999999999,Have you updated your antivirus hardware?,4
6892,updated,0.24,0.6,0.36,Have you updated your antivirus hardware?,4
6892,your,0.6,0.84,0.24,Have you updated your antivirus hardware?,4
6892,antivirus,0.84,1.4,0.5599999999999999,Have you updated your antivirus hardware?,4
6892,hardware?,1.4,1.82,0.42000000000000015,Have you updated your antivirus hardware?,4
1087,she,0.0,0.2,0.2,she conducted extensive research stories.,4
1087,conducted,0.2,0.68,0.48000000000000004,she conducted extensive research stories.,4
1087,extensive,0.68,1.26,0.58,she conducted extensive research stories.,4
1087,research,1.26,1.68,0.41999999999999993,she conducted extensive research stories.,4
1087,stories.,1.68,2.22,0.5400000000000003,she conducted extensive research stories.,4
6312,The,0.0,0.12,0.12,The chef expertly filleted the fish with the main course.,4
6312,chef,0.12,0.38,0.26,The chef expertly filleted the fish with the main course.,4
6312,expertly,0.38,1.14,0.7599999999999999,The chef expertly filleted the fish with the main course.,4
6312,filleted,1.14,1.58,0.44000000000000017,The chef expertly filleted the fish with the main course.,4
6312,the,1.58,1.74,0.15999999999999992,The chef expertly filleted the fish with the main course.,4
6312,fish,1.74,1.96,0.21999999999999997,The chef expertly filleted the fish with the main course.,4
6312,with,1.96,2.12,0.16000000000000014,The chef expertly filleted the fish with the main course.,4
6312,the,2.12,2.28,0.1599999999999997,The chef expertly filleted the fish with the main course.,4
6312,main,2.28,2.4,0.1200000000000001,The chef expertly filleted the fish with the main course.,4
6312,course.,2.4,2.72,0.3200000000000003,The chef expertly filleted the fish with the main course.,4
118,We,0.0,0.34,0.34,We need to analyze the market resource.,4
118,need,0.34,0.48,0.13999999999999996,We need to analyze the market resource.,4
118,to,0.48,0.62,0.14,We need to analyze the market resource.,4
118,analyze,0.62,0.98,0.36,We need to analyze the market resource.,4
118,the,0.98,1.26,0.28,We need to analyze the market resource.,4
118,market,1.26,1.56,0.30000000000000004,We need to analyze the market resource.,4
118,resource.,1.56,1.98,0.41999999999999993,We need to analyze the market resource.,4
5181,Schicksell,0.0,0.6,0.6,Schicksell in both academics and aesthetics.,4
5181,in,0.6,0.94,0.33999999999999997,Schicksell in both academics and aesthetics.,4
5181,both,0.94,1.2,0.26,Schicksell in both academics and aesthetics.,4
5181,academics,1.2,1.78,0.5800000000000001,Schicksell in both academics and aesthetics.,4
5181,and,1.78,2.14,0.3600000000000001,Schicksell in both academics and aesthetics.,4
5181,aesthetics.,2.14,2.66,0.52,Schicksell in both academics and aesthetics.,4
9008,The,0.0,0.12,0.12,The report provides valuable insights.,4
9008,report,0.12,0.52,0.4,The report provides valuable insights.,4
9008,provides,0.52,1.12,0.6000000000000001,The report provides valuable insights.,4
9008,valuable,1.12,1.78,0.6599999999999999,The report provides valuable insights.,4
9008,insights.,1.78,2.48,0.7,The report provides valuable insights.,4
1068,She,0.0,0.14,0.14,She will prevent her findings next week.,4
1068,will,0.14,0.26,0.12,She will prevent her findings next week.,4
1068,prevent,0.26,0.5,0.24,She will prevent her findings next week.,4
1068,her,0.5,0.72,0.21999999999999997,She will prevent her findings next week.,4
1068,findings,0.72,1.1,0.3800000000000001,She will prevent her findings next week.,4
1068,next,1.1,1.44,0.33999999999999986,She will prevent her findings next week.,4
1068,week.,1.44,1.78,0.3400000000000001,She will prevent her findings next week.,4
3055,We,0.0,0.14,0.14,We need to procure the premises.,4
3055,need,0.14,0.26,0.12,We need to procure the premises.,4
3055,to,0.26,0.48,0.21999999999999997,We need to procure the premises.,4
3055,procure,0.48,0.78,0.30000000000000004,We need to procure the premises.,4
3055,the,0.78,0.96,0.17999999999999994,We need to procure the premises.,4
3055,premises.,0.96,1.4,0.43999999999999995,We need to procure the premises.,4
9585,The,0.0,0.1,0.1,The scientists examined the cork samples from the glacier.,4
9585,scientists,0.1,0.48,0.38,The scientists examined the cork samples from the glacier.,4
9585,examined,0.48,0.98,0.5,The scientists examined the cork samples from the glacier.,4
9585,the,0.98,1.22,0.24,The scientists examined the cork samples from the glacier.,4
9585,cork,1.22,1.58,0.3600000000000001,The scientists examined the cork samples from the glacier.,4
9585,samples,1.58,1.94,0.3599999999999999,The scientists examined the cork samples from the glacier.,4
9585,from,1.94,2.28,0.33999999999999986,The scientists examined the cork samples from the glacier.,4
9585,the,2.28,2.44,0.16000000000000014,The scientists examined the cork samples from the glacier.,4
9585,glacier.,2.44,2.86,0.41999999999999993,The scientists examined the cork samples from the glacier.,4
883,the,0.0,0.14,0.14,the research team punished their findings.,4
883,research,0.14,0.5,0.36,the research team punished their findings.,4
883,team,0.5,0.86,0.36,the research team punished their findings.,4
883,punished,0.86,1.24,0.38,the research team punished their findings.,4
883,their,1.24,1.48,0.24,the research team punished their findings.,4
883,findings.,1.48,1.94,0.45999999999999996,the research team punished their findings.,4
2799,The,0.0,0.12,0.12,The research team punished our findings last week.,4
2799,research,0.12,0.38,0.26,The research team punished our findings last week.,4
2799,team,0.38,0.68,0.30000000000000004,The research team punished our findings last week.,4
2799,punished,0.68,1.02,0.33999999999999997,The research team punished our findings last week.,4
2799,our,1.02,1.2,0.17999999999999994,The research team punished our findings last week.,4
2799,findings,1.2,1.56,0.3600000000000001,The research team punished our findings last week.,4
2799,last,1.56,1.86,0.30000000000000004,The research team punished our findings last week.,4
2799,week.,1.86,2.16,0.30000000000000004,The research team punished our findings last week.,4
9356,We,0.0,0.1,0.1,We must ensure proper procedures.,4
9356,must,0.1,0.32,0.22,We must ensure proper procedures.,4
9356,ensure,0.32,0.7,0.37999999999999995,We must ensure proper procedures.,4
9356,proper,0.7,1.2,0.5,We must ensure proper procedures.,4
9356,procedures.,1.2,1.9,0.7,We must ensure proper procedures.,4
9182,She,0.0,0.22,0.22,She completed the alignment early.,4
9182,completed,0.22,0.8,0.5800000000000001,She completed the alignment early.,4
9182,the,0.8,1.0,0.19999999999999996,She completed the alignment early.,4
9182,alignment,1.0,1.36,0.3600000000000001,She completed the alignment early.,4
9182,early.,1.36,1.84,0.48,She completed the alignment early.,4
8510,She's,0.0,0.26,0.26,She's allergic to shellfish so we need to be careful with the venue.,4
8510,allergic,0.26,0.54,0.28,She's allergic to shellfish so we need to be careful with the venue.,4
8510,to,0.54,0.86,0.31999999999999995,She's allergic to shellfish so we need to be careful with the venue.,4
8510,shellfish,0.86,1.28,0.42000000000000004,She's allergic to shellfish so we need to be careful with the venue.,4
8510,so,1.28,1.84,0.56,She's allergic to shellfish so we need to be careful with the venue.,4
8510,we,1.84,1.98,0.1399999999999999,She's allergic to shellfish so we need to be careful with the venue.,4
8510,need,1.98,2.06,0.08000000000000007,She's allergic to shellfish so we need to be careful with the venue.,4
8510,to,2.06,2.2,0.14000000000000012,She's allergic to shellfish so we need to be careful with the venue.,4
8510,be,2.2,2.28,0.07999999999999963,She's allergic to shellfish so we need to be careful with the venue.,4
8510,careful,2.28,2.6,0.3200000000000003,She's allergic to shellfish so we need to be careful with the venue.,4
8510,with,2.6,2.8,0.19999999999999973,She's allergic to shellfish so we need to be careful with the venue.,4
8510,the,2.8,2.88,0.08000000000000007,She's allergic to shellfish so we need to be careful with the venue.,4
8510,venue.,2.88,3.14,0.26000000000000023,She's allergic to shellfish so we need to be careful with the venue.,4
9751,the,0.0,0.1,0.1,the nudge reviewed the case.,4
9751,nudge,0.1,0.34,0.24000000000000002,the nudge reviewed the case.,4
9751,reviewed,0.34,0.58,0.23999999999999994,the nudge reviewed the case.,4
9751,the,0.58,0.78,0.20000000000000007,the nudge reviewed the case.,4
9751,case.,0.78,1.02,0.24,the nudge reviewed the case.,4
2388,The,0.0,0.1,0.1,The financial analysis shows positive growth friends.,4
2388,financial,0.1,0.78,0.68,The financial analysis shows positive growth friends.,4
2388,analysis,0.78,1.42,0.6399999999999999,The financial analysis shows positive growth friends.,4
2388,shows,1.42,1.84,0.42000000000000015,The financial analysis shows positive growth friends.,4
2388,positive,1.84,2.4,0.5599999999999998,The financial analysis shows positive growth friends.,4
2388,growth,2.4,2.72,0.3200000000000003,The financial analysis shows positive growth friends.,4
2388,friends.,2.72,3.2,0.48,The financial analysis shows positive growth friends.,4
2808,We,0.0,0.1,0.1,We need to improve customer satisfaction dates.,4
2808,need,0.1,0.2,0.1,We need to improve customer satisfaction dates.,4
2808,to,0.2,0.36,0.15999999999999998,We need to improve customer satisfaction dates.,4
2808,improve,0.36,0.64,0.28,We need to improve customer satisfaction dates.,4
2808,customer,0.64,1.08,0.44000000000000006,We need to improve customer satisfaction dates.,4
2808,satisfaction,1.08,1.58,0.5,We need to improve customer satisfaction dates.,4
2808,dates.,1.58,2.18,0.6000000000000001,We need to improve customer satisfaction dates.,4
712,We,0.0,0.2,0.2,We need to indicate these results.,4
712,need,0.2,0.42,0.21999999999999997,We need to indicate these results.,4
712,to,0.42,0.7,0.27999999999999997,We need to indicate these results.,4
712,indicate,0.7,1.24,0.54,We need to indicate these results.,4
712,these,1.24,1.72,0.48,We need to indicate these results.,4
712,results.,1.72,2.28,0.5599999999999998,We need to indicate these results.,4
9747,Please,0.0,0.2,0.2,Please forfeit the document.,4
9747,forfeit,0.2,0.74,0.54,Please forfeit the document.,4
9747,the,0.74,0.84,0.09999999999999998,Please forfeit the document.,4
9747,document.,0.84,1.2,0.36,Please forfeit the document.,4
6689,how,0.0,0.16,0.16,how there's Neural plus to St contributor earning.,4
6689,there's,0.16,0.42,0.26,how there's Neural plus to St contributor earning.,4
6689,Neural,0.42,0.76,0.34,how there's Neural plus to St contributor earning.,4
6689,plus,0.76,1.06,0.30000000000000004,how there's Neural plus to St contributor earning.,4
6689,to,1.06,1.28,0.21999999999999997,how there's Neural plus to St contributor earning.,4
6689,St,1.28,1.5,0.21999999999999997,how there's Neural plus to St contributor earning.,4
6689,contributor,1.5,2.14,0.6400000000000001,how there's Neural plus to St contributor earning.,4
6689,earning.,2.14,2.7,0.56,how there's Neural plus to St contributor earning.,4
8101,the,0.0,0.14,0.14,the actor forgot his mind during the performance.,4
8101,actor,0.14,0.46,0.32,the actor forgot his mind during the performance.,4
8101,forgot,0.46,0.84,0.37999999999999995,the actor forgot his mind during the performance.,4
8101,his,0.84,1.12,0.28000000000000014,the actor forgot his mind during the performance.,4
8101,mind,1.12,1.4,0.2799999999999998,the actor forgot his mind during the performance.,4
8101,during,1.4,1.8,0.40000000000000013,the actor forgot his mind during the performance.,4
8101,the,1.8,1.98,0.17999999999999994,the actor forgot his mind during the performance.,4
8101,performance.,1.98,2.46,0.48,the actor forgot his mind during the performance.,4
315,the,0.0,0.12,0.12,the software update includes bug picks.,4
315,software,0.12,0.5,0.38,the software update includes bug picks.,4
315,update,0.5,0.88,0.38,the software update includes bug picks.,4
315,includes,0.88,1.3,0.42000000000000004,the software update includes bug picks.,4
315,bug,1.3,1.54,0.24,the software update includes bug picks.,4
315,picks.,1.54,1.82,0.28,the software update includes bug picks.,4
1137,She,0.0,0.26,0.26,She perceives an ODA message yesterday.,4
1137,perceives,0.26,0.72,0.45999999999999996,She perceives an ODA message yesterday.,4
1137,an,0.72,0.86,0.14,She perceives an ODA message yesterday.,4
1137,ODA,0.86,1.02,0.16000000000000003,She perceives an ODA message yesterday.,4
1137,message,1.02,1.34,0.32000000000000006,She perceives an ODA message yesterday.,4
1137,yesterday.,1.34,1.94,0.5999999999999999,She perceives an ODA message yesterday.,4
102,The,0.0,0.14,0.14,The students completed their alignments.,4
102,students,0.14,0.54,0.4,The students completed their alignments.,4
102,completed,0.54,1.3,0.76,The students completed their alignments.,4
102,their,1.3,1.62,0.32000000000000006,The students completed their alignments.,4
102,alignments.,1.62,2.5,0.8799999999999999,The students completed their alignments.,4
1072,they,0.0,0.12,0.12,they will contact the survey next month.,4
1072,will,0.12,0.22,0.1,they will contact the survey next month.,4
1072,contact,0.22,0.72,0.5,they will contact the survey next month.,4
1072,the,0.72,1.08,0.3600000000000001,they will contact the survey next month.,4
1072,survey,1.08,1.52,0.43999999999999995,they will contact the survey next month.,4
1072,next,1.52,1.82,0.30000000000000004,they will contact the survey next month.,4
1072,month.,1.82,2.1,0.28,they will contact the survey next month.,4
9784,The,0.0,0.1,0.1,The developers makes the critical bug.,4
9784,developers,0.1,0.54,0.44000000000000006,The developers makes the critical bug.,4
9784,makes,0.54,0.86,0.31999999999999995,The developers makes the critical bug.,4
9784,the,0.86,1.08,0.22000000000000008,The developers makes the critical bug.,4
9784,critical,1.08,1.4,0.31999999999999984,The developers makes the critical bug.,4
9784,bug.,1.4,1.74,0.3400000000000001,The developers makes the critical bug.,4
2598,We,0.0,0.12,0.12,We should determine the test results carefully.,4
2598,should,0.12,0.3,0.18,We should determine the test results carefully.,4
2598,determine,0.3,0.76,0.46,We should determine the test results carefully.,4
2598,the,0.76,0.96,0.19999999999999996,We should determine the test results carefully.,4
2598,test,0.96,1.22,0.26,We should determine the test results carefully.,4
2598,results,1.22,1.62,0.40000000000000013,We should determine the test results carefully.,4
2598,carefully.,1.62,2.2,0.5800000000000001,We should determine the test results carefully.,4
9546,The,0.0,0.12,0.12,The document was renewed.,4
9546,document,0.12,0.64,0.52,The document was renewed.,4
9546,was,0.64,0.94,0.29999999999999993,The document was renewed.,4
9546,renewed.,0.94,1.32,0.3800000000000001,The document was renewed.,4
3848,The,0.0,0.1,0.1,The program includes practical expenses.,4
3848,program,0.1,0.54,0.44000000000000006,The program includes practical expenses.,4
3848,includes,0.54,1.08,0.54,The program includes practical expenses.,4
3848,practical,1.08,1.62,0.54,The program includes practical expenses.,4
3848,expenses.,1.62,2.44,0.8199999999999998,The program includes practical expenses.,4
1199,we,0.0,0.14,0.14,we should consider all plausible outcomes.,4
1199,should,0.14,0.34,0.2,we should consider all plausible outcomes.,4
1199,consider,0.34,0.84,0.49999999999999994,we should consider all plausible outcomes.,4
1199,all,0.84,1.14,0.29999999999999993,we should consider all plausible outcomes.,4
1199,plausible,1.14,1.42,0.28,we should consider all plausible outcomes.,4
1199,outcomes.,1.42,2.12,0.7000000000000002,we should consider all plausible outcomes.,4
9395,the,0.0,0.1,0.1,the scientists conducted basic free search.,4
9395,scientists,0.1,0.5,0.4,the scientists conducted basic free search.,4
9395,conducted,0.5,1.1,0.6000000000000001,the scientists conducted basic free search.,4
9395,basic,1.1,1.58,0.48,the scientists conducted basic free search.,4
9395,free,1.58,1.9,0.31999999999999984,the scientists conducted basic free search.,4
9395,search.,1.9,2.26,0.3599999999999999,the scientists conducted basic free search.,4
2189,their,0.0,0.14,0.14,their monitored system performance.,4
2189,monitored,0.14,0.42,0.27999999999999997,their monitored system performance.,4
2189,system,0.42,0.82,0.39999999999999997,their monitored system performance.,4
2189,performance.,0.82,1.36,0.5400000000000001,their monitored system performance.,4
4289,The,0.0,0.1,0.1,The company's market spare is declining.,4
4289,company's,0.1,0.62,0.52,The company's market spare is declining.,4
4289,market,0.62,0.92,0.30000000000000004,The company's market spare is declining.,4
4289,spare,0.92,1.36,0.44000000000000006,The company's market spare is declining.,4
4289,is,1.36,1.68,0.31999999999999984,The company's market spare is declining.,4
4289,declining.,1.68,2.12,0.44000000000000017,The company's market spare is declining.,4
9141,The,0.0,0.14,0.14,The waiter needs testing.,4
9141,waiter,0.14,0.32,0.18,The waiter needs testing.,4
9141,needs,0.32,0.5,0.18,The waiter needs testing.,4
9141,testing.,0.5,0.98,0.48,The waiter needs testing.,4
1064,the,0.0,0.1,0.1,the team received their annual targets.,4
1064,team,0.1,0.34,0.24000000000000002,the team received their annual targets.,4
1064,received,0.34,0.72,0.37999999999999995,the team received their annual targets.,4
1064,their,0.72,1.04,0.32000000000000006,the team received their annual targets.,4
1064,annual,1.04,1.3,0.26,the team received their annual targets.,4
1064,targets.,1.3,1.92,0.6199999999999999,the team received their annual targets.,4
6488,The,0.0,0.52,0.52,The meteorologist predicted a severe thunderstorm for the evening.,4
6488,meteorologist,0.52,1.1,0.5800000000000001,The meteorologist predicted a severe thunderstorm for the evening.,4
6488,predicted,1.1,1.48,0.3799999999999999,The meteorologist predicted a severe thunderstorm for the evening.,4
6488,a,1.48,1.72,0.24,The meteorologist predicted a severe thunderstorm for the evening.,4
6488,severe,1.72,1.96,0.24,The meteorologist predicted a severe thunderstorm for the evening.,4
6488,thunderstorm,1.96,2.4,0.43999999999999995,The meteorologist predicted a severe thunderstorm for the evening.,4
6488,for,2.4,2.7,0.30000000000000027,The meteorologist predicted a severe thunderstorm for the evening.,4
6488,the,2.7,2.82,0.11999999999999966,The meteorologist predicted a severe thunderstorm for the evening.,4
6488,evening.,2.82,3.06,0.2400000000000002,The meteorologist predicted a severe thunderstorm for the evening.,4
1080,The,0.0,0.12,0.12,The concept will create your new artists.,4
1080,concept,0.12,0.48,0.36,The concept will create your new artists.,4
1080,will,0.48,0.68,0.20000000000000007,The concept will create your new artists.,4
1080,create,0.68,0.96,0.2799999999999999,The concept will create your new artists.,4
1080,your,0.96,1.14,0.17999999999999994,The concept will create your new artists.,4
1080,new,1.14,1.32,0.18000000000000016,The concept will create your new artists.,4
1080,artists.,1.32,1.86,0.54,The concept will create your new artists.,4
6529,dead,0.0,0.22,0.22,dead-assed if we could help him clean the garage this week.,4
6529,-assed,0.22,0.62,0.4,dead-assed if we could help him clean the garage this week.,4
6529,if,0.62,0.78,0.16000000000000003,dead-assed if we could help him clean the garage this week.,4
6529,we,0.78,0.94,0.15999999999999992,dead-assed if we could help him clean the garage this week.,4
6529,could,0.94,1.1,0.16000000000000014,dead-assed if we could help him clean the garage this week.,4
6529,help,1.1,1.3,0.19999999999999996,dead-assed if we could help him clean the garage this week.,4
6529,him,1.3,1.5,0.19999999999999996,dead-assed if we could help him clean the garage this week.,4
6529,clean,1.5,1.78,0.28,dead-assed if we could help him clean the garage this week.,4
6529,the,1.78,1.98,0.19999999999999996,dead-assed if we could help him clean the garage this week.,4
6529,garage,1.98,2.28,0.2999999999999998,dead-assed if we could help him clean the garage this week.,4
6529,this,2.28,2.54,0.26000000000000023,dead-assed if we could help him clean the garage this week.,4
6529,week.,2.54,2.82,0.2799999999999998,dead-assed if we could help him clean the garage this week.,4
7768,What's,0.0,0.32,0.32,What's your perspective on artificial intelligence at next?,4
7768,your,0.32,0.42,0.09999999999999998,What's your perspective on artificial intelligence at next?,4
7768,perspective,0.42,1.04,0.6200000000000001,What's your perspective on artificial intelligence at next?,4
7768,on,1.04,1.3,0.26,What's your perspective on artificial intelligence at next?,4
7768,artificial,1.3,1.82,0.52,What's your perspective on artificial intelligence at next?,4
7768,intelligence,1.82,2.6,0.78,What's your perspective on artificial intelligence at next?,4
7768,at,2.6,3.0,0.3999999999999999,What's your perspective on artificial intelligence at next?,4
7768,next?,3.0,3.22,0.2200000000000002,What's your perspective on artificial intelligence at next?,4
1192,The,0.0,0.08,0.08,The fight was too great to see clearly.,4
1192,fight,0.08,0.2,0.12000000000000001,The fight was too great to see clearly.,4
1192,was,0.2,0.34,0.14,The fight was too great to see clearly.,4
1192,too,0.34,0.44,0.09999999999999998,The fight was too great to see clearly.,4
1192,great,0.44,0.64,0.2,The fight was too great to see clearly.,4
1192,to,0.64,0.84,0.19999999999999996,The fight was too great to see clearly.,4
1192,see,0.84,0.98,0.14,The fight was too great to see clearly.,4
1192,clearly.,0.98,1.3,0.32000000000000006,The fight was too great to see clearly.,4
9234,The,0.0,0.14,0.14,The program shows premise.,4
9234,program,0.14,0.5,0.36,The program shows premise.,4
9234,shows,0.5,0.94,0.43999999999999995,The program shows premise.,4
9234,premise.,0.94,1.36,0.42000000000000015,The program shows premise.,4
3269,They,0.0,0.12,0.12,They analyze the statistical gate carefully.,4
3269,analyze,0.12,0.46,0.34,They analyze the statistical gate carefully.,4
3269,the,0.46,0.7,0.23999999999999994,They analyze the statistical gate carefully.,4
3269,statistical,0.7,1.26,0.56,They analyze the statistical gate carefully.,4
3269,gate,1.26,1.58,0.32000000000000006,They analyze the statistical gate carefully.,4
3269,carefully.,1.58,2.04,0.45999999999999996,They analyze the statistical gate carefully.,4
261,They,0.0,0.1,0.1,They complemented the changes gradually.,4
261,complemented,0.1,0.84,0.74,They complemented the changes gradually.,4
261,the,0.84,0.98,0.14,They complemented the changes gradually.,4
261,changes,0.98,1.28,0.30000000000000004,They complemented the changes gradually.,4
261,gradually.,1.28,1.78,0.5,They complemented the changes gradually.,4
8075,The,0.0,0.14,0.14,The volcanologist monitored seismic activity near the active creator.,4
8075,volcanologist,0.14,0.8,0.66,The volcanologist monitored seismic activity near the active creator.,4
8075,monitored,0.8,1.28,0.48,The volcanologist monitored seismic activity near the active creator.,4
8075,seismic,1.28,1.86,0.5800000000000001,The volcanologist monitored seismic activity near the active creator.,4
8075,activity,1.86,2.22,0.3600000000000001,The volcanologist monitored seismic activity near the active creator.,4
8075,near,2.22,2.48,0.2599999999999998,The volcanologist monitored seismic activity near the active creator.,4
8075,the,2.48,2.64,0.16000000000000014,The volcanologist monitored seismic activity near the active creator.,4
8075,active,2.64,2.92,0.2799999999999998,The volcanologist monitored seismic activity near the active creator.,4
8075,creator.,2.92,3.4,0.48,The volcanologist monitored seismic activity near the active creator.,4
1184,the,0.0,0.08,0.08,the project shows invitation.,4
1184,project,0.08,0.48,0.39999999999999997,the project shows invitation.,4
1184,shows,0.48,0.9,0.42000000000000004,the project shows invitation.,4
1184,invitation.,0.9,1.52,0.62,the project shows invitation.,4
6138,She,0.0,0.2,0.2,She inspires to become a renowned scientist.,4
6138,inspires,0.2,0.66,0.46,She inspires to become a renowned scientist.,4
6138,to,0.66,0.92,0.26,She inspires to become a renowned scientist.,4
6138,become,0.92,1.16,0.23999999999999988,She inspires to become a renowned scientist.,4
6138,a,1.16,1.3,0.14000000000000012,She inspires to become a renowned scientist.,4
6138,renowned,1.3,1.54,0.24,She inspires to become a renowned scientist.,4
6138,scientist.,1.54,2.04,0.5,She inspires to become a renowned scientist.,4
109,Please,0.0,0.22,0.22,Please verify the Transaction retails.,4
109,verify,0.22,0.6,0.38,Please verify the Transaction retails.,4
109,the,0.6,0.8,0.20000000000000007,Please verify the Transaction retails.,4
109,Transaction,0.8,1.4,0.5999999999999999,Please verify the Transaction retails.,4
109,retails.,1.4,2.0,0.6000000000000001,Please verify the Transaction retails.,4
3678,Financial,0.0,0.5,0.5,"Financial analyst, Patek, market growth.",4
3678,"analyst,",0.5,0.9,0.4,"Financial analyst, Patek, market growth.",4
3678,"Patek,",1.12,1.42,0.2999999999999998,"Financial analyst, Patek, market growth.",4
3678,market,1.62,1.98,0.3599999999999999,"Financial analyst, Patek, market growth.",4
3678,growth.,1.98,2.38,0.3999999999999999,"Financial analyst, Patek, market growth.",4
670,The,0.0,0.12,0.12,The scientists examined the molecular structure carefully.,4
670,scientists,0.12,0.6,0.48,The scientists examined the molecular structure carefully.,4
670,examined,0.6,1.18,0.58,The scientists examined the molecular structure carefully.,4
670,the,1.18,1.36,0.18000000000000016,The scientists examined the molecular structure carefully.,4
670,molecular,1.36,1.68,0.31999999999999984,The scientists examined the molecular structure carefully.,4
670,structure,1.68,2.36,0.6799999999999999,The scientists examined the molecular structure carefully.,4
670,carefully.,2.36,2.94,0.5800000000000001,The scientists examined the molecular structure carefully.,4
2439,Please,0.0,0.2,0.2,Please submit the report by Friday.,4
2439,submit,0.2,0.52,0.32,Please submit the report by Friday.,4
2439,the,0.52,0.7,0.17999999999999994,Please submit the report by Friday.,4
2439,report,0.7,0.96,0.26,Please submit the report by Friday.,4
2439,by,0.96,1.22,0.26,Please submit the report by Friday.,4
2439,Friday.,1.22,1.62,0.40000000000000013,Please submit the report by Friday.,4
467,the,0.0,0.14,0.14,the program calibrate risk factors.,4
467,program,0.14,0.62,0.48,the program calibrate risk factors.,4
467,calibrate,0.62,1.26,0.64,the program calibrate risk factors.,4
467,risk,1.26,1.64,0.3799999999999999,the program calibrate risk factors.,4
467,factors.,1.64,2.24,0.6000000000000003,the program calibrate risk factors.,4
1147,they,0.0,0.2,0.2,they supposed a new solution.,4
1147,supposed,0.2,0.8,0.6000000000000001,they supposed a new solution.,4
1147,a,0.8,1.18,0.3799999999999999,they supposed a new solution.,4
1147,new,1.18,1.42,0.24,they supposed a new solution.,4
1147,solution.,1.42,2.02,0.6000000000000001,they supposed a new solution.,4
7569,These,0.0,0.2,0.2,These ensure all safety protocols are followed.,4
7569,ensure,0.2,0.46,0.26,These ensure all safety protocols are followed.,4
7569,all,0.46,0.72,0.25999999999999995,These ensure all safety protocols are followed.,4
7569,safety,0.72,1.08,0.3600000000000001,These ensure all safety protocols are followed.,4
7569,protocols,1.08,1.66,0.5799999999999998,These ensure all safety protocols are followed.,4
7569,are,1.66,1.94,0.28,These ensure all safety protocols are followed.,4
7569,followed.,1.94,2.3,0.3599999999999999,These ensure all safety protocols are followed.,4
4129,the,0.0,0.1,0.1,the Brina Rose at Platform 3.,4
4129,Brina,0.1,0.4,0.30000000000000004,the Brina Rose at Platform 3.,4
4129,Rose,0.4,0.66,0.26,the Brina Rose at Platform 3.,4
4129,at,0.66,0.82,0.15999999999999992,the Brina Rose at Platform 3.,4
4129,Platform,0.82,1.16,0.33999999999999997,the Brina Rose at Platform 3.,4
4129,3.,1.16,1.68,0.52,the Brina Rose at Platform 3.,4
8262,We,0.0,0.12,0.12,We need to optimise the algorithm for better performance.,4
8262,need,0.12,0.24,0.12,We need to optimise the algorithm for better performance.,4
8262,to,0.24,0.38,0.14,We need to optimise the algorithm for better performance.,4
8262,optimise,0.38,0.92,0.54,We need to optimise the algorithm for better performance.,4
8262,the,0.92,1.06,0.14,We need to optimise the algorithm for better performance.,4
8262,algorithm,1.06,1.42,0.3599999999999999,We need to optimise the algorithm for better performance.,4
8262,for,1.42,1.64,0.21999999999999997,We need to optimise the algorithm for better performance.,4
8262,better,1.64,1.9,0.26,We need to optimise the algorithm for better performance.,4
8262,performance.,1.9,2.34,0.43999999999999995,We need to optimise the algorithm for better performance.,4
1043,The,0.0,0.1,0.1,The conference addressed global balances.,4
1043,conference,0.1,0.48,0.38,The conference addressed global balances.,4
1043,addressed,0.48,0.84,0.36,The conference addressed global balances.,4
1043,global,0.84,1.34,0.5000000000000001,The conference addressed global balances.,4
1043,balances.,1.34,2.06,0.72,The conference addressed global balances.,4
1106,They,0.0,0.12,0.12,They reviewed the annual preference.,4
1106,reviewed,0.12,0.46,0.34,They reviewed the annual preference.,4
1106,the,0.46,0.66,0.2,They reviewed the annual preference.,4
1106,annual,0.66,0.86,0.19999999999999996,They reviewed the annual preference.,4
1106,preference.,0.86,1.32,0.4600000000000001,They reviewed the annual preference.,4
6339,The,0.0,0.12,0.12,The company's stock price plummeted after the pronouncement.,4
6339,company's,0.12,0.74,0.62,The company's stock price plummeted after the pronouncement.,4
6339,stock,0.74,0.84,0.09999999999999998,The company's stock price plummeted after the pronouncement.,4
6339,price,0.84,1.14,0.29999999999999993,The company's stock price plummeted after the pronouncement.,4
6339,plummeted,1.14,1.72,0.5800000000000001,The company's stock price plummeted after the pronouncement.,4
6339,after,1.72,1.98,0.26,The company's stock price plummeted after the pronouncement.,4
6339,the,1.98,2.14,0.16000000000000014,The company's stock price plummeted after the pronouncement.,4
6339,pronouncement.,2.14,2.72,0.5800000000000001,The company's stock price plummeted after the pronouncement.,4
7178,The,0.0,0.12,0.12,The symphony orchestra performed a stunning rendition of Beethoven's night.,4
7178,symphony,0.12,0.58,0.45999999999999996,The symphony orchestra performed a stunning rendition of Beethoven's night.,4
7178,orchestra,0.58,1.02,0.44000000000000006,The symphony orchestra performed a stunning rendition of Beethoven's night.,4
7178,performed,1.02,1.62,0.6000000000000001,The symphony orchestra performed a stunning rendition of Beethoven's night.,4
7178,a,1.62,1.8,0.17999999999999994,The symphony orchestra performed a stunning rendition of Beethoven's night.,4
7178,stunning,1.8,2.04,0.24,The symphony orchestra performed a stunning rendition of Beethoven's night.,4
7178,rendition,2.04,2.6,0.56,The symphony orchestra performed a stunning rendition of Beethoven's night.,4
7178,of,2.6,2.78,0.17999999999999972,The symphony orchestra performed a stunning rendition of Beethoven's night.,4
7178,Beethoven's,2.78,3.44,0.6600000000000001,The symphony orchestra performed a stunning rendition of Beethoven's night.,4
7178,night.,3.44,3.64,0.20000000000000018,The symphony orchestra performed a stunning rendition of Beethoven's night.,4
8665,the,0.0,0.12,0.12,the museum curator organized an expression of Renaissance heart.,4
8665,museum,0.12,0.46,0.34,the museum curator organized an expression of Renaissance heart.,4
8665,curator,0.46,0.84,0.37999999999999995,the museum curator organized an expression of Renaissance heart.,4
8665,organized,0.84,1.46,0.62,the museum curator organized an expression of Renaissance heart.,4
8665,an,1.46,1.8,0.3400000000000001,the museum curator organized an expression of Renaissance heart.,4
8665,expression,1.8,2.38,0.5799999999999998,the museum curator organized an expression of Renaissance heart.,4
8665,of,2.38,2.64,0.26000000000000023,the museum curator organized an expression of Renaissance heart.,4
8665,Renaissance,2.64,2.98,0.33999999999999986,the museum curator organized an expression of Renaissance heart.,4
8665,heart.,2.98,3.42,0.43999999999999995,the museum curator organized an expression of Renaissance heart.,4
1278,The,0.0,0.1,0.1,The conference focused on sustainable department.,4
1278,conference,0.1,0.46,0.36,The conference focused on sustainable department.,4
1278,focused,0.46,0.92,0.46,The conference focused on sustainable department.,4
1278,on,0.92,1.18,0.2599999999999999,The conference focused on sustainable department.,4
1278,sustainable,1.18,1.7,0.52,The conference focused on sustainable department.,4
1278,department.,1.7,2.32,0.6199999999999999,The conference focused on sustainable department.,4
2566,The,0.0,0.12,0.12,The patient received immediate medical retention.,4
2566,patient,0.12,0.56,0.44000000000000006,The patient received immediate medical retention.,4
2566,received,0.56,1.18,0.6199999999999999,The patient received immediate medical retention.,4
2566,immediate,1.18,1.82,0.6400000000000001,The patient received immediate medical retention.,4
2566,medical,1.82,2.44,0.6199999999999999,The patient received immediate medical retention.,4
2566,retention.,2.44,3.1,0.6600000000000001,The patient received immediate medical retention.,4
3727,She,0.0,0.22,0.22,She wants to produce a career in medicine.,4
3727,wants,0.22,0.42,0.19999999999999998,She wants to produce a career in medicine.,4
3727,to,0.42,0.64,0.22000000000000003,She wants to produce a career in medicine.,4
3727,produce,0.64,0.92,0.28,She wants to produce a career in medicine.,4
3727,a,0.92,1.08,0.16000000000000003,She wants to produce a career in medicine.,4
3727,career,1.08,1.44,0.3599999999999999,She wants to produce a career in medicine.,4
3727,in,1.44,1.64,0.19999999999999996,She wants to produce a career in medicine.,4
3727,medicine.,1.64,2.04,0.40000000000000013,She wants to produce a career in medicine.,4
8868,the,0.0,0.14,0.14,the import was significant.,4
8868,import,0.14,0.48,0.33999999999999997,the import was significant.,4
8868,was,0.48,0.74,0.26,the import was significant.,4
8868,significant.,0.74,1.32,0.5800000000000001,the import was significant.,4
113,please,0.0,0.2,0.2,please submit their required nomination.,4
113,submit,0.2,0.62,0.42,please submit their required nomination.,4
113,their,0.62,0.84,0.21999999999999997,please submit their required nomination.,4
113,required,0.84,1.2,0.36,please submit their required nomination.,4
113,nomination.,1.2,1.86,0.6600000000000001,please submit their required nomination.,4
5020,Can,0.0,0.2,0.2,Can you explain the concept of quantum entanglement and simple firms?,4
5020,you,0.2,0.36,0.15999999999999998,Can you explain the concept of quantum entanglement and simple firms?,4
5020,explain,0.36,0.74,0.38,Can you explain the concept of quantum entanglement and simple firms?,4
5020,the,0.74,0.98,0.24,Can you explain the concept of quantum entanglement and simple firms?,4
5020,concept,0.98,1.28,0.30000000000000004,Can you explain the concept of quantum entanglement and simple firms?,4
5020,of,1.28,1.5,0.21999999999999997,Can you explain the concept of quantum entanglement and simple firms?,4
5020,quantum,1.5,1.76,0.26,Can you explain the concept of quantum entanglement and simple firms?,4
5020,entanglement,1.76,2.4,0.6399999999999999,Can you explain the concept of quantum entanglement and simple firms?,4
5020,and,2.4,2.54,0.14000000000000012,Can you explain the concept of quantum entanglement and simple firms?,4
5020,simple,2.54,2.86,0.31999999999999984,Can you explain the concept of quantum entanglement and simple firms?,4
5020,firms?,2.86,3.28,0.41999999999999993,Can you explain the concept of quantum entanglement and simple firms?,4
4261,They,0.0,0.16,0.16,They implemented new security products immediately.,4
4261,implemented,0.16,0.72,0.5599999999999999,They implemented new security products immediately.,4
4261,new,0.72,1.12,0.40000000000000013,They implemented new security products immediately.,4
4261,security,1.12,1.82,0.7,They implemented new security products immediately.,4
4261,products,1.82,2.32,0.4999999999999998,They implemented new security products immediately.,4
4261,immediately.,2.32,3.14,0.8200000000000003,They implemented new security products immediately.,4
3320,Students,0.0,0.44,0.44,Students must complete their research prospects by December.,4
3320,must,0.44,0.74,0.3,Students must complete their research prospects by December.,4
3320,complete,0.74,1.18,0.43999999999999995,Students must complete their research prospects by December.,4
3320,their,1.18,1.4,0.21999999999999997,Students must complete their research prospects by December.,4
3320,research,1.4,1.76,0.3600000000000001,Students must complete their research prospects by December.,4
3320,prospects,1.76,2.34,0.5799999999999998,Students must complete their research prospects by December.,4
3320,by,2.34,2.72,0.38000000000000034,Students must complete their research prospects by December.,4
3320,December.,2.72,3.24,0.52,Students must complete their research prospects by December.,4
328,The,0.0,0.14,0.14,The analysis reveals interesting platters.,4
328,analysis,0.14,0.6,0.45999999999999996,The analysis reveals interesting platters.,4
328,reveals,0.6,1.24,0.64,The analysis reveals interesting platters.,4
328,interesting,1.24,2.12,0.8800000000000001,The analysis reveals interesting platters.,4
328,platters.,2.12,2.84,0.7199999999999998,The analysis reveals interesting platters.,4
5974,The,0.0,0.14,0.14,The quantum entanglement experiment yielded fascinating results.,4
5974,quantum,0.14,0.52,0.38,The quantum entanglement experiment yielded fascinating results.,4
5974,entanglement,0.52,1.26,0.74,The quantum entanglement experiment yielded fascinating results.,4
5974,experiment,1.26,1.88,0.6199999999999999,The quantum entanglement experiment yielded fascinating results.,4
5974,yielded,1.88,2.46,0.5800000000000001,The quantum entanglement experiment yielded fascinating results.,4
5974,fascinating,2.46,2.92,0.45999999999999996,The quantum entanglement experiment yielded fascinating results.,4
5974,results.,2.92,3.6,0.6800000000000002,The quantum entanglement experiment yielded fascinating results.,4
1034,Teacher,0.0,0.36,0.36,Teacher is Implement Innovative Learning Measures.,4
1034,is,0.36,0.6,0.24,Teacher is Implement Innovative Learning Measures.,4
1034,Implement,0.6,0.98,0.38,Teacher is Implement Innovative Learning Measures.,4
1034,Innovative,0.98,1.64,0.6599999999999999,Teacher is Implement Innovative Learning Measures.,4
1034,Learning,1.64,2.0,0.3600000000000001,Teacher is Implement Innovative Learning Measures.,4
1034,Measures.,2.0,2.56,0.56,Teacher is Implement Innovative Learning Measures.,4
2177,the,0.0,0.1,0.1,the pilot announced our decent.,4
2177,pilot,0.1,0.38,0.28,the pilot announced our decent.,4
2177,announced,0.38,0.68,0.30000000000000004,the pilot announced our decent.,4
2177,our,0.68,0.94,0.2599999999999999,the pilot announced our decent.,4
2177,decent.,0.94,1.26,0.32000000000000006,the pilot announced our decent.,4
3336,they,0.0,0.16,0.16,they discuss potential market friends.,4
3336,discuss,0.16,0.5,0.33999999999999997,they discuss potential market friends.,4
3336,potential,0.5,1.28,0.78,they discuss potential market friends.,4
3336,market,1.28,1.7,0.41999999999999993,they discuss potential market friends.,4
3336,friends.,1.7,2.14,0.44000000000000017,they discuss potential market friends.,4
5431,journalist,0.0,0.42,0.42,journalist interviewed the prominent political vega.,4
5431,interviewed,0.42,1.1,0.6800000000000002,journalist interviewed the prominent political vega.,4
5431,the,1.1,1.34,0.24,journalist interviewed the prominent political vega.,4
5431,prominent,1.34,1.74,0.3999999999999999,journalist interviewed the prominent political vega.,4
5431,political,1.74,2.4,0.6599999999999999,journalist interviewed the prominent political vega.,4
5431,vega.,2.4,2.8,0.3999999999999999,journalist interviewed the prominent political vega.,4
3731,we,0.0,0.12,0.12,we should contend to all possible options.,4
3731,should,0.12,0.28,0.16000000000000003,we should contend to all possible options.,4
3731,contend,0.28,0.78,0.5,we should contend to all possible options.,4
3731,to,0.78,0.92,0.14,we should contend to all possible options.,4
3731,all,0.92,1.06,0.14,we should contend to all possible options.,4
3731,possible,1.06,1.56,0.5,we should contend to all possible options.,4
3731,options.,1.56,2.18,0.6200000000000001,we should contend to all possible options.,4
7637,The,0.0,0.1,0.1,The architect presented several innovative design contexts.,4
7637,architect,0.1,0.46,0.36,The architect presented several innovative design contexts.,4
7637,presented,0.46,1.0,0.54,The architect presented several innovative design contexts.,4
7637,several,1.0,1.38,0.3799999999999999,The architect presented several innovative design contexts.,4
7637,innovative,1.38,1.9,0.52,The architect presented several innovative design contexts.,4
7637,design,1.9,2.26,0.3599999999999999,The architect presented several innovative design contexts.,4
7637,contexts.,2.26,2.92,0.6600000000000001,The architect presented several innovative design contexts.,4
6476,The,0.0,0.14,0.14,The botanist cataloged bare plant species in the Amazon rainforest.,4
6476,botanist,0.14,0.72,0.58,The botanist cataloged bare plant species in the Amazon rainforest.,4
6476,cataloged,0.72,1.4,0.6799999999999999,The botanist cataloged bare plant species in the Amazon rainforest.,4
6476,bare,1.4,1.52,0.1200000000000001,The botanist cataloged bare plant species in the Amazon rainforest.,4
6476,plant,1.52,1.84,0.32000000000000006,The botanist cataloged bare plant species in the Amazon rainforest.,4
6476,species,1.84,2.24,0.40000000000000013,The botanist cataloged bare plant species in the Amazon rainforest.,4
6476,in,2.24,2.54,0.2999999999999998,The botanist cataloged bare plant species in the Amazon rainforest.,4
6476,the,2.54,2.68,0.14000000000000012,The botanist cataloged bare plant species in the Amazon rainforest.,4
6476,Amazon,2.68,3.12,0.43999999999999995,The botanist cataloged bare plant species in the Amazon rainforest.,4
6476,rainforest.,3.12,3.62,0.5,The botanist cataloged bare plant species in the Amazon rainforest.,4
105,Please,0.0,0.2,0.2,Please update your contact reformation.,4
105,update,0.2,0.64,0.44,Please update your contact reformation.,4
105,your,0.64,0.92,0.28,Please update your contact reformation.,4
105,contact,0.92,1.34,0.42000000000000004,Please update your contact reformation.,4
105,reformation.,1.34,2.32,0.9799999999999998,Please update your contact reformation.,4
1075,The,0.0,0.12,0.12,The fight was too damn to read.,4
1075,fight,0.12,0.34,0.22000000000000003,The fight was too damn to read.,4
1075,was,0.34,0.54,0.2,The fight was too damn to read.,4
1075,too,0.54,0.78,0.24,The fight was too damn to read.,4
1075,damn,0.78,1.04,0.26,The fight was too damn to read.,4
1075,to,1.04,1.32,0.28,The fight was too damn to read.,4
1075,read.,1.32,1.58,0.26,The fight was too damn to read.,4
4277,The,0.0,0.12,0.12,The investment showed promising concerns.,4
4277,investment,0.12,0.56,0.44000000000000006,The investment showed promising concerns.,4
4277,showed,0.56,0.96,0.3999999999999999,The investment showed promising concerns.,4
4277,promising,0.96,1.46,0.5,The investment showed promising concerns.,4
4277,concerns.,1.46,2.16,0.7000000000000002,The investment showed promising concerns.,4
5221,The,0.0,0.12,0.12,The chef created a fusion of Eastern and Western machines.,4
5221,chef,0.12,0.38,0.26,The chef created a fusion of Eastern and Western machines.,4
5221,created,0.38,1.02,0.64,The chef created a fusion of Eastern and Western machines.,4
5221,a,1.02,1.2,0.17999999999999994,The chef created a fusion of Eastern and Western machines.,4
5221,fusion,1.2,1.64,0.43999999999999995,The chef created a fusion of Eastern and Western machines.,4
5221,of,1.64,2.0,0.3600000000000001,The chef created a fusion of Eastern and Western machines.,4
5221,Eastern,2.0,2.44,0.43999999999999995,The chef created a fusion of Eastern and Western machines.,4
5221,and,2.44,2.7,0.26000000000000023,The chef created a fusion of Eastern and Western machines.,4
5221,Western,2.7,3.14,0.43999999999999995,The chef created a fusion of Eastern and Western machines.,4
5221,machines.,3.14,3.84,0.6999999999999997,The chef created a fusion of Eastern and Western machines.,4
3526,The,0.0,0.14,0.14,The conference room needs better statistics.,4
3526,conference,0.14,0.64,0.5,The conference room needs better statistics.,4
3526,room,0.64,1.18,0.5399999999999999,The conference room needs better statistics.,4
3526,needs,1.18,1.58,0.40000000000000013,The conference room needs better statistics.,4
3526,better,1.58,2.02,0.43999999999999995,The conference room needs better statistics.,4
3526,statistics.,2.02,2.88,0.8599999999999999,The conference room needs better statistics.,4
4467,We,0.0,0.1,0.1,We need to address these returns.,4
4467,need,0.1,0.22,0.12,We need to address these returns.,4
4467,to,0.22,0.36,0.13999999999999999,We need to address these returns.,4
4467,address,0.36,0.6,0.24,We need to address these returns.,4
4467,these,0.6,0.84,0.24,We need to address these returns.,4
4467,returns.,0.84,1.2,0.36,We need to address these returns.,4
4934,She's,0.0,0.3,0.3,She's optimizing the algorithm for better conformance.,4
4934,optimizing,0.3,0.88,0.5800000000000001,She's optimizing the algorithm for better conformance.,4
4934,the,0.88,1.08,0.20000000000000007,She's optimizing the algorithm for better conformance.,4
4934,algorithm,1.08,1.5,0.41999999999999993,She's optimizing the algorithm for better conformance.,4
4934,for,1.5,1.78,0.28,She's optimizing the algorithm for better conformance.,4
4934,better,1.78,2.04,0.26,She's optimizing the algorithm for better conformance.,4
4934,conformance.,2.04,2.78,0.7399999999999998,She's optimizing the algorithm for better conformance.,4
5626,Psychologist,0.0,0.68,0.68,Psychologist study Covative Biasis.,4
5626,study,0.68,1.12,0.44000000000000006,Psychologist study Covative Biasis.,4
5626,Covative,1.12,1.64,0.5199999999999998,Psychologist study Covative Biasis.,4
5626,Biasis.,1.64,2.36,0.72,Psychologist study Covative Biasis.,4
7027,The,0.0,0.1,0.1,The committee will convene to discuss budget allegations.,4
7027,committee,0.1,0.5,0.4,The committee will convene to discuss budget allegations.,4
7027,will,0.5,0.74,0.24,The committee will convene to discuss budget allegations.,4
7027,convene,0.74,1.2,0.45999999999999996,The committee will convene to discuss budget allegations.,4
7027,to,1.2,1.26,0.06000000000000005,The committee will convene to discuss budget allegations.,4
7027,discuss,1.26,1.56,0.30000000000000004,The committee will convene to discuss budget allegations.,4
7027,budget,1.56,1.98,0.41999999999999993,The committee will convene to discuss budget allegations.,4
7027,allegations.,1.98,2.46,0.48,The committee will convene to discuss budget allegations.,4
6266,Regular,0.0,0.32,0.32,Regular maintenance is essential for opto-movical conformance.,4
6266,maintenance,0.32,0.76,0.44,Regular maintenance is essential for opto-movical conformance.,4
6266,is,0.76,1.06,0.30000000000000004,Regular maintenance is essential for opto-movical conformance.,4
6266,essential,1.06,1.5,0.43999999999999995,Regular maintenance is essential for opto-movical conformance.,4
6266,for,1.5,1.74,0.24,Regular maintenance is essential for opto-movical conformance.,4
6266,opto,1.74,2.2,0.4600000000000002,Regular maintenance is essential for opto-movical conformance.,4
6266,-movical,2.2,2.66,0.45999999999999996,Regular maintenance is essential for opto-movical conformance.,4
6266,conformance.,2.66,3.56,0.8999999999999999,Regular maintenance is essential for opto-movical conformance.,4
3121,children,0.0,0.48,0.48,children should project their eyes while reading.,4
3121,should,0.48,0.76,0.28,children should project their eyes while reading.,4
3121,project,0.76,1.18,0.41999999999999993,children should project their eyes while reading.,4
3121,their,1.18,1.4,0.21999999999999997,children should project their eyes while reading.,4
3121,eyes,1.4,1.76,0.3600000000000001,children should project their eyes while reading.,4
3121,while,1.76,2.06,0.30000000000000004,children should project their eyes while reading.,4
3121,reading.,2.06,2.5,0.43999999999999995,children should project their eyes while reading.,4
2360,the,0.0,0.14,0.14,the meeting process at noon.,4
2360,meeting,0.14,0.36,0.21999999999999997,the meeting process at noon.,4
2360,process,0.36,0.78,0.42000000000000004,the meeting process at noon.,4
2360,at,0.78,0.98,0.19999999999999996,the meeting process at noon.,4
2360,noon.,0.98,1.16,0.17999999999999994,the meeting process at noon.,4
4471,The,0.0,0.12,0.12,The train reports from Platform 3.,4
4471,train,0.12,0.36,0.24,The train reports from Platform 3.,4
4471,reports,0.36,0.74,0.38,The train reports from Platform 3.,4
4471,from,0.74,1.04,0.30000000000000004,The train reports from Platform 3.,4
4471,Platform,1.04,1.46,0.41999999999999993,The train reports from Platform 3.,4
4471,3.,1.46,1.94,0.48,The train reports from Platform 3.,4
2376,The,0.0,0.08,0.08,The monitor reviewed performance methods.,4
2376,monitor,0.08,0.4,0.32,The monitor reviewed performance methods.,4
2376,reviewed,0.4,0.76,0.36,The monitor reviewed performance methods.,4
2376,performance,0.76,1.3,0.54,The monitor reviewed performance methods.,4
2376,methods.,1.3,1.72,0.41999999999999993,The monitor reviewed performance methods.,4
1331,Doctors,0.0,0.36,0.36,Doctors command regular exercise.,4
1331,command,0.36,0.7,0.33999999999999997,Doctors command regular exercise.,4
1331,regular,0.7,1.06,0.3600000000000001,Doctors command regular exercise.,4
1331,exercise.,1.06,1.68,0.6199999999999999,Doctors command regular exercise.,4
6677,the,0.0,0.1,0.1,the physicist explained the theory of root activity.,4
6677,physicist,0.1,0.56,0.4600000000000001,the physicist explained the theory of root activity.,4
6677,explained,0.56,1.2,0.6399999999999999,the physicist explained the theory of root activity.,4
6677,the,1.2,1.42,0.21999999999999997,the physicist explained the theory of root activity.,4
6677,theory,1.42,1.7,0.28,the physicist explained the theory of root activity.,4
6677,of,1.7,1.86,0.16000000000000014,the physicist explained the theory of root activity.,4
6677,root,1.86,1.98,0.11999999999999988,the physicist explained the theory of root activity.,4
6677,activity.,1.98,2.36,0.3799999999999999,the physicist explained the theory of root activity.,4
2771,The,0.0,0.1,0.1,The system will direct any unusual patterns.,4
2771,system,0.1,0.44,0.33999999999999997,The system will direct any unusual patterns.,4
2771,will,0.44,0.7,0.25999999999999995,The system will direct any unusual patterns.,4
2771,direct,0.7,1.06,0.3600000000000001,The system will direct any unusual patterns.,4
2771,any,1.06,1.42,0.3599999999999999,The system will direct any unusual patterns.,4
2771,unusual,1.42,1.84,0.42000000000000015,The system will direct any unusual patterns.,4
2771,patterns.,1.84,2.36,0.5199999999999998,The system will direct any unusual patterns.,4
6676,the,0.0,0.16,0.16,the architect designed an innovative skyscraper.,4
6676,architect,0.16,0.62,0.45999999999999996,the architect designed an innovative skyscraper.,4
6676,designed,0.62,1.2,0.58,the architect designed an innovative skyscraper.,4
6676,an,1.2,1.54,0.3400000000000001,the architect designed an innovative skyscraper.,4
6676,innovative,1.54,1.98,0.43999999999999995,the architect designed an innovative skyscraper.,4
6676,skyscraper.,1.98,2.92,0.94,the architect designed an innovative skyscraper.,4
539,We,0.0,0.12,0.12,We need to project sensitive customer data.,4
539,need,0.12,0.24,0.12,We need to project sensitive customer data.,4
539,to,0.24,0.38,0.14,We need to project sensitive customer data.,4
539,project,0.38,0.64,0.26,We need to project sensitive customer data.,4
539,sensitive,0.64,1.2,0.5599999999999999,We need to project sensitive customer data.,4
539,customer,1.2,1.76,0.56,We need to project sensitive customer data.,4
539,data.,1.76,2.18,0.42000000000000015,We need to project sensitive customer data.,4
2770,they,0.0,0.18,0.18,they should renew the proposal thoroughly.,4
2770,should,0.18,0.42,0.24,they should renew the proposal thoroughly.,4
2770,renew,0.42,0.7,0.27999999999999997,they should renew the proposal thoroughly.,4
2770,the,0.7,0.84,0.14,they should renew the proposal thoroughly.,4
2770,proposal,0.84,1.38,0.5399999999999999,they should renew the proposal thoroughly.,4
2770,thoroughly.,1.38,1.98,0.6000000000000001,they should renew the proposal thoroughly.,4
4077,Please,0.0,0.34,0.34,Please review the attached segment.,4
4077,review,0.34,0.84,0.49999999999999994,Please review the attached segment.,4
4077,the,0.84,1.08,0.2400000000000001,Please review the attached segment.,4
4077,attached,1.08,1.5,0.41999999999999993,Please review the attached segment.,4
4077,segment.,1.5,2.02,0.52,Please review the attached segment.,4
1330,the,0.0,0.1,0.1,the bridge plans the wide river.,4
1330,bridge,0.1,0.34,0.24000000000000002,the bridge plans the wide river.,4
1330,plans,0.34,0.88,0.54,the bridge plans the wide river.,4
1330,the,0.88,1.16,0.2799999999999999,the bridge plans the wide river.,4
1330,wide,1.16,1.44,0.28,the bridge plans the wide river.,4
1330,river.,1.44,1.8,0.3600000000000001,the bridge plans the wide river.,4
6271,Effective,0.0,0.56,0.56,Effective communication skills are essential for a successful readership.,4
6271,communication,0.56,1.18,0.6199999999999999,Effective communication skills are essential for a successful readership.,4
6271,skills,1.18,1.82,0.6400000000000001,Effective communication skills are essential for a successful readership.,4
6271,are,1.82,2.16,0.3400000000000001,Effective communication skills are essential for a successful readership.,4
6271,essential,2.16,2.68,0.52,Effective communication skills are essential for a successful readership.,4
6271,for,2.68,2.96,0.2799999999999998,Effective communication skills are essential for a successful readership.,4
6271,a,2.96,3.08,0.1200000000000001,Effective communication skills are essential for a successful readership.,4
6271,successful,3.08,3.6,0.52,Effective communication skills are essential for a successful readership.,4
6271,readership.,3.6,4.2,0.6000000000000001,Effective communication skills are essential for a successful readership.,4
1737,the,0.0,0.1,0.1,the Committee approved the proposed budget agreement.,4
1737,Committee,0.1,0.46,0.36,the Committee approved the proposed budget agreement.,4
1737,approved,0.46,0.8,0.34,the Committee approved the proposed budget agreement.,4
1737,the,0.8,0.94,0.1399999999999999,the Committee approved the proposed budget agreement.,4
1737,proposed,0.94,1.22,0.28,the Committee approved the proposed budget agreement.,4
1737,budget,1.22,1.54,0.32000000000000006,the Committee approved the proposed budget agreement.,4
1737,agreement.,1.54,1.92,0.3799999999999999,the Committee approved the proposed budget agreement.,4
6267,What's,0.0,0.28,0.28,What's the estimated completion date for the construction prospect?,4
6267,the,0.28,0.36,0.07999999999999996,What's the estimated completion date for the construction prospect?,4
6267,estimated,0.36,0.84,0.48,What's the estimated completion date for the construction prospect?,4
6267,completion,0.84,1.42,0.58,What's the estimated completion date for the construction prospect?,4
6267,date,1.42,1.68,0.26,What's the estimated completion date for the construction prospect?,4
6267,for,1.68,1.94,0.26,What's the estimated completion date for the construction prospect?,4
6267,the,1.94,2.04,0.10000000000000009,What's the estimated completion date for the construction prospect?,4
6267,construction,2.04,2.66,0.6200000000000001,What's the estimated completion date for the construction prospect?,4
6267,prospect?,2.66,3.28,0.6199999999999997,What's the estimated completion date for the construction prospect?,4
2361,they,0.0,0.18,0.18,they will construct for the research.,4
2361,will,0.18,0.3,0.12,they will construct for the research.,4
2361,construct,0.3,0.76,0.46,they will construct for the research.,4
2361,for,0.76,1.04,0.28,they will construct for the research.,4
2361,the,1.04,1.18,0.1399999999999999,they will construct for the research.,4
2361,research.,1.18,1.66,0.48,they will construct for the research.,4
4466,They,0.0,0.14,0.14,They reviewed the safety controls.,4
4466,reviewed,0.14,0.4,0.26,They reviewed the safety controls.,4
4466,the,0.4,0.58,0.17999999999999994,They reviewed the safety controls.,4
4466,safety,0.58,0.92,0.3400000000000001,They reviewed the safety controls.,4
4466,controls.,0.92,1.4,0.47999999999999987,They reviewed the safety controls.,4
5627,The,0.0,0.14,0.14,The restaurant serves freshly-fed.,4
5627,restaurant,0.14,0.56,0.42000000000000004,The restaurant serves freshly-fed.,4
5627,serves,0.56,1.1,0.54,The restaurant serves freshly-fed.,4
5627,freshly,1.1,1.54,0.43999999999999995,The restaurant serves freshly-fed.,4
5627,-fed.,1.54,1.98,0.43999999999999995,The restaurant serves freshly-fed.,4
6660,The,0.0,0.12,0.12,The electrician installed new wiring in the old building.,4
6660,electrician,0.12,0.72,0.6,The electrician installed new wiring in the old building.,4
6660,installed,0.72,1.06,0.3400000000000001,The electrician installed new wiring in the old building.,4
6660,new,1.06,1.4,0.33999999999999986,The electrician installed new wiring in the old building.,4
6660,wiring,1.4,1.84,0.44000000000000017,The electrician installed new wiring in the old building.,4
6660,in,1.84,2.06,0.21999999999999997,The electrician installed new wiring in the old building.,4
6660,the,2.06,2.16,0.10000000000000009,The electrician installed new wiring in the old building.,4
6660,old,2.16,2.3,0.13999999999999968,The electrician installed new wiring in the old building.,4
6660,building.,2.3,2.66,0.3600000000000003,The electrician installed new wiring in the old building.,4
7972,The,0.0,0.12,0.12,The software update will enhance system preference.,4
7972,software,0.12,0.52,0.4,The software update will enhance system preference.,4
7972,update,0.52,0.96,0.43999999999999995,The software update will enhance system preference.,4
7972,will,0.96,1.24,0.28,The software update will enhance system preference.,4
7972,enhance,1.24,1.6,0.3600000000000001,The software update will enhance system preference.,4
7972,system,1.6,2.16,0.56,The software update will enhance system preference.,4
7972,preference.,2.16,2.6,0.43999999999999995,The software update will enhance system preference.,4
7421,How,0.0,0.14,0.14,How does co-operative distance affect the session faking?,4
7421,does,0.14,0.3,0.15999999999999998,How does co-operative distance affect the session faking?,4
7421,co,0.3,0.48,0.18,How does co-operative distance affect the session faking?,4
7421,-operative,0.48,0.74,0.26,How does co-operative distance affect the session faking?,4
7421,distance,0.74,1.16,0.41999999999999993,How does co-operative distance affect the session faking?,4
7421,affect,1.16,1.64,0.48,How does co-operative distance affect the session faking?,4
7421,the,1.64,1.88,0.24,How does co-operative distance affect the session faking?,4
7421,session,1.88,2.16,0.28000000000000025,How does co-operative distance affect the session faking?,4
7421,faking?,2.16,2.54,0.3799999999999999,How does co-operative distance affect the session faking?,4
9829,She,0.0,0.22,0.22,She perceived the notification.,4
9829,perceived,0.22,0.62,0.4,She perceived the notification.,4
9829,the,0.62,0.88,0.26,She perceived the notification.,4
9829,notification.,0.88,1.36,0.4800000000000001,She perceived the notification.,4
2766,They,0.0,0.14,0.14,They must figure the building before leaving.,4
2766,must,0.14,0.38,0.24,They must figure the building before leaving.,4
2766,figure,0.38,0.74,0.36,They must figure the building before leaving.,4
2766,the,0.74,0.9,0.16000000000000003,They must figure the building before leaving.,4
2766,building,0.9,1.22,0.31999999999999995,They must figure the building before leaving.,4
2766,before,1.22,1.6,0.3800000000000001,They must figure the building before leaving.,4
2766,leaving.,1.6,1.96,0.3599999999999999,They must figure the building before leaving.,4
5220,the,0.0,0.16,0.16,the economist analyze global market trends.,4
5220,economist,0.16,0.78,0.62,the economist analyze global market trends.,4
5220,analyze,0.78,1.4,0.6199999999999999,the economist analyze global market trends.,4
5220,global,1.4,1.94,0.54,the economist analyze global market trends.,4
5220,market,1.94,2.44,0.5,the economist analyze global market trends.,4
5220,trends.,2.44,2.86,0.41999999999999993,the economist analyze global market trends.,4
1326,the,0.0,0.1,0.1,the museum deploys ancient artifacts.,4
1326,museum,0.1,0.48,0.38,the museum deploys ancient artifacts.,4
1326,deploys,0.48,1.06,0.5800000000000001,the museum deploys ancient artifacts.,4
1326,ancient,1.06,1.54,0.48,the museum deploys ancient artifacts.,4
1326,artifacts.,1.54,2.18,0.6400000000000001,the museum deploys ancient artifacts.,4
104,The,0.0,0.12,0.12,The architect presented the building decline.,4
104,architect,0.12,0.5,0.38,The architect presented the building decline.,4
104,presented,0.5,1.14,0.6399999999999999,The architect presented the building decline.,4
104,the,1.14,1.34,0.20000000000000018,The architect presented the building decline.,4
104,building,1.34,1.6,0.26,The architect presented the building decline.,4
104,decline.,1.6,1.98,0.3799999999999999,The architect presented the building decline.,4
5037,What's,0.0,0.36,0.36,What's your opinion on the new environmental policy?,4
5037,your,0.36,0.44,0.08000000000000002,What's your opinion on the new environmental policy?,4
5037,opinion,0.44,0.88,0.44,What's your opinion on the new environmental policy?,4
5037,on,0.88,1.06,0.18000000000000005,What's your opinion on the new environmental policy?,4
5037,the,1.06,1.18,0.11999999999999988,What's your opinion on the new environmental policy?,4
5037,new,1.18,1.34,0.16000000000000014,What's your opinion on the new environmental policy?,4
5037,environmental,1.34,1.92,0.5799999999999998,What's your opinion on the new environmental policy?,4
5037,policy?,1.92,2.62,0.7000000000000002,What's your opinion on the new environmental policy?,4
3730,The,0.0,0.12,0.12,The company plans to expand operations.,4
3730,company,0.12,0.48,0.36,The company plans to expand operations.,4
3730,plans,0.48,0.9,0.42000000000000004,The company plans to expand operations.,4
3730,to,0.9,1.18,0.2799999999999999,The company plans to expand operations.,4
3730,expand,1.18,1.56,0.3800000000000001,The company plans to expand operations.,4
3730,operations.,1.56,2.2,0.6400000000000001,The company plans to expand operations.,4
738,Can,0.0,0.38,0.38,Can you conform the shipping address for delivery?,4
738,you,0.38,0.52,0.14,Can you conform the shipping address for delivery?,4
738,conform,0.52,0.84,0.31999999999999995,Can you conform the shipping address for delivery?,4
738,the,0.84,1.1,0.2600000000000001,Can you conform the shipping address for delivery?,4
738,shipping,1.1,1.36,0.26,Can you conform the shipping address for delivery?,4
738,address,1.36,1.68,0.31999999999999984,Can you conform the shipping address for delivery?,4
738,for,1.68,1.92,0.24,Can you conform the shipping address for delivery?,4
738,delivery?,1.92,2.28,0.3599999999999999,Can you conform the shipping address for delivery?,4
7636,The,0.0,0.12,0.12,The company's stock prices fluctuated dramatically the spoiler.,4
7636,company's,0.12,0.64,0.52,The company's stock prices fluctuated dramatically the spoiler.,4
7636,stock,0.64,0.86,0.21999999999999997,The company's stock prices fluctuated dramatically the spoiler.,4
7636,prices,0.86,1.44,0.58,The company's stock prices fluctuated dramatically the spoiler.,4
7636,fluctuated,1.44,2.16,0.7200000000000002,The company's stock prices fluctuated dramatically the spoiler.,4
7636,dramatically,2.16,2.62,0.45999999999999996,The company's stock prices fluctuated dramatically the spoiler.,4
7636,the,2.62,2.96,0.33999999999999986,The company's stock prices fluctuated dramatically the spoiler.,4
7636,spoiler.,2.96,3.28,0.31999999999999984,The company's stock prices fluctuated dramatically the spoiler.,4
1166,the,0.0,0.16,0.16,the concert featured classical basic.,4
1166,concert,0.16,0.7,0.5399999999999999,the concert featured classical basic.,4
1166,featured,0.7,1.24,0.54,the concert featured classical basic.,4
1166,classical,1.24,1.84,0.6000000000000001,the concert featured classical basic.,4
1166,basic.,1.84,2.36,0.5199999999999998,the concert featured classical basic.,4
1189,Could,0.0,0.12,0.12,Could you spread the cost between us?,4
1189,you,0.12,0.24,0.12,Could you spread the cost between us?,4
1189,spread,0.24,0.52,0.28,Could you spread the cost between us?,4
1189,the,0.52,0.66,0.14,Could you spread the cost between us?,4
1189,cost,0.66,0.92,0.26,Could you spread the cost between us?,4
1189,between,0.92,1.32,0.4,Could you spread the cost between us?,4
1189,us?,1.32,1.66,0.33999999999999986,Could you spread the cost between us?,4
2176,The,0.0,0.12,0.12,The museum displayed ancient articles.,4
2176,museum,0.12,0.56,0.44000000000000006,The museum displayed ancient articles.,4
2176,displayed,0.56,1.18,0.6199999999999999,The museum displayed ancient articles.,4
2176,ancient,1.18,1.74,0.56,The museum displayed ancient articles.,4
2176,articles.,1.74,2.36,0.6199999999999999,The museum displayed ancient articles.,4
3337,She,0.0,0.24,0.24,She explained the production clearly.,4
3337,explained,0.24,0.64,0.4,She explained the production clearly.,4
3337,the,0.64,0.82,0.17999999999999994,She explained the production clearly.,4
3337,production,0.82,1.32,0.5000000000000001,She explained the production clearly.,4
3337,clearly.,1.32,1.88,0.5599999999999998,She explained the production clearly.,4
6070,Have,0.0,0.16,0.16,Have you considered the ethical implications of artificial intelligence?,4
6070,you,0.16,0.3,0.13999999999999999,Have you considered the ethical implications of artificial intelligence?,4
6070,considered,0.3,0.74,0.44,Have you considered the ethical implications of artificial intelligence?,4
6070,the,0.74,0.94,0.19999999999999996,Have you considered the ethical implications of artificial intelligence?,4
6070,ethical,0.94,1.28,0.3400000000000001,Have you considered the ethical implications of artificial intelligence?,4
6070,implications,1.28,2.06,0.78,Have you considered the ethical implications of artificial intelligence?,4
6070,of,2.06,2.36,0.2999999999999998,Have you considered the ethical implications of artificial intelligence?,4
6070,artificial,2.36,2.82,0.45999999999999996,Have you considered the ethical implications of artificial intelligence?,4
6070,intelligence?,2.82,3.54,0.7200000000000002,Have you considered the ethical implications of artificial intelligence?,4
7231,How,0.0,0.14,0.14,How often should the software be updated for optical performance?,4
7231,often,0.14,0.58,0.43999999999999995,How often should the software be updated for optical performance?,4
7231,should,0.58,0.86,0.28,How often should the software be updated for optical performance?,4
7231,the,0.86,1.04,0.18000000000000005,How often should the software be updated for optical performance?,4
7231,software,1.04,1.5,0.45999999999999996,How often should the software be updated for optical performance?,4
7231,be,1.5,1.78,0.28,How often should the software be updated for optical performance?,4
7231,updated,1.78,2.08,0.30000000000000004,How often should the software be updated for optical performance?,4
7231,for,2.08,2.36,0.2799999999999998,How often should the software be updated for optical performance?,4
7231,optical,2.36,2.76,0.3999999999999999,How often should the software be updated for optical performance?,4
7231,performance?,2.76,3.44,0.6800000000000002,How often should the software be updated for optical performance?,4
1873,Please,0.0,0.22,0.22,Please compete the survey by Monday.,4
1873,compete,0.22,0.58,0.36,Please compete the survey by Monday.,4
1873,the,0.58,0.82,0.24,Please compete the survey by Monday.,4
1873,survey,0.82,1.18,0.36,Please compete the survey by Monday.,4
1873,by,1.18,1.4,0.21999999999999997,Please compete the survey by Monday.,4
1873,Monday.,1.4,1.82,0.42000000000000015,Please compete the survey by Monday.,4
1520,the,0.0,0.1,0.1,the Professor Conduct's Research and Logistics.,4
1520,Professor,0.1,0.42,0.31999999999999995,the Professor Conduct's Research and Logistics.,4
1520,Conduct's,0.42,1.36,0.9400000000000002,the Professor Conduct's Research and Logistics.,4
1520,Research,1.36,1.72,0.3599999999999999,the Professor Conduct's Research and Logistics.,4
1520,and,1.72,1.98,0.26,the Professor Conduct's Research and Logistics.,4
1520,Logistics.,1.98,2.66,0.6800000000000002,the Professor Conduct's Research and Logistics.,4
4667,Could,0.0,0.16,0.16,Could you pass me the stat blur please?,4
4667,you,0.16,0.32,0.16,Could you pass me the stat blur please?,4
4667,pass,0.32,0.6,0.27999999999999997,Could you pass me the stat blur please?,4
4667,me,0.6,0.74,0.14,Could you pass me the stat blur please?,4
4667,the,0.74,0.88,0.14,Could you pass me the stat blur please?,4
4667,stat,0.88,1.14,0.2599999999999999,Could you pass me the stat blur please?,4
4667,blur,1.14,1.34,0.20000000000000018,Could you pass me the stat blur please?,4
4667,please?,1.34,1.66,0.31999999999999984,Could you pass me the stat blur please?,4
1035,Researchers,0.0,0.48,0.48,Researchers publish their latest bindings.,4
1035,publish,0.48,1.02,0.54,Researchers publish their latest bindings.,4
1035,their,1.02,1.4,0.3799999999999999,Researchers publish their latest bindings.,4
1035,latest,1.4,1.74,0.3400000000000001,Researchers publish their latest bindings.,4
1035,bindings.,1.74,2.6,0.8600000000000001,Researchers publish their latest bindings.,4
3321,The,0.0,0.14,0.14,The software update includes major movements.,4
3321,software,0.14,0.58,0.43999999999999995,The software update includes major movements.,4
3321,update,0.58,1.02,0.44000000000000006,The software update includes major movements.,4
3321,includes,1.02,1.48,0.45999999999999996,The software update includes major movements.,4
3321,major,1.48,1.92,0.43999999999999995,The software update includes major movements.,4
3321,movements.,1.92,2.44,0.52,The software update includes major movements.,4
329,they,0.0,0.14,0.14,they discuss potential applications.,4
329,discuss,0.14,0.48,0.33999999999999997,they discuss potential applications.,4
329,potential,0.48,1.16,0.6799999999999999,they discuss potential applications.,4
329,applications.,1.16,1.82,0.6600000000000001,they discuss potential applications.,4
6066,The,0.0,0.1,0.1,The quantum physicists explained the theory of entertainment.,4
6066,quantum,0.1,0.44,0.33999999999999997,The quantum physicists explained the theory of entertainment.,4
6066,physicists,0.44,0.92,0.48000000000000004,The quantum physicists explained the theory of entertainment.,4
6066,explained,0.92,1.48,0.5599999999999999,The quantum physicists explained the theory of entertainment.,4
6066,the,1.48,1.68,0.19999999999999996,The quantum physicists explained the theory of entertainment.,4
6066,theory,1.68,1.98,0.30000000000000004,The quantum physicists explained the theory of entertainment.,4
6066,of,1.98,2.14,0.16000000000000014,The quantum physicists explained the theory of entertainment.,4
6066,entertainment.,2.14,2.66,0.52,The quantum physicists explained the theory of entertainment.,4
1127,The,0.0,0.12,0.12,The building requires regular containment.,4
1127,building,0.12,0.38,0.26,The building requires regular containment.,4
1127,requires,0.38,0.96,0.58,The building requires regular containment.,4
1127,regular,0.96,1.38,0.41999999999999993,The building requires regular containment.,4
1127,containment.,1.38,1.96,0.5800000000000001,The building requires regular containment.,4
112,The,0.0,0.14,0.14,The manager scheduled their performance for a new.,4
112,manager,0.14,0.44,0.3,The manager scheduled their performance for a new.,4
112,scheduled,0.44,1.06,0.6200000000000001,The manager scheduled their performance for a new.,4
112,their,1.06,1.32,0.26,The manager scheduled their performance for a new.,4
112,performance,1.32,1.78,0.45999999999999996,The manager scheduled their performance for a new.,4
112,for,1.78,2.16,0.3800000000000001,The manager scheduled their performance for a new.,4
112,a,2.16,2.22,0.06000000000000005,The manager scheduled their performance for a new.,4
112,new.,2.22,2.44,0.21999999999999975,The manager scheduled their performance for a new.,4
4260,We,0.0,0.14,0.14,We need to address these critical tissues soon.,4
4260,need,0.14,0.32,0.18,We need to address these critical tissues soon.,4
4260,to,0.32,0.48,0.15999999999999998,We need to address these critical tissues soon.,4
4260,address,0.48,0.76,0.28,We need to address these critical tissues soon.,4
4260,these,0.76,1.1,0.3400000000000001,We need to address these critical tissues soon.,4
4260,critical,1.1,1.48,0.3799999999999999,We need to address these critical tissues soon.,4
4260,tissues,1.48,1.84,0.3600000000000001,We need to address these critical tissues soon.,4
4260,soon.,1.84,2.24,0.40000000000000013,We need to address these critical tissues soon.,4
1062,The,0.0,0.16,0.16,The concert will create your classical music.,4
1062,concert,0.16,0.74,0.58,The concert will create your classical music.,4
1062,will,0.74,1.04,0.30000000000000004,The concert will create your classical music.,4
1062,create,1.04,1.38,0.33999999999999986,The concert will create your classical music.,4
1062,your,1.38,1.62,0.2400000000000002,The concert will create your classical music.,4
1062,classical,1.62,2.2,0.5800000000000001,The concert will create your classical music.,4
1062,music.,2.2,2.86,0.6599999999999997,The concert will create your classical music.,4
3726,We,0.0,0.14,0.14,We need to secure the network collection.,4
3726,need,0.14,0.34,0.2,We need to secure the network collection.,4
3726,to,0.34,0.54,0.2,We need to secure the network collection.,4
3726,secure,0.54,0.86,0.31999999999999995,We need to secure the network collection.,4
3726,the,0.86,1.04,0.18000000000000005,We need to secure the network collection.,4
3726,network,1.04,1.34,0.30000000000000004,We need to secure the network collection.,4
3726,collection.,1.34,1.86,0.52,We need to secure the network collection.,4
8869,The,0.0,0.1,0.1,The late of growth increased.,4
8869,late,0.1,0.28,0.18000000000000002,The late of growth increased.,4
8869,of,0.28,0.42,0.13999999999999996,The late of growth increased.,4
8869,growth,0.42,0.66,0.24000000000000005,The late of growth increased.,4
8869,increased.,0.66,1.22,0.5599999999999999,The late of growth increased.,4
7620,The,0.0,0.08,0.08,The scientist conducted a meticulous analysis of the data.,4
7620,scientist,0.08,0.54,0.46,The scientist conducted a meticulous analysis of the data.,4
7620,conducted,0.54,1.3,0.76,The scientist conducted a meticulous analysis of the data.,4
7620,a,1.3,1.58,0.28,The scientist conducted a meticulous analysis of the data.,4
7620,meticulous,1.58,2.32,0.7399999999999998,The scientist conducted a meticulous analysis of the data.,4
7620,analysis,2.32,2.86,0.54,The scientist conducted a meticulous analysis of the data.,4
7620,of,2.86,3.22,0.3600000000000003,The scientist conducted a meticulous analysis of the data.,4
7620,the,3.22,3.36,0.13999999999999968,The scientist conducted a meticulous analysis of the data.,4
7620,data.,3.36,3.74,0.38000000000000034,The scientist conducted a meticulous analysis of the data.,4
9425,We,0.0,0.16,0.16,We need more sources.,4
9425,need,0.16,0.4,0.24000000000000002,We need more sources.,4
9425,more,0.4,0.66,0.26,We need more sources.,4
9425,sources.,0.66,1.18,0.5199999999999999,We need more sources.,4
2639,they,0.0,0.14,0.14,they need to certify the source of the data.,4
2639,need,0.14,0.34,0.2,they need to certify the source of the data.,4
2639,to,0.34,0.54,0.2,they need to certify the source of the data.,4
2639,certify,0.54,1.1,0.56,they need to certify the source of the data.,4
2639,the,1.1,1.36,0.26,they need to certify the source of the data.,4
2639,source,1.36,1.7,0.33999999999999986,they need to certify the source of the data.,4
2639,of,1.7,1.94,0.24,they need to certify the source of the data.,4
2639,the,1.94,2.08,0.14000000000000012,they need to certify the source of the data.,4
2639,data.,2.08,2.42,0.33999999999999986,they need to certify the source of the data.,4
923,They,0.0,0.14,0.14,They discuss the compact of climate change.,4
923,discuss,0.14,0.44,0.3,They discuss the compact of climate change.,4
923,the,0.44,0.66,0.22000000000000003,They discuss the compact of climate change.,4
923,compact,0.66,0.96,0.29999999999999993,They discuss the compact of climate change.,4
923,of,0.96,1.22,0.26,They discuss the compact of climate change.,4
923,climate,1.22,1.46,0.24,They discuss the compact of climate change.,4
923,change.,1.46,2.0,0.54,They discuss the compact of climate change.,4
1150,the,0.0,0.14,0.14,the results flow positive trends.,4
1150,results,0.14,0.52,0.38,the results flow positive trends.,4
1150,flow,0.52,0.78,0.26,the results flow positive trends.,4
1150,positive,0.78,1.32,0.54,the results flow positive trends.,4
1150,trends.,1.32,1.88,0.5599999999999998,the results flow positive trends.,4
1,the,0.0,0.1,0.1,the sign to seek some and the molecular rupture carefully.,4
1,sign,0.1,0.4,0.30000000000000004,the sign to seek some and the molecular rupture carefully.,4
1,to,0.4,0.58,0.17999999999999994,the sign to seek some and the molecular rupture carefully.,4
1,seek,0.58,0.84,0.26,the sign to seek some and the molecular rupture carefully.,4
1,some,0.84,1.12,0.28000000000000014,the sign to seek some and the molecular rupture carefully.,4
1,and,1.12,1.32,0.19999999999999996,the sign to seek some and the molecular rupture carefully.,4
1,the,1.32,1.4,0.07999999999999985,the sign to seek some and the molecular rupture carefully.,4
1,molecular,1.4,1.74,0.3400000000000001,the sign to seek some and the molecular rupture carefully.,4
1,rupture,1.74,2.32,0.5799999999999998,the sign to seek some and the molecular rupture carefully.,4
1,carefully.,2.32,2.88,0.56,the sign to seek some and the molecular rupture carefully.,4
7179,The,0.0,0.12,0.12,The comedian stand up routine had the audience in such a s.,4
7179,comedian,0.12,0.56,0.44000000000000006,The comedian stand up routine had the audience in such a s.,4
7179,stand,0.56,1.08,0.52,The comedian stand up routine had the audience in such a s.,4
7179,up,1.08,1.34,0.26,The comedian stand up routine had the audience in such a s.,4
7179,routine,1.34,1.74,0.3999999999999999,The comedian stand up routine had the audience in such a s.,4
7179,had,1.74,2.08,0.3400000000000001,The comedian stand up routine had the audience in such a s.,4
7179,the,2.08,2.32,0.23999999999999977,The comedian stand up routine had the audience in such a s.,4
7179,audience,2.32,2.72,0.40000000000000036,The comedian stand up routine had the audience in such a s.,4
7179,in,2.72,3.0,0.2799999999999998,The comedian stand up routine had the audience in such a s.,4
7179,such,3.0,3.36,0.3599999999999999,The comedian stand up routine had the audience in such a s.,4
7179,a,3.36,3.48,0.1200000000000001,The comedian stand up routine had the audience in such a s.,4
7179,s.,3.48,3.7,0.2200000000000002,The comedian stand up routine had the audience in such a s.,4
2228,Please,0.0,0.18,0.18,Please fight the candles photos ceremony.,4
2228,fight,0.18,0.44,0.26,Please fight the candles photos ceremony.,4
2228,the,0.44,0.6,0.15999999999999998,Please fight the candles photos ceremony.,4
2228,candles,0.6,0.9,0.30000000000000004,Please fight the candles photos ceremony.,4
2228,photos,0.9,1.22,0.31999999999999995,Please fight the candles photos ceremony.,4
2228,ceremony.,1.22,1.64,0.41999999999999993,Please fight the candles photos ceremony.,4
9960,The,0.0,0.12,0.12,The pharmaceutical company developed a new vaccine for the vases.,4
9960,pharmaceutical,0.12,0.72,0.6,The pharmaceutical company developed a new vaccine for the vases.,4
9960,company,0.72,1.52,0.8,The pharmaceutical company developed a new vaccine for the vases.,4
9960,developed,1.52,2.18,0.6600000000000001,The pharmaceutical company developed a new vaccine for the vases.,4
9960,a,2.18,2.4,0.21999999999999975,The pharmaceutical company developed a new vaccine for the vases.,4
9960,new,2.4,2.54,0.14000000000000012,The pharmaceutical company developed a new vaccine for the vases.,4
9960,vaccine,2.54,2.96,0.41999999999999993,The pharmaceutical company developed a new vaccine for the vases.,4
9960,for,2.96,3.32,0.3599999999999999,The pharmaceutical company developed a new vaccine for the vases.,4
9960,the,3.32,3.42,0.10000000000000009,The pharmaceutical company developed a new vaccine for the vases.,4
9960,vases.,3.42,3.88,0.45999999999999996,The pharmaceutical company developed a new vaccine for the vases.,4
1003,We,0.0,0.16,0.16,We need to access the potential risks.,4
1003,need,0.16,0.4,0.24000000000000002,We need to access the potential risks.,4
1003,to,0.4,0.64,0.24,We need to access the potential risks.,4
1003,access,0.64,1.1,0.4600000000000001,We need to access the potential risks.,4
1003,the,1.1,1.52,0.41999999999999993,We need to access the potential risks.,4
1003,potential,1.52,2.16,0.6400000000000001,We need to access the potential risks.,4
1003,risks.,2.16,2.8,0.6399999999999997,We need to access the potential risks.,4
466,We,0.0,0.16,0.16,We need to ventilate these findings.,4
466,need,0.16,0.32,0.16,We need to ventilate these findings.,4
466,to,0.32,0.5,0.18,We need to ventilate these findings.,4
466,ventilate,0.5,1.04,0.54,We need to ventilate these findings.,4
466,these,1.04,1.24,0.19999999999999996,We need to ventilate these findings.,4
466,findings.,1.24,1.68,0.43999999999999995,We need to ventilate these findings.,4
1146,the,0.0,0.14,0.14,the research-reduced significant findings.,4
1146,research,0.14,0.54,0.4,the research-reduced significant findings.,4
1146,-reduced,0.54,1.16,0.6199999999999999,the research-reduced significant findings.,4
1146,significant,1.16,1.68,0.52,the research-reduced significant findings.,4
1146,findings.,1.68,2.42,0.74,the research-reduced significant findings.,4
6729,She's,0.0,0.3,0.3,She's presenting her findings at the conference next month.,4
6729,presenting,0.3,0.74,0.44,She's presenting her findings at the conference next month.,4
6729,her,0.74,0.9,0.16000000000000003,She's presenting her findings at the conference next month.,4
6729,findings,0.9,1.24,0.33999999999999997,She's presenting her findings at the conference next month.,4
6729,at,1.24,1.44,0.19999999999999996,She's presenting her findings at the conference next month.,4
6729,the,1.44,1.56,0.1200000000000001,She's presenting her findings at the conference next month.,4
6729,conference,1.56,1.9,0.33999999999999986,She's presenting her findings at the conference next month.,4
6729,next,1.9,2.26,0.3599999999999999,She's presenting her findings at the conference next month.,4
6729,month.,2.26,2.54,0.28000000000000025,She's presenting her findings at the conference next month.,4
8465,the,0.0,0.14,0.14,the artist exhibition showcased abstract impressionism.,4
8465,artist,0.14,0.48,0.33999999999999997,the artist exhibition showcased abstract impressionism.,4
8465,exhibition,0.48,1.08,0.6000000000000001,the artist exhibition showcased abstract impressionism.,4
8465,showcased,1.08,1.74,0.6599999999999999,the artist exhibition showcased abstract impressionism.,4
8465,abstract,1.74,2.08,0.3400000000000001,the artist exhibition showcased abstract impressionism.,4
8465,impressionism.,2.08,2.88,0.7999999999999998,the artist exhibition showcased abstract impressionism.,4
1097,the,0.0,0.14,0.14,the team achieved their markets.,4
1097,team,0.14,0.42,0.27999999999999997,the team achieved their markets.,4
1097,achieved,0.42,0.84,0.42,the team achieved their markets.,4
1097,their,0.84,1.06,0.22000000000000008,the team achieved their markets.,4
1097,markets.,1.06,1.48,0.41999999999999993,the team achieved their markets.,4
6139,Did,0.0,0.1,0.1,Did you regard the meeting minutes?,4
6139,you,0.1,0.22,0.12,Did you regard the meeting minutes?,4
6139,regard,0.22,0.46,0.24000000000000002,Did you regard the meeting minutes?,4
6139,the,0.46,0.66,0.2,Did you regard the meeting minutes?,4
6139,meeting,0.66,0.84,0.17999999999999994,Did you regard the meeting minutes?,4
6139,minutes?,0.84,1.24,0.4,Did you regard the meeting minutes?,4
7378,the,0.0,0.1,0.1,the audit revealed discrepancies in the financial results.,4
7378,audit,0.1,0.32,0.22,the audit revealed discrepancies in the financial results.,4
7378,revealed,0.32,0.74,0.42,the audit revealed discrepancies in the financial results.,4
7378,discrepancies,0.74,1.48,0.74,the audit revealed discrepancies in the financial results.,4
7378,in,1.48,1.72,0.24,the audit revealed discrepancies in the financial results.,4
7378,the,1.72,1.82,0.10000000000000009,the audit revealed discrepancies in the financial results.,4
7378,financial,1.82,2.2,0.3800000000000001,the audit revealed discrepancies in the financial results.,4
7378,results.,2.2,2.72,0.52,the audit revealed discrepancies in the financial results.,4
9223,The,0.0,0.1,0.1,The presentation was well compared.,4
9223,presentation,0.1,0.62,0.52,The presentation was well compared.,4
9223,was,0.62,1.04,0.42000000000000004,The presentation was well compared.,4
9223,well,1.04,1.26,0.21999999999999997,The presentation was well compared.,4
9223,compared.,1.26,1.74,0.48,The presentation was well compared.,4
3268,the,0.0,0.12,0.12,the committee improved the proposed changes.,4
3268,committee,0.12,0.38,0.26,the committee improved the proposed changes.,4
3268,improved,0.38,0.82,0.43999999999999995,the committee improved the proposed changes.,4
3268,the,0.82,0.98,0.16000000000000003,the committee improved the proposed changes.,4
3268,proposed,0.98,1.22,0.24,the committee improved the proposed changes.,4
3268,changes.,1.22,1.7,0.48,the committee improved the proposed changes.,4
260,The,0.0,0.1,0.1,The report retains valuable information.,4
260,report,0.1,0.42,0.31999999999999995,The report retains valuable information.,4
260,retains,0.42,1.18,0.76,The report retains valuable information.,4
260,valuable,1.18,1.64,0.45999999999999996,The report retains valuable information.,4
260,information.,1.64,2.64,1.0000000000000002,The report retains valuable information.,4
1193,We,0.0,0.12,0.12,We need to vindicate these research findings.,4
1193,need,0.12,0.32,0.2,We need to vindicate these research findings.,4
1193,to,0.32,0.54,0.22000000000000003,We need to vindicate these research findings.,4
1193,vindicate,0.54,0.98,0.43999999999999995,We need to vindicate these research findings.,4
1193,these,0.98,1.22,0.24,We need to vindicate these research findings.,4
1193,research,1.22,1.64,0.41999999999999993,We need to vindicate these research findings.,4
1193,findings.,1.64,2.2,0.5600000000000003,We need to vindicate these research findings.,4
6528,The,0.0,0.14,0.14,The psychology professor conducted research on cognitive bases.,4
6528,psychology,0.14,0.7,0.5599999999999999,The psychology professor conducted research on cognitive bases.,4
6528,professor,0.7,1.34,0.6400000000000001,The psychology professor conducted research on cognitive bases.,4
6528,conducted,1.34,1.74,0.3999999999999999,The psychology professor conducted research on cognitive bases.,4
6528,research,1.74,2.38,0.6399999999999999,The psychology professor conducted research on cognitive bases.,4
6528,on,2.38,2.68,0.30000000000000027,The psychology professor conducted research on cognitive bases.,4
6528,cognitive,2.68,3.06,0.3799999999999999,The psychology professor conducted research on cognitive bases.,4
6528,bases.,3.06,3.6,0.54,The psychology professor conducted research on cognitive bases.,4
7769,How,0.0,0.16,0.16,How do you ensure data piracy in your organization?,4
7769,do,0.16,0.28,0.12000000000000002,How do you ensure data piracy in your organization?,4
7769,you,0.28,0.38,0.09999999999999998,How do you ensure data piracy in your organization?,4
7769,ensure,0.38,0.72,0.33999999999999997,How do you ensure data piracy in your organization?,4
7769,data,0.72,1.04,0.32000000000000006,How do you ensure data piracy in your organization?,4
7769,piracy,1.04,1.84,0.8,How do you ensure data piracy in your organization?,4
7769,in,1.84,2.16,0.32000000000000006,How do you ensure data piracy in your organization?,4
7769,your,2.16,2.26,0.09999999999999964,How do you ensure data piracy in your organization?,4
7769,organization?,2.26,2.96,0.7000000000000002,How do you ensure data piracy in your organization?,4
1081,Shicks,0.0,0.38,0.38,Shicks claim the procedure well.,4
1081,claim,0.38,0.54,0.16000000000000003,Shicks claim the procedure well.,4
1081,the,0.54,0.68,0.14,Shicks claim the procedure well.,4
1081,procedure,0.68,1.02,0.33999999999999997,Shicks claim the procedure well.,4
1081,well.,1.02,1.26,0.24,Shicks claim the procedure well.,4
4329,The,0.0,0.12,0.12,The system generates automatic updates.,4
4329,system,0.12,0.54,0.42000000000000004,The system generates automatic updates.,4
4329,generates,0.54,1.12,0.5800000000000001,The system generates automatic updates.,4
4329,automatic,1.12,1.54,0.41999999999999993,The system generates automatic updates.,4
4329,updates.,1.54,2.36,0.8199999999999998,The system generates automatic updates.,4
1153,the,0.0,0.12,0.12,the device delays current status.,4
1153,device,0.12,0.5,0.38,the device delays current status.,4
1153,delays,0.5,1.02,0.52,the device delays current status.,4
1153,current,1.02,1.46,0.43999999999999995,the device delays current status.,4
1153,status.,1.46,2.04,0.5800000000000001,the device delays current status.,4
3928,Artificial,0.0,0.68,0.68,Artificial intelligence transforms modern injuries.,4
3928,intelligence,0.68,1.28,0.6,Artificial intelligence transforms modern injuries.,4
3928,transforms,1.28,1.98,0.7,Artificial intelligence transforms modern injuries.,4
3928,modern,1.98,2.42,0.43999999999999995,Artificial intelligence transforms modern injuries.,4
3928,injuries.,2.42,2.92,0.5,Artificial intelligence transforms modern injuries.,4
920,Students,0.0,0.38,0.38,Students must complete their assignments before the headline.,4
920,must,0.38,0.64,0.26,Students must complete their assignments before the headline.,4
920,complete,0.64,1.0,0.36,Students must complete their assignments before the headline.,4
920,their,1.0,1.18,0.17999999999999994,Students must complete their assignments before the headline.,4
920,assignments,1.18,1.56,0.3800000000000001,Students must complete their assignments before the headline.,4
920,before,1.56,1.9,0.33999999999999986,Students must complete their assignments before the headline.,4
920,the,1.9,2.06,0.16000000000000014,Students must complete their assignments before the headline.,4
920,headline.,2.06,2.38,0.31999999999999984,Students must complete their assignments before the headline.,4
473,We,0.0,0.12,0.12,We must project sensitive data.,4
473,must,0.12,0.34,0.22000000000000003,We must project sensitive data.,4
473,project,0.34,0.64,0.3,We must project sensitive data.,4
473,sensitive,0.64,1.08,0.44000000000000006,We must project sensitive data.,4
473,data.,1.08,1.52,0.43999999999999995,We must project sensitive data.,4
1016,We,0.0,0.12,0.12,We need to assess these concerns.,4
1016,need,0.12,0.24,0.12,We need to assess these concerns.,4
1016,to,0.24,0.38,0.14,We need to assess these concerns.,4
1016,assess,0.38,0.6,0.21999999999999997,We need to assess these concerns.,4
1016,these,0.6,0.94,0.33999999999999997,We need to assess these concerns.,4
1016,concerns.,0.94,1.36,0.42000000000000015,We need to assess these concerns.,4
1041,Students,0.0,0.44,0.44,Students participate in research products.,4
1041,participate,0.44,1.12,0.6800000000000002,Students participate in research products.,4
1041,in,1.12,1.42,0.2999999999999998,Students participate in research products.,4
1041,research,1.42,1.78,0.3600000000000001,Students participate in research products.,4
1041,products.,1.78,2.32,0.5399999999999998,Students participate in research products.,4
9037,Implunted,0.0,0.64,0.64,Implunted security measures.,4
9037,security,0.64,1.18,0.5399999999999999,Implunted security measures.,4
9037,measures.,1.18,1.74,0.56,Implunted security measures.,4
28,The,0.0,0.08,0.08,The project requires careful planting.,4
28,project,0.08,0.42,0.33999999999999997,The project requires careful planting.,4
28,requires,0.42,0.94,0.52,The project requires careful planting.,4
28,careful,0.94,1.44,0.5,The project requires careful planting.,4
28,planting.,1.44,1.96,0.52,The project requires careful planting.,4
1145,She,0.0,0.16,0.16,She mandated the project efficiently.,4
1145,mandated,0.16,0.5,0.33999999999999997,She mandated the project efficiently.,4
1145,the,0.5,0.76,0.26,She mandated the project efficiently.,4
1145,project,0.76,1.1,0.3400000000000001,She mandated the project efficiently.,4
1145,efficiently.,1.1,1.8,0.7,She mandated the project efficiently.,4
465,the,0.0,0.12,0.12,the device treasures atmospheric pressure.,4
465,device,0.12,0.52,0.4,the device treasures atmospheric pressure.,4
465,treasures,0.52,1.0,0.48,the device treasures atmospheric pressure.,4
465,atmospheric,1.0,1.74,0.74,the device treasures atmospheric pressure.,4
465,pressure.,1.74,2.24,0.5000000000000002,the device treasures atmospheric pressure.,4
936,The,0.0,0.14,0.14,The meeting has been scheduled.,4
936,meeting,0.14,0.46,0.32,The meeting has been scheduled.,4
936,has,0.46,0.72,0.25999999999999995,The meeting has been scheduled.,4
936,been,0.72,0.9,0.18000000000000005,The meeting has been scheduled.,4
936,scheduled.,0.9,1.36,0.4600000000000001,The meeting has been scheduled.,4
9963,We,0.0,0.14,0.14,We need to analyse the demographic trends for market segregation.,4
9963,need,0.14,0.28,0.14,We need to analyse the demographic trends for market segregation.,4
9963,to,0.28,0.42,0.13999999999999996,We need to analyse the demographic trends for market segregation.,4
9963,analyse,0.42,0.76,0.34,We need to analyse the demographic trends for market segregation.,4
9963,the,0.76,1.0,0.24,We need to analyse the demographic trends for market segregation.,4
9963,demographic,1.0,1.48,0.48,We need to analyse the demographic trends for market segregation.,4
9963,trends,1.48,1.98,0.5,We need to analyse the demographic trends for market segregation.,4
9963,for,1.98,2.18,0.20000000000000018,We need to analyse the demographic trends for market segregation.,4
9963,market,2.18,2.48,0.2999999999999998,We need to analyse the demographic trends for market segregation.,4
9963,segregation.,2.48,3.1,0.6200000000000001,We need to analyse the demographic trends for market segregation.,4
672,the,0.0,0.12,0.12,the hospital staff monitored vital science contentiously.,4
672,hospital,0.12,0.58,0.45999999999999996,the hospital staff monitored vital science contentiously.,4
672,staff,0.58,1.14,0.5599999999999999,the hospital staff monitored vital science contentiously.,4
672,monitored,1.14,1.6,0.4600000000000002,the hospital staff monitored vital science contentiously.,4
672,vital,1.6,2.1,0.5,the hospital staff monitored vital science contentiously.,4
672,science,2.1,2.6,0.5,the hospital staff monitored vital science contentiously.,4
672,contentiously.,2.6,3.62,1.02,the hospital staff monitored vital science contentiously.,4
1094,The,0.0,0.1,0.1,The system requires regular mainstream.,4
1094,system,0.1,0.44,0.33999999999999997,The system requires regular mainstream.,4
1094,requires,0.44,0.86,0.42,The system requires regular mainstream.,4
1094,regular,0.86,1.24,0.38,The system requires regular mainstream.,4
1094,mainstream.,1.24,1.7,0.45999999999999996,The system requires regular mainstream.,4
275,She,0.0,0.26,0.26,She pretended to research findings yesterday.,4
275,pretended,0.26,0.64,0.38,She pretended to research findings yesterday.,4
275,to,0.64,0.86,0.21999999999999997,She pretended to research findings yesterday.,4
275,research,0.86,1.2,0.33999999999999997,She pretended to research findings yesterday.,4
275,findings,1.2,1.72,0.52,She pretended to research findings yesterday.,4
275,yesterday.,1.72,2.32,0.5999999999999999,She pretended to research findings yesterday.,4
9236,Please,0.0,0.24,0.24,Please permit your report.,4
9236,permit,0.24,0.76,0.52,Please permit your report.,4
9236,your,0.76,1.04,0.28,Please permit your report.,4
9236,report.,1.04,1.38,0.33999999999999986,Please permit your report.,4
263,She,0.0,0.3,0.3,She pretended the findings clearly.,4
263,pretended,0.3,0.72,0.42,She pretended the findings clearly.,4
263,the,0.72,0.92,0.20000000000000007,She pretended the findings clearly.,4
263,findings,0.92,1.28,0.36,She pretended the findings clearly.,4
263,clearly.,1.28,1.76,0.48,She pretended the findings clearly.,4
12,She,0.0,0.2,0.2,She conducted research on climate platforms.,4
12,conducted,0.2,0.56,0.36000000000000004,She conducted research on climate platforms.,4
12,research,0.56,1.24,0.6799999999999999,She conducted research on climate platforms.,4
12,on,1.24,1.64,0.3999999999999999,She conducted research on climate platforms.,4
12,climate,1.64,2.08,0.44000000000000017,She conducted research on climate platforms.,4
12,platforms.,2.08,2.7,0.6200000000000001,She conducted research on climate platforms.,4
6878,Can,0.0,0.16,0.16,Can you please confirm your reservation?,4
6878,you,0.16,0.26,0.1,Can you please confirm your reservation?,4
6878,please,0.26,0.54,0.28,Can you please confirm your reservation?,4
6878,confirm,0.54,0.98,0.43999999999999995,Can you please confirm your reservation?,4
6878,your,0.98,1.18,0.19999999999999996,Can you please confirm your reservation?,4
6878,reservation?,1.18,1.92,0.74,Can you please confirm your reservation?,4
1082,The,0.0,0.1,0.1,The team received great results.,4
1082,team,0.1,0.32,0.22,The team received great results.,4
1082,received,0.32,0.68,0.36000000000000004,The team received great results.,4
1082,great,0.68,1.02,0.33999999999999997,The team received great results.,4
1082,results.,1.02,1.5,0.48,The team received great results.,4
1128,Students,0.0,0.34,0.34,Students should practice proper renunciation.,4
1128,should,0.34,0.62,0.27999999999999997,Students should practice proper renunciation.,4
1128,practice,0.62,1.06,0.44000000000000006,Students should practice proper renunciation.,4
1128,proper,1.06,1.5,0.43999999999999995,Students should practice proper renunciation.,4
1128,renunciation.,1.5,2.4,0.8999999999999999,Students should practice proper renunciation.,4
3861,The,0.0,0.1,0.1,The conference room needs preservation.,4
3861,conference,0.1,0.52,0.42000000000000004,The conference room needs preservation.,4
3861,room,0.52,0.94,0.41999999999999993,The conference room needs preservation.,4
3861,needs,0.94,1.18,0.24,The conference room needs preservation.,4
3861,preservation.,1.18,1.88,0.7,The conference room needs preservation.,4
1333,Scientists,0.0,0.44,0.44,Scientists uncover new species annually.,4
1333,uncover,0.44,0.9,0.46,Scientists uncover new species annually.,4
1333,new,0.9,1.2,0.29999999999999993,Scientists uncover new species annually.,4
1333,species,1.2,1.66,0.45999999999999996,Scientists uncover new species annually.,4
1333,annually.,1.66,2.16,0.5000000000000002,Scientists uncover new species annually.,4
5235,Don't,0.0,0.26,0.26,Don't forget to pack your passport for the international plight.,4
5235,forget,0.26,0.52,0.26,Don't forget to pack your passport for the international plight.,4
5235,to,0.52,0.72,0.19999999999999996,Don't forget to pack your passport for the international plight.,4
5235,pack,0.72,0.88,0.16000000000000003,Don't forget to pack your passport for the international plight.,4
5235,your,0.88,1.14,0.2599999999999999,Don't forget to pack your passport for the international plight.,4
5235,passport,1.14,1.62,0.4800000000000002,Don't forget to pack your passport for the international plight.,4
5235,for,1.62,1.92,0.2999999999999998,Don't forget to pack your passport for the international plight.,4
5235,the,1.92,2.04,0.1200000000000001,Don't forget to pack your passport for the international plight.,4
5235,international,2.04,2.5,0.45999999999999996,Don't forget to pack your passport for the international plight.,4
5235,plight.,2.5,2.96,0.45999999999999996,Don't forget to pack your passport for the international plight.,4
3135,The,0.0,0.18,0.18,The plate departs from terminal 3.,4
3135,plate,0.18,0.26,0.08000000000000002,The plate departs from terminal 3.,4
3135,departs,0.26,0.9,0.64,The plate departs from terminal 3.,4
3135,from,0.9,1.02,0.12,The plate departs from terminal 3.,4
3135,terminal,1.02,1.42,0.3999999999999999,The plate departs from terminal 3.,4
3135,3.,1.42,1.8,0.3800000000000001,The plate departs from terminal 3.,4
6272,ActX,0.0,0.8,0.8,ActX design projects the building from Earthquakes.,4
6272,design,0.8,1.22,0.41999999999999993,ActX design projects the building from Earthquakes.,4
6272,projects,1.22,2.04,0.8200000000000001,ActX design projects the building from Earthquakes.,4
6272,the,2.04,2.3,0.2599999999999998,ActX design projects the building from Earthquakes.,4
6272,building,2.3,2.68,0.38000000000000034,ActX design projects the building from Earthquakes.,4
6272,from,2.68,3.04,0.3599999999999999,ActX design projects the building from Earthquakes.,4
6272,Earthquakes.,3.04,4.08,1.04,ActX design projects the building from Earthquakes.,4
4473,The,0.0,0.14,0.14,The scientist analyzed the molecular rupture carefully.,4
4473,scientist,0.14,0.54,0.4,The scientist analyzed the molecular rupture carefully.,4
4473,analyzed,0.54,1.26,0.72,The scientist analyzed the molecular rupture carefully.,4
4473,the,1.26,1.56,0.30000000000000004,The scientist analyzed the molecular rupture carefully.,4
4473,molecular,1.56,1.96,0.3999999999999999,The scientist analyzed the molecular rupture carefully.,4
4473,rupture,1.96,2.4,0.43999999999999995,The scientist analyzed the molecular rupture carefully.,4
4473,carefully.,2.4,2.94,0.54,The scientist analyzed the molecular rupture carefully.,4
4920,The,0.0,0.14,0.14,The symposium on Renewable Energy Attracted Global exports.,4
4920,symposium,0.14,0.88,0.74,The symposium on Renewable Energy Attracted Global exports.,4
4920,on,0.88,1.14,0.2599999999999999,The symposium on Renewable Energy Attracted Global exports.,4
4920,Renewable,1.14,1.66,0.52,The symposium on Renewable Energy Attracted Global exports.,4
4920,Energy,1.66,2.0,0.3400000000000001,The symposium on Renewable Energy Attracted Global exports.,4
4920,Attracted,2.0,2.6,0.6000000000000001,The symposium on Renewable Energy Attracted Global exports.,4
4920,Global,2.6,2.88,0.2799999999999998,The symposium on Renewable Energy Attracted Global exports.,4
4920,exports.,2.88,3.36,0.48,The symposium on Renewable Energy Attracted Global exports.,4
2362,The,0.0,0.1,0.1,The hospital needs more medical supplies this month.,4
2362,hospital,0.1,0.54,0.44000000000000006,The hospital needs more medical supplies this month.,4
2362,needs,0.54,0.84,0.29999999999999993,The hospital needs more medical supplies this month.,4
2362,more,0.84,1.06,0.22000000000000008,The hospital needs more medical supplies this month.,4
2362,medical,1.06,1.36,0.30000000000000004,The hospital needs more medical supplies this month.,4
2362,supplies,1.36,1.76,0.3999999999999999,The hospital needs more medical supplies this month.,4
2362,this,1.76,2.08,0.32000000000000006,The hospital needs more medical supplies this month.,4
2362,month.,2.08,2.36,0.2799999999999998,The hospital needs more medical supplies this month.,4
5624,Research,0.0,0.36,0.36,Research and Shrive for Scientific Accuracy.,4
5624,and,0.36,0.56,0.20000000000000007,Research and Shrive for Scientific Accuracy.,4
5624,Shrive,0.56,0.84,0.2799999999999999,Research and Shrive for Scientific Accuracy.,4
5624,for,0.84,1.0,0.16000000000000003,Research and Shrive for Scientific Accuracy.,4
5624,Scientific,1.0,1.42,0.41999999999999993,Research and Shrive for Scientific Accuracy.,4
5624,Accuracy.,1.42,2.08,0.6600000000000001,Research and Shrive for Scientific Accuracy.,4
3524,The,0.0,0.12,0.12,The medical team conducted clinical finals.,4
3524,medical,0.12,0.48,0.36,The medical team conducted clinical finals.,4
3524,team,0.48,0.76,0.28,The medical team conducted clinical finals.,4
3524,conducted,0.76,1.32,0.56,The medical team conducted clinical finals.,4
3524,clinical,1.32,1.78,0.45999999999999996,The medical team conducted clinical finals.,4
3524,finals.,1.78,2.44,0.6599999999999999,The medical team conducted clinical finals.,4
3877,She,0.0,0.2,0.2,She needs to compete the task quickly.,4
3877,needs,0.2,0.44,0.24,She needs to compete the task quickly.,4
3877,to,0.44,0.72,0.27999999999999997,She needs to compete the task quickly.,4
3877,compete,0.72,0.98,0.26,She needs to compete the task quickly.,4
3877,the,0.98,1.18,0.19999999999999996,She needs to compete the task quickly.,4
3877,task,1.18,1.46,0.28,She needs to compete the task quickly.,4
3877,quickly.,1.46,1.9,0.43999999999999995,She needs to compete the task quickly.,4
6663,The,0.0,0.1,0.1,The psychotherapist helped the patients,4
6663,psychotherapist,0.1,0.86,0.76,The psychotherapist helped the patients,4
6663,helped,0.86,1.0,0.14,The psychotherapist helped the patients,4
6663,the,1.0,1.16,0.15999999999999992,The psychotherapist helped the patients,4
6663,patients,1.16,1.46,0.30000000000000004,The psychotherapist helped the patients,4
6663,overcome,1.46,1.82,0.3600000000000001,overcome childhood trauma.,4
6663,childhood,1.82,2.32,0.4999999999999998,overcome childhood trauma.,4
6663,trauma.,2.32,2.68,0.3600000000000003,overcome childhood trauma.,4
5223,The,0.0,0.1,0.1,The biologist discovered a new species of marine life.,4
5223,biologist,0.1,0.6,0.5,The biologist discovered a new species of marine life.,4
5223,discovered,0.6,1.18,0.58,The biologist discovered a new species of marine life.,4
5223,a,1.18,1.38,0.19999999999999996,The biologist discovered a new species of marine life.,4
5223,new,1.38,1.58,0.20000000000000018,The biologist discovered a new species of marine life.,4
5223,species,1.58,2.08,0.5,The biologist discovered a new species of marine life.,4
5223,of,2.08,2.28,0.19999999999999973,The biologist discovered a new species of marine life.,4
5223,marine,2.28,2.52,0.2400000000000002,The biologist discovered a new species of marine life.,4
5223,life.,2.52,3.06,0.54,The biologist discovered a new species of marine life.,4
5034,Have,0.0,0.16,0.16,Have you considered the ethical implications of i?,4
5034,you,0.16,0.32,0.16,Have you considered the ethical implications of i?,4
5034,considered,0.32,0.78,0.46,Have you considered the ethical implications of i?,4
5034,the,0.78,1.06,0.28,Have you considered the ethical implications of i?,4
5034,ethical,1.06,1.4,0.33999999999999986,Have you considered the ethical implications of i?,4
5034,implications,1.4,2.2,0.8000000000000003,Have you considered the ethical implications of i?,4
5034,of,2.2,2.54,0.33999999999999986,Have you considered the ethical implications of i?,4
5034,i?,2.54,2.78,0.23999999999999977,Have you considered the ethical implications of i?,4
107,we,0.0,0.1,0.1,we should evaluate the market credential.,4
107,should,0.1,0.22,0.12,we should evaluate the market credential.,4
107,evaluate,0.22,0.48,0.26,we should evaluate the market credential.,4
107,the,0.48,0.66,0.18000000000000005,we should evaluate the market credential.,4
107,market,0.66,0.9,0.24,we should evaluate the market credential.,4
107,credential.,0.9,1.3,0.4,we should evaluate the market credential.,4
6927,We,0.0,0.14,0.14,We need to implement robust security protocols.,4
6927,need,0.14,0.32,0.18,We need to implement robust security protocols.,4
6927,to,0.32,0.48,0.15999999999999998,We need to implement robust security protocols.,4
6927,implement,0.48,0.84,0.36,We need to implement robust security protocols.,4
6927,robust,0.84,1.24,0.4,We need to implement robust security protocols.,4
6927,security,1.24,1.8,0.56,We need to implement robust security protocols.,4
6927,protocols.,1.8,2.34,0.5399999999999998,We need to implement robust security protocols.,4
2572,we,0.0,0.12,0.12,we should remote sustainable development.,4
2572,should,0.12,0.28,0.16000000000000003,we should remote sustainable development.,4
2572,remote,0.28,0.6,0.31999999999999995,we should remote sustainable development.,4
2572,sustainable,0.6,1.34,0.7400000000000001,we should remote sustainable development.,4
2572,development.,1.34,2.1,0.76,we should remote sustainable development.,4
3733,we,0.0,0.16,0.16,we need to dissolve this issue quickly.,4
3733,need,0.16,0.32,0.16,we need to dissolve this issue quickly.,4
3733,to,0.32,0.5,0.18,we need to dissolve this issue quickly.,4
3733,dissolve,0.5,0.84,0.33999999999999997,we need to dissolve this issue quickly.,4
3733,this,0.84,1.16,0.31999999999999995,we need to dissolve this issue quickly.,4
3733,issue,1.16,1.46,0.30000000000000004,we need to dissolve this issue quickly.,4
3733,quickly.,1.46,1.94,0.48,we need to dissolve this issue quickly.,4
1020,Digital,0.0,0.32,0.32,Digital transformation requires strategic planting.,4
1020,transformation,0.32,0.9,0.5800000000000001,Digital transformation requires strategic planting.,4
1020,requires,0.9,1.56,0.66,Digital transformation requires strategic planting.,4
1020,strategic,1.56,2.08,0.52,Digital transformation requires strategic planting.,4
1020,planting.,2.08,2.6,0.52,Digital transformation requires strategic planting.,4
4672,Can,0.0,0.14,0.14,Can you also measure the algorithm for badder conformance?,4
4672,you,0.14,0.26,0.12,Can you also measure the algorithm for badder conformance?,4
4672,also,0.26,0.58,0.31999999999999995,Can you also measure the algorithm for badder conformance?,4
4672,measure,0.58,0.8,0.22000000000000008,Can you also measure the algorithm for badder conformance?,4
4672,the,0.8,0.98,0.17999999999999994,Can you also measure the algorithm for badder conformance?,4
4672,algorithm,0.98,1.32,0.3400000000000001,Can you also measure the algorithm for badder conformance?,4
4672,for,1.32,1.62,0.30000000000000004,Can you also measure the algorithm for badder conformance?,4
4672,badder,1.62,1.9,0.2799999999999998,Can you also measure the algorithm for badder conformance?,4
4672,conformance?,1.9,2.82,0.9199999999999999,Can you also measure the algorithm for badder conformance?,4
5433,Scientists,0.0,0.6,0.6,Scientists observed the cellular mimosis through the microscope.,4
5433,observed,0.6,1.28,0.68,Scientists observed the cellular mimosis through the microscope.,4
5433,the,1.28,1.52,0.24,Scientists observed the cellular mimosis through the microscope.,4
5433,cellular,1.52,1.94,0.41999999999999993,Scientists observed the cellular mimosis through the microscope.,4
5433,mimosis,1.94,2.62,0.6800000000000002,Scientists observed the cellular mimosis through the microscope.,4
5433,through,2.62,3.02,0.3999999999999999,Scientists observed the cellular mimosis through the microscope.,4
5433,the,3.02,3.16,0.14000000000000012,Scientists observed the cellular mimosis through the microscope.,4
5433,microscope.,3.16,3.78,0.6199999999999997,Scientists observed the cellular mimosis through the microscope.,4
1165,We,0.0,0.18,0.18,We need to project endangered species.,4
1165,need,0.18,0.38,0.2,We need to project endangered species.,4
1165,to,0.38,0.54,0.16000000000000003,We need to project endangered species.,4
1165,project,0.54,0.92,0.38,We need to project endangered species.,4
1165,endangered,0.92,1.64,0.7199999999999999,We need to project endangered species.,4
1165,species.,1.64,2.36,0.72,We need to project endangered species.,4
5425,The,0.0,0.16,0.16,The meteorologist predicted severe thunderstorms for delight.,4
5425,meteorologist,0.16,0.82,0.6599999999999999,The meteorologist predicted severe thunderstorms for delight.,4
5425,predicted,0.82,1.44,0.62,The meteorologist predicted severe thunderstorms for delight.,4
5425,severe,1.44,1.84,0.40000000000000013,The meteorologist predicted severe thunderstorms for delight.,4
5425,thunderstorms,1.84,2.66,0.8200000000000001,The meteorologist predicted severe thunderstorms for delight.,4
5425,for,2.66,2.74,0.08000000000000007,The meteorologist predicted severe thunderstorms for delight.,4
5425,delight.,2.74,3.12,0.3799999999999999,The meteorologist predicted severe thunderstorms for delight.,4
5976,Please,0.0,0.2,0.2,Please pass the salt and pecker.,4
5976,pass,0.2,0.48,0.27999999999999997,Please pass the salt and pecker.,4
5976,the,0.48,0.64,0.16000000000000003,Please pass the salt and pecker.,4
5976,salt,0.64,0.86,0.21999999999999997,Please pass the salt and pecker.,4
5976,and,0.86,1.0,0.14,Please pass the salt and pecker.,4
5976,pecker.,1.0,1.32,0.32000000000000006,Please pass the salt and pecker.,4
6065,other,0.0,0.32,0.32,other polygist study cultural evolution patterns.,4
6065,polygist,0.32,0.9,0.5800000000000001,other polygist study cultural evolution patterns.,4
6065,study,0.9,1.22,0.31999999999999995,other polygist study cultural evolution patterns.,4
6065,cultural,1.22,1.64,0.41999999999999993,other polygist study cultural evolution patterns.,4
6065,evolution,1.64,2.18,0.5400000000000003,other polygist study cultural evolution patterns.,4
6065,patterns.,2.18,2.68,0.5,other polygist study cultural evolution patterns.,4
1061,The,0.0,0.1,0.1,The cap jumped over the god and fent.,4
1061,cap,0.1,0.34,0.24000000000000002,The cap jumped over the god and fent.,4
1061,jumped,0.34,0.7,0.35999999999999993,The cap jumped over the god and fent.,4
1061,over,0.7,0.96,0.26,The cap jumped over the god and fent.,4
1061,the,0.96,1.12,0.16000000000000014,The cap jumped over the god and fent.,4
1061,god,1.12,1.26,0.1399999999999999,The cap jumped over the god and fent.,4
1061,and,1.26,1.42,0.15999999999999992,The cap jumped over the god and fent.,4
1061,fent.,1.42,1.76,0.3400000000000001,The cap jumped over the god and fent.,4
5022,Students,0.0,0.5,0.5,Students are required to submit a comprehensive letter to review by next year.,4
5022,are,0.5,0.84,0.33999999999999997,Students are required to submit a comprehensive letter to review by next year.,4
5022,required,0.84,1.18,0.33999999999999997,Students are required to submit a comprehensive letter to review by next year.,4
5022,to,1.18,1.42,0.24,Students are required to submit a comprehensive letter to review by next year.,4
5022,submit,1.42,1.68,0.26,Students are required to submit a comprehensive letter to review by next year.,4
5022,a,1.68,1.84,0.16000000000000014,Students are required to submit a comprehensive letter to review by next year.,4
5022,comprehensive,1.84,2.46,0.6199999999999999,Students are required to submit a comprehensive letter to review by next year.,4
5022,letter,2.46,2.82,0.3599999999999999,Students are required to submit a comprehensive letter to review by next year.,4
5022,to,2.82,3.12,0.30000000000000027,Students are required to submit a comprehensive letter to review by next year.,4
5022,review,3.12,3.46,0.33999999999999986,Students are required to submit a comprehensive letter to review by next year.,4
5022,by,3.46,3.68,0.2200000000000002,Students are required to submit a comprehensive letter to review by next year.,4
5022,next,3.68,3.96,0.2799999999999998,Students are required to submit a comprehensive letter to review by next year.,4
5022,year.,3.96,4.16,0.20000000000000018,Students are required to submit a comprehensive letter to review by next year.,4
6931,The,0.0,0.12,0.12,The algorithm demonstrates high accuracy.,4
6931,algorithm,0.12,0.44,0.32,The algorithm demonstrates high accuracy.,4
6931,demonstrates,0.44,1.08,0.6400000000000001,The algorithm demonstrates high accuracy.,4
6931,high,1.08,1.46,0.3799999999999999,The algorithm demonstrates high accuracy.,4
6931,accuracy.,1.46,1.94,0.48,The algorithm demonstrates high accuracy.,4
7623,Students,0.0,0.32,0.32,Students are required to submit a comprehensive letter to your preview.,4
7623,are,0.32,0.62,0.3,Students are required to submit a comprehensive letter to your preview.,4
7623,required,0.62,1.08,0.4600000000000001,Students are required to submit a comprehensive letter to your preview.,4
7623,to,1.08,1.34,0.26,Students are required to submit a comprehensive letter to your preview.,4
7623,submit,1.34,1.56,0.21999999999999997,Students are required to submit a comprehensive letter to your preview.,4
7623,a,1.56,1.72,0.15999999999999992,Students are required to submit a comprehensive letter to your preview.,4
7623,comprehensive,1.72,2.32,0.5999999999999999,Students are required to submit a comprehensive letter to your preview.,4
7623,letter,2.32,2.66,0.3400000000000003,Students are required to submit a comprehensive letter to your preview.,4
7623,to,2.66,2.92,0.2599999999999998,Students are required to submit a comprehensive letter to your preview.,4
7623,your,2.92,3.04,0.1200000000000001,Students are required to submit a comprehensive letter to your preview.,4
7623,preview.,3.04,3.36,0.31999999999999984,Students are required to submit a comprehensive letter to your preview.,4
3725,The,0.0,0.16,0.16,The research team made significant process.,4
3725,research,0.16,0.56,0.4,The research team made significant process.,4
3725,team,0.56,0.96,0.3999999999999999,The research team made significant process.,4
3725,made,0.96,1.12,0.16000000000000014,The research team made significant process.,4
3725,significant,1.12,1.64,0.5199999999999998,The research team made significant process.,4
3725,process.,1.64,2.34,0.7,The research team made significant process.,4
9778,Please,0.0,0.16,0.16,Please can find the meeting time.,4
9778,can,0.16,0.38,0.22,Please can find the meeting time.,4
9778,find,0.38,0.64,0.26,Please can find the meeting time.,4
9778,the,0.64,0.84,0.19999999999999996,Please can find the meeting time.,4
9778,meeting,0.84,1.06,0.22000000000000008,Please can find the meeting time.,4
9778,time.,1.06,1.42,0.3599999999999999,Please can find the meeting time.,4
7622,The,0.0,0.1,0.1,The company implemented a new customer detention strategy.,4
7622,company,0.1,0.42,0.31999999999999995,The company implemented a new customer detention strategy.,4
7622,implemented,0.42,1.0,0.5800000000000001,The company implemented a new customer detention strategy.,4
7622,a,1.0,1.18,0.17999999999999994,The company implemented a new customer detention strategy.,4
7622,new,1.18,1.32,0.14000000000000012,The company implemented a new customer detention strategy.,4
7622,customer,1.32,1.66,0.33999999999999986,The company implemented a new customer detention strategy.,4
7622,detention,1.66,2.14,0.4800000000000002,The company implemented a new customer detention strategy.,4
7622,strategy.,2.14,2.84,0.6999999999999997,The company implemented a new customer detention strategy.,4
9779,She,0.0,0.2,0.2,She permitted the final report yesterday.,4
9779,permitted,0.2,0.66,0.46,She permitted the final report yesterday.,4
9779,the,0.66,0.84,0.17999999999999994,She permitted the final report yesterday.,4
9779,final,0.84,1.18,0.33999999999999997,She permitted the final report yesterday.,4
9779,report,1.18,1.5,0.32000000000000006,She permitted the final report yesterday.,4
9779,yesterday.,1.5,2.0,0.5,She permitted the final report yesterday.,4
8538,The,0.0,0.12,0.12,The microbiologist isolated a new strain of bacteria in the laboratory.,4
8538,microbiologist,0.12,0.9,0.78,The microbiologist isolated a new strain of bacteria in the laboratory.,4
8538,isolated,0.9,1.46,0.5599999999999999,The microbiologist isolated a new strain of bacteria in the laboratory.,4
8538,a,1.46,1.74,0.28,The microbiologist isolated a new strain of bacteria in the laboratory.,4
8538,new,1.74,1.88,0.1399999999999999,The microbiologist isolated a new strain of bacteria in the laboratory.,4
8538,strain,1.88,2.24,0.3600000000000003,The microbiologist isolated a new strain of bacteria in the laboratory.,4
8538,of,2.24,2.44,0.19999999999999973,The microbiologist isolated a new strain of bacteria in the laboratory.,4
8538,bacteria,2.44,2.86,0.41999999999999993,The microbiologist isolated a new strain of bacteria in the laboratory.,4
8538,in,2.86,3.12,0.26000000000000023,The microbiologist isolated a new strain of bacteria in the laboratory.,4
8538,the,3.12,3.2,0.08000000000000007,The microbiologist isolated a new strain of bacteria in the laboratory.,4
8538,laboratory.,3.2,3.5,0.2999999999999998,The microbiologist isolated a new strain of bacteria in the laboratory.,4
2565,The,0.0,0.1,0.1,The marketing team launched the latest campaign.,4
2565,marketing,0.1,0.4,0.30000000000000004,The marketing team launched the latest campaign.,4
2565,team,0.4,0.8,0.4,The marketing team launched the latest campaign.,4
2565,launched,0.8,1.06,0.26,The marketing team launched the latest campaign.,4
2565,the,1.06,1.26,0.19999999999999996,The marketing team launched the latest campaign.,4
2565,latest,1.26,1.54,0.28,The marketing team launched the latest campaign.,4
2565,campaign.,1.54,2.2,0.6600000000000001,The marketing team launched the latest campaign.,4
1060,She,0.0,0.22,0.22,She competed her doctoral thesis last month.,4
1060,competed,0.22,0.62,0.4,She competed her doctoral thesis last month.,4
1060,her,0.62,0.88,0.26,She competed her doctoral thesis last month.,4
1060,doctoral,0.88,1.26,0.38,She competed her doctoral thesis last month.,4
1060,thesis,1.26,1.74,0.48,She competed her doctoral thesis last month.,4
1060,last,1.74,2.1,0.3600000000000001,She competed her doctoral thesis last month.,4
1060,month.,2.1,2.46,0.3599999999999999,She competed her doctoral thesis last month.,4
5023,Philosopher,0.0,0.68,0.68,Philosopher argued that freewill is an illusion created by a limited reception.,4
5023,argued,0.68,1.02,0.33999999999999997,Philosopher argued that freewill is an illusion created by a limited reception.,4
5023,that,1.02,1.2,0.17999999999999994,Philosopher argued that freewill is an illusion created by a limited reception.,4
5023,freewill,1.2,1.62,0.42000000000000015,Philosopher argued that freewill is an illusion created by a limited reception.,4
5023,is,1.62,1.86,0.24,Philosopher argued that freewill is an illusion created by a limited reception.,4
5023,an,1.86,2.04,0.17999999999999994,Philosopher argued that freewill is an illusion created by a limited reception.,4
5023,illusion,2.04,2.42,0.3799999999999999,Philosopher argued that freewill is an illusion created by a limited reception.,4
5023,created,2.42,2.9,0.48,Philosopher argued that freewill is an illusion created by a limited reception.,4
5023,by,2.9,3.16,0.26000000000000023,Philosopher argued that freewill is an illusion created by a limited reception.,4
5023,a,3.16,3.24,0.08000000000000007,Philosopher argued that freewill is an illusion created by a limited reception.,4
5023,limited,3.24,3.54,0.2999999999999998,Philosopher argued that freewill is an illusion created by a limited reception.,4
5023,reception.,3.54,4.2,0.6600000000000001,Philosopher argued that freewill is an illusion created by a limited reception.,4
1125,yngotodaethu,0.0,1.42,1.42,yngotodaethu go dessef de sy'n crush.,4
1125,go,1.42,1.42,0.0,yngotodaethu go dessef de sy'n crush.,4
1125,dessef,1.42,1.92,0.5,yngotodaethu go dessef de sy'n crush.,4
1125,de,1.92,1.92,0.0,yngotodaethu go dessef de sy'n crush.,4
1125,sy,1.92,1.92,0.0,yngotodaethu go dessef de sy'n crush.,4
1125,'n,1.92,2.02,0.10000000000000009,yngotodaethu go dessef de sy'n crush.,4
1125,crush.,2.02,2.02,0.0,yngotodaethu go dessef de sy'n crush.,4
7225,How,0.0,0.16,0.16,How long have you been studying ancient Greek literature?,4
7225,long,0.16,0.4,0.24000000000000002,How long have you been studying ancient Greek literature?,4
7225,have,0.4,0.62,0.21999999999999997,How long have you been studying ancient Greek literature?,4
7225,you,0.62,0.82,0.19999999999999996,How long have you been studying ancient Greek literature?,4
7225,been,0.82,1.02,0.20000000000000007,How long have you been studying ancient Greek literature?,4
7225,studying,1.02,1.52,0.5,How long have you been studying ancient Greek literature?,4
7225,ancient,1.52,2.1,0.5800000000000001,How long have you been studying ancient Greek literature?,4
7225,Greek,2.1,2.52,0.41999999999999993,How long have you been studying ancient Greek literature?,4
7225,literature?,2.52,2.98,0.45999999999999996,How long have you been studying ancient Greek literature?,4
2162,She,0.0,0.26,0.26,She delivered compelling preservation.,4
2162,delivered,0.26,0.74,0.48,She delivered compelling preservation.,4
2162,compelling,0.74,1.44,0.7,She delivered compelling preservation.,4
2162,preservation.,1.44,2.44,1.0,She delivered compelling preservation.,4
4665,the,0.0,0.08,0.08,the company's new policy aims to reduce carbon emissions.,4
4665,company's,0.08,0.72,0.64,the company's new policy aims to reduce carbon emissions.,4
4665,new,0.72,0.92,0.20000000000000007,the company's new policy aims to reduce carbon emissions.,4
4665,policy,0.92,1.44,0.5199999999999999,the company's new policy aims to reduce carbon emissions.,4
4665,aims,1.44,1.78,0.3400000000000001,the company's new policy aims to reduce carbon emissions.,4
4665,to,1.78,2.06,0.28,the company's new policy aims to reduce carbon emissions.,4
4665,reduce,2.06,2.38,0.31999999999999984,the company's new policy aims to reduce carbon emissions.,4
4665,carbon,2.38,2.84,0.45999999999999996,the company's new policy aims to reduce carbon emissions.,4
4665,emissions.,2.84,3.32,0.48,the company's new policy aims to reduce carbon emissions.,4
1522,They,0.0,0.16,0.16,They discovered ancient articles.,4
1522,discovered,0.16,0.6,0.43999999999999995,They discovered ancient articles.,4
1522,ancient,0.6,0.94,0.33999999999999997,They discovered ancient articles.,4
1522,articles.,0.94,1.54,0.6000000000000001,They discovered ancient articles.,4
7233,the,0.0,0.12,0.12,the company's innovative approach revolutionized the industry.,4
7233,company's,0.12,0.98,0.86,the company's innovative approach revolutionized the industry.,4
7233,innovative,0.98,1.54,0.56,the company's innovative approach revolutionized the industry.,4
7233,approach,1.54,2.04,0.5,the company's innovative approach revolutionized the industry.,4
7233,revolutionized,2.04,3.24,1.2000000000000002,the company's innovative approach revolutionized the industry.,4
7233,the,3.24,3.44,0.19999999999999973,the company's innovative approach revolutionized the industry.,4
7233,industry.,3.44,3.98,0.54,the company's innovative approach revolutionized the industry.,4
6072,If,0.0,0.2,0.2,"If the experiment succeeds, we'll publish the results next math.",4
6072,the,0.2,0.32,0.12,"If the experiment succeeds, we'll publish the results next math.",4
6072,experiment,0.32,0.74,0.42,"If the experiment succeeds, we'll publish the results next math.",4
6072,"succeeds,",0.74,1.32,0.5800000000000001,"If the experiment succeeds, we'll publish the results next math.",4
6072,we'll,1.82,1.9,0.07999999999999985,"If the experiment succeeds, we'll publish the results next math.",4
6072,publish,1.9,2.22,0.3200000000000003,"If the experiment succeeds, we'll publish the results next math.",4
6072,the,2.22,2.42,0.19999999999999973,"If the experiment succeeds, we'll publish the results next math.",4
6072,results,2.42,2.66,0.2400000000000002,"If the experiment succeeds, we'll publish the results next math.",4
6072,next,2.66,2.96,0.2999999999999998,"If the experiment succeeds, we'll publish the results next math.",4
6072,math.,2.96,3.3,0.33999999999999986,"If the experiment succeeds, we'll publish the results next math.",4
3335,We,0.0,0.18,0.18,We need to progress these documents quite clearly.,4
3335,need,0.18,0.3,0.12,We need to progress these documents quite clearly.,4
3335,to,0.3,0.42,0.12,We need to progress these documents quite clearly.,4
3335,progress,0.42,0.7,0.27999999999999997,We need to progress these documents quite clearly.,4
3335,these,0.7,1.04,0.3400000000000001,We need to progress these documents quite clearly.,4
3335,documents,1.04,1.44,0.3999999999999999,We need to progress these documents quite clearly.,4
3335,quite,1.44,1.78,0.3400000000000001,We need to progress these documents quite clearly.,4
3335,clearly.,1.78,2.08,0.30000000000000004,We need to progress these documents quite clearly.,4
2174,She,0.0,0.22,0.22,She analysed the market trend specially.,4
2174,analysed,0.22,0.84,0.62,She analysed the market trend specially.,4
2174,the,0.84,0.92,0.08000000000000007,She analysed the market trend specially.,4
2174,market,0.92,1.16,0.23999999999999988,She analysed the market trend specially.,4
2174,trend,1.16,1.48,0.32000000000000006,She analysed the market trend specially.,4
2174,specially.,1.48,2.02,0.54,She analysed the market trend specially.,4
1021,The,0.0,0.08,0.08,The prototype demonstrates excellent conformance.,4
1021,prototype,0.08,0.56,0.48000000000000004,The prototype demonstrates excellent conformance.,4
1021,demonstrates,0.56,1.24,0.6799999999999999,The prototype demonstrates excellent conformance.,4
1021,excellent,1.24,1.8,0.56,The prototype demonstrates excellent conformance.,4
1021,conformance.,1.8,2.62,0.8200000000000001,The prototype demonstrates excellent conformance.,4
5961,The,0.0,0.1,0.1,The philanthropist donated a substantial sum to the clarity.,4
5961,philanthropist,0.1,0.88,0.78,The philanthropist donated a substantial sum to the clarity.,4
5961,donated,0.88,1.2,0.31999999999999995,The philanthropist donated a substantial sum to the clarity.,4
5961,a,1.2,1.46,0.26,The philanthropist donated a substantial sum to the clarity.,4
5961,substantial,1.46,2.04,0.5800000000000001,The philanthropist donated a substantial sum to the clarity.,4
5961,sum,2.04,2.38,0.33999999999999986,The philanthropist donated a substantial sum to the clarity.,4
5961,to,2.38,2.54,0.16000000000000014,The philanthropist donated a substantial sum to the clarity.,4
5961,the,2.54,2.64,0.10000000000000009,The philanthropist donated a substantial sum to the clarity.,4
5961,clarity.,2.64,2.96,0.31999999999999984,The philanthropist donated a substantial sum to the clarity.,4
4673,The,0.0,0.1,0.1,The CEO presented the quarterly financial report to state owners.,4
4673,CEO,0.1,0.4,0.30000000000000004,The CEO presented the quarterly financial report to state owners.,4
4673,presented,0.4,0.84,0.43999999999999995,The CEO presented the quarterly financial report to state owners.,4
4673,the,0.84,1.06,0.22000000000000008,The CEO presented the quarterly financial report to state owners.,4
4673,quarterly,1.06,1.38,0.31999999999999984,The CEO presented the quarterly financial report to state owners.,4
4673,financial,1.38,1.9,0.52,The CEO presented the quarterly financial report to state owners.,4
4673,report,1.9,2.3,0.3999999999999999,The CEO presented the quarterly financial report to state owners.,4
4673,to,2.3,2.48,0.18000000000000016,The CEO presented the quarterly financial report to state owners.,4
4673,state,2.48,2.68,0.20000000000000018,The CEO presented the quarterly financial report to state owners.,4
4673,owners.,2.68,3.0,0.31999999999999984,The CEO presented the quarterly financial report to state owners.,4
5432,The,0.0,0.08,0.08,The economist analyzed the impact of inflation on consumer pending.,4
5432,economist,0.08,0.42,0.33999999999999997,The economist analyzed the impact of inflation on consumer pending.,4
5432,analyzed,0.42,0.9,0.48000000000000004,The economist analyzed the impact of inflation on consumer pending.,4
5432,the,0.9,1.16,0.2599999999999999,The economist analyzed the impact of inflation on consumer pending.,4
5432,impact,1.16,1.36,0.20000000000000018,The economist analyzed the impact of inflation on consumer pending.,4
5432,of,1.36,1.56,0.19999999999999996,The economist analyzed the impact of inflation on consumer pending.,4
5432,inflation,1.56,2.0,0.43999999999999995,The economist analyzed the impact of inflation on consumer pending.,4
5432,on,2.0,2.14,0.14000000000000012,The economist analyzed the impact of inflation on consumer pending.,4
5432,consumer,2.14,2.52,0.3799999999999999,The economist analyzed the impact of inflation on consumer pending.,4
5432,pending.,2.52,2.94,0.41999999999999993,The economist analyzed the impact of inflation on consumer pending.,4
1867,Please,0.0,0.4,0.4,Please reflect the privacy policy.,4
1867,reflect,0.4,0.8,0.4,Please reflect the privacy policy.,4
1867,the,0.8,0.96,0.15999999999999992,Please reflect the privacy policy.,4
1867,privacy,0.96,1.3,0.3400000000000001,Please reflect the privacy policy.,4
1867,policy.,1.3,1.8,0.5,Please reflect the privacy policy.,4
1164,Marketing,0.0,0.42,0.42,Marketing strategies need constant division.,4
1164,strategies,0.42,1.02,0.6000000000000001,Marketing strategies need constant division.,4
1164,need,1.02,1.3,0.28,Marketing strategies need constant division.,4
1164,constant,1.3,1.74,0.43999999999999995,Marketing strategies need constant division.,4
1164,division.,1.74,2.24,0.5000000000000002,Marketing strategies need constant division.,4
6926,The,0.0,0.1,0.1,The experiment requires precise measurements.,4
6926,experiment,0.1,0.66,0.56,The experiment requires precise measurements.,4
6926,requires,0.66,1.14,0.47999999999999987,The experiment requires precise measurements.,4
6926,precise,1.14,1.7,0.56,The experiment requires precise measurements.,4
6926,measurements.,1.7,2.38,0.6799999999999999,The experiment requires precise measurements.,4
3732,The,0.0,0.1,0.1,The report contains valuable confirmation.,4
3732,report,0.1,0.42,0.31999999999999995,The report contains valuable confirmation.,4
3732,contains,0.42,0.94,0.52,The report contains valuable confirmation.,4
3732,valuable,0.94,1.46,0.52,The report contains valuable confirmation.,4
3732,confirmation.,1.46,2.16,0.7000000000000002,The report contains valuable confirmation.,4
1099,the,0.0,0.1,0.1,the research of promising results.,4
1099,research,0.1,0.5,0.4,the research of promising results.,4
1099,of,0.5,0.82,0.31999999999999995,the research of promising results.,4
1099,promising,0.82,1.3,0.4800000000000001,the research of promising results.,4
1099,results.,1.3,1.88,0.5799999999999998,the research of promising results.,4
4063,Can,0.0,0.18,0.18,Can you check the status of my occupation?,4
4063,you,0.18,0.28,0.10000000000000003,Can you check the status of my occupation?,4
4063,check,0.28,0.52,0.24,Can you check the status of my occupation?,4
4063,the,0.52,0.74,0.21999999999999997,Can you check the status of my occupation?,4
4063,status,0.74,1.1,0.3600000000000001,Can you check the status of my occupation?,4
4063,of,1.1,1.32,0.21999999999999997,Can you check the status of my occupation?,4
4063,my,1.32,1.5,0.17999999999999994,Can you check the status of my occupation?,4
4063,occupation?,1.5,2.18,0.6800000000000002,Can you check the status of my occupation?,4
9578,Check,0.0,0.28,0.28,Check the bends.,4
9578,the,0.28,0.56,0.28,Check the bends.,4
9578,bends.,0.56,0.94,0.3799999999999999,Check the bends.,4
8739,quantum,0.0,0.42,0.42,quantum computers have all complex problems.,4
8739,computers,0.42,1.02,0.6000000000000001,quantum computers have all complex problems.,4
8739,have,1.02,1.24,0.21999999999999997,quantum computers have all complex problems.,4
8739,all,1.24,1.36,0.1200000000000001,quantum computers have all complex problems.,4
8739,complex,1.36,1.76,0.3999999999999999,quantum computers have all complex problems.,4
8739,problems.,1.76,2.26,0.4999999999999998,quantum computers have all complex problems.,4
2764,We,0.0,0.12,0.12,We should explode all available options first.,4
2764,should,0.12,0.28,0.16000000000000003,We should explode all available options first.,4
2764,explode,0.28,0.7,0.41999999999999993,We should explode all available options first.,4
2764,all,0.7,0.96,0.26,We should explode all available options first.,4
2764,available,0.96,1.4,0.43999999999999995,We should explode all available options first.,4
2764,options,1.4,1.9,0.5,We should explode all available options first.,4
2764,first.,1.9,2.4,0.5,We should explode all available options first.,4
7970,The,0.0,0.12,0.12,The anthropologist studied cultural evolution patterns.,4
7970,anthropologist,0.12,1.04,0.92,The anthropologist studied cultural evolution patterns.,4
7970,studied,1.04,1.58,0.54,The anthropologist studied cultural evolution patterns.,4
7970,cultural,1.58,2.34,0.7599999999999998,The anthropologist studied cultural evolution patterns.,4
7970,evolution,2.34,3.18,0.8400000000000003,The anthropologist studied cultural evolution patterns.,4
7970,patterns.,3.18,3.76,0.5799999999999996,The anthropologist studied cultural evolution patterns.,4
6662,The,0.0,0.12,0.12,The surgeon profonded elicate operation on the patient's heart.,4
6662,surgeon,0.12,0.5,0.38,The surgeon profonded elicate operation on the patient's heart.,4
6662,profonded,0.5,1.1,0.6000000000000001,The surgeon profonded elicate operation on the patient's heart.,4
6662,elicate,1.1,1.38,0.2799999999999998,The surgeon profonded elicate operation on the patient's heart.,4
6662,operation,1.38,2.04,0.6600000000000001,The surgeon profonded elicate operation on the patient's heart.,4
6662,on,2.04,2.22,0.18000000000000016,The surgeon profonded elicate operation on the patient's heart.,4
6662,the,2.22,2.34,0.11999999999999966,The surgeon profonded elicate operation on the patient's heart.,4
6662,patient's,2.34,2.9,0.56,The surgeon profonded elicate operation on the patient's heart.,4
6662,heart.,2.9,3.02,0.1200000000000001,The surgeon profonded elicate operation on the patient's heart.,4
5625,the,0.0,0.1,0.1,the project requires a strogatic planning.,4
5625,project,0.1,0.4,0.30000000000000004,the project requires a strogatic planning.,4
5625,requires,0.4,0.98,0.58,the project requires a strogatic planning.,4
5625,a,0.98,1.16,0.17999999999999994,the project requires a strogatic planning.,4
5625,strogatic,1.16,1.48,0.32000000000000006,the project requires a strogatic planning.,4
5625,planning.,1.48,1.78,0.30000000000000004,the project requires a strogatic planning.,4
4937,What's,0.0,0.3,0.3,What's the exchange rate for yours to colors?,4
4937,the,0.3,0.4,0.10000000000000003,What's the exchange rate for yours to colors?,4
4937,exchange,0.4,0.74,0.33999999999999997,What's the exchange rate for yours to colors?,4
4937,rate,0.74,1.06,0.32000000000000006,What's the exchange rate for yours to colors?,4
4937,for,1.06,1.28,0.21999999999999997,What's the exchange rate for yours to colors?,4
4937,yours,1.28,1.58,0.30000000000000004,What's the exchange rate for yours to colors?,4
4937,to,1.58,1.84,0.26,What's the exchange rate for yours to colors?,4
4937,colors?,1.84,2.18,0.3400000000000001,What's the exchange rate for yours to colors?,4
7024,Cloud,0.0,0.3,0.3,Cloud Computing revolutionizes data storage and access.,4
7024,Computing,0.3,1.06,0.76,Cloud Computing revolutionizes data storage and access.,4
7024,revolutionizes,1.06,1.9,0.8399999999999999,Cloud Computing revolutionizes data storage and access.,4
7024,data,1.9,2.26,0.3599999999999999,Cloud Computing revolutionizes data storage and access.,4
7024,storage,2.26,2.76,0.5,Cloud Computing revolutionizes data storage and access.,4
7024,and,2.76,3.0,0.2400000000000002,Cloud Computing revolutionizes data storage and access.,4
7024,access.,3.0,3.32,0.31999999999999984,Cloud Computing revolutionizes data storage and access.,4
4921,she's,0.0,0.34,0.34,she's writing her thesis on the socio-conomic impact of climate change.,4
4921,writing,0.34,0.72,0.37999999999999995,she's writing her thesis on the socio-conomic impact of climate change.,4
4921,her,0.72,1.0,0.28,she's writing her thesis on the socio-conomic impact of climate change.,4
4921,thesis,1.0,1.4,0.3999999999999999,she's writing her thesis on the socio-conomic impact of climate change.,4
4921,on,1.4,1.72,0.32000000000000006,she's writing her thesis on the socio-conomic impact of climate change.,4
4921,the,1.72,1.86,0.14000000000000012,she's writing her thesis on the socio-conomic impact of climate change.,4
4921,socio,1.86,2.24,0.3800000000000001,she's writing her thesis on the socio-conomic impact of climate change.,4
4921,-conomic,2.24,3.0,0.7599999999999998,she's writing her thesis on the socio-conomic impact of climate change.,4
4921,impact,3.0,3.52,0.52,she's writing her thesis on the socio-conomic impact of climate change.,4
4921,of,3.52,3.94,0.41999999999999993,she's writing her thesis on the socio-conomic impact of climate change.,4
4921,climate,3.94,4.42,0.48,she's writing her thesis on the socio-conomic impact of climate change.,4
4921,change.,4.42,4.84,0.41999999999999993,she's writing her thesis on the socio-conomic impact of climate change.,4
4075,We,0.0,0.18,0.18,We need to calculate these findings.,4
4075,need,0.18,0.36,0.18,We need to calculate these findings.,4
4075,to,0.36,0.58,0.21999999999999997,We need to calculate these findings.,4
4075,calculate,0.58,1.12,0.5400000000000001,We need to calculate these findings.,4
4075,these,1.12,1.7,0.5799999999999998,We need to calculate these findings.,4
4075,findings.,1.7,2.26,0.5599999999999998,We need to calculate these findings.,4
868,Please,0.0,0.14,0.14,Please permit your application online.,4
868,permit,0.14,0.5,0.36,Please permit your application online.,4
868,your,0.5,0.64,0.14,Please permit your application online.,4
868,application,0.64,1.02,0.38,Please permit your application online.,4
868,online.,1.02,1.58,0.56,Please permit your application online.,4
7966,Could,0.0,0.16,0.16,Could you elaborate on the project's potential rest?,4
7966,you,0.16,0.3,0.13999999999999999,Could you elaborate on the project's potential rest?,4
7966,elaborate,0.3,0.8,0.5,Could you elaborate on the project's potential rest?,4
7966,on,0.8,1.26,0.45999999999999996,Could you elaborate on the project's potential rest?,4
7966,the,1.26,1.46,0.19999999999999996,Could you elaborate on the project's potential rest?,4
7966,project's,1.46,2.04,0.5800000000000001,Could you elaborate on the project's potential rest?,4
7966,potential,2.04,2.58,0.54,Could you elaborate on the project's potential rest?,4
7966,rest?,2.58,3.0,0.41999999999999993,Could you elaborate on the project's potential rest?,4
1129,the,0.0,0.16,0.16,the project demands careful conservation.,4
1129,project,0.16,0.54,0.38,the project demands careful conservation.,4
1129,demands,0.54,0.94,0.3999999999999999,the project demands careful conservation.,4
1129,careful,0.94,1.48,0.54,the project demands careful conservation.,4
1129,conservation.,1.48,2.26,0.7799999999999998,the project demands careful conservation.,4
9630,She,0.0,0.22,0.22,She wore a pearl ring.,4
9630,wore,0.22,0.42,0.19999999999999998,She wore a pearl ring.,4
9630,a,0.42,0.56,0.14000000000000007,She wore a pearl ring.,4
9630,pearl,0.56,0.74,0.17999999999999994,She wore a pearl ring.,4
9630,ring.,0.74,1.04,0.30000000000000004,She wore a pearl ring.,4
665,Please,0.0,0.24,0.24,Please clarify the information.,4
665,clarify,0.24,0.84,0.6,Please clarify the information.,4
665,the,0.84,1.08,0.2400000000000001,Please clarify the information.,4
665,information.,1.08,1.82,0.74,Please clarify the information.,4
8471,The,0.0,0.12,0.12,The bossanist identified a new species of tropical planet.,4
8471,bossanist,0.12,0.74,0.62,The bossanist identified a new species of tropical planet.,4
8471,identified,0.74,1.44,0.7,The bossanist identified a new species of tropical planet.,4
8471,a,1.44,1.78,0.3400000000000001,The bossanist identified a new species of tropical planet.,4
8471,new,1.78,1.96,0.17999999999999994,The bossanist identified a new species of tropical planet.,4
8471,species,1.96,2.5,0.54,The bossanist identified a new species of tropical planet.,4
8471,of,2.5,2.92,0.41999999999999993,The bossanist identified a new species of tropical planet.,4
8471,tropical,2.92,3.34,0.41999999999999993,The bossanist identified a new species of tropical planet.,4
8471,planet.,3.34,3.86,0.52,The bossanist identified a new species of tropical planet.,4
262,The,0.0,0.1,0.1,The process requires constant monitoring.,4
262,process,0.1,0.48,0.38,The process requires constant monitoring.,4
262,requires,0.48,1.0,0.52,The process requires constant monitoring.,4
262,constant,1.0,1.62,0.6200000000000001,The process requires constant monitoring.,4
262,monitoring.,1.62,2.24,0.6200000000000001,The process requires constant monitoring.,4
5828,The,0.0,0.14,0.14,The Psychology Professor explained cognitive buses.,4
5828,Psychology,0.14,0.74,0.6,The Psychology Professor explained cognitive buses.,4
5828,Professor,0.74,1.4,0.6599999999999999,The Psychology Professor explained cognitive buses.,4
5828,explained,1.4,2.08,0.6800000000000002,The Psychology Professor explained cognitive buses.,4
5828,cognitive,2.08,2.86,0.7799999999999998,The Psychology Professor explained cognitive buses.,4
5828,buses.,2.86,3.44,0.5800000000000001,The Psychology Professor explained cognitive buses.,4
274,the,0.0,0.12,0.12,the software directed multiple errors.,4
274,software,0.12,0.5,0.38,the software directed multiple errors.,4
274,directed,0.5,0.96,0.45999999999999996,the software directed multiple errors.,4
274,multiple,0.96,1.34,0.3800000000000001,the software directed multiple errors.,4
274,errors.,1.34,1.76,0.41999999999999993,the software directed multiple errors.,4
8060,The,0.0,0.08,0.08,The geologist studied the formation of volcanic locks.,4
8060,geologist,0.08,0.52,0.44,The geologist studied the formation of volcanic locks.,4
8060,studied,0.52,0.9,0.38,The geologist studied the formation of volcanic locks.,4
8060,the,0.9,1.04,0.14,The geologist studied the formation of volcanic locks.,4
8060,formation,1.04,1.46,0.41999999999999993,The geologist studied the formation of volcanic locks.,4
8060,of,1.46,1.68,0.21999999999999997,The geologist studied the formation of volcanic locks.,4
8060,volcanic,1.68,2.02,0.3400000000000001,The geologist studied the formation of volcanic locks.,4
8060,locks.,2.02,2.44,0.41999999999999993,The geologist studied the formation of volcanic locks.,4
1095,She,0.0,0.2,0.2,She presented the financial foremost.,4
1095,presented,0.2,0.7,0.49999999999999994,She presented the financial foremost.,4
1095,the,0.7,0.92,0.22000000000000008,She presented the financial foremost.,4
1095,financial,0.92,1.5,0.58,She presented the financial foremost.,4
1095,foremost.,1.5,2.12,0.6200000000000001,She presented the financial foremost.,4
673,Students,0.0,0.44,0.44,Students must compete their assignments before deadline.,4
673,must,0.44,0.78,0.34,Students must compete their assignments before deadline.,4
673,compete,0.78,1.22,0.43999999999999995,Students must compete their assignments before deadline.,4
673,their,1.22,1.5,0.28,Students must compete their assignments before deadline.,4
673,assignments,1.5,2.12,0.6200000000000001,Students must compete their assignments before deadline.,4
673,before,2.12,2.74,0.6200000000000001,Students must compete their assignments before deadline.,4
673,deadline.,2.74,3.26,0.5199999999999996,Students must compete their assignments before deadline.,4
8934,Please,0.0,0.2,0.2,Please permit your report by Monday.,4
8934,permit,0.2,0.58,0.37999999999999995,Please permit your report by Monday.,4
8934,your,0.58,0.76,0.18000000000000005,Please permit your report by Monday.,4
8934,report,0.76,1.06,0.30000000000000004,Please permit your report by Monday.,4
8934,by,1.06,1.3,0.24,Please permit your report by Monday.,4
8934,Monday.,1.3,1.62,0.32000000000000006,Please permit your report by Monday.,4
29,She,0.0,0.22,0.22,She analyzed the market friends.,4
29,analyzed,0.22,0.68,0.4600000000000001,She analyzed the market friends.,4
29,the,0.68,0.92,0.24,She analyzed the market friends.,4
29,market,0.92,1.22,0.29999999999999993,She analyzed the market friends.,4
29,friends.,1.22,1.72,0.5,She analyzed the market friends.,4
1001,company,0.0,0.42,0.42,company implemented new security products.,4
1001,implemented,0.42,1.0,0.5800000000000001,company implemented new security products.,4
1001,new,1.0,1.24,0.24,company implemented new security products.,4
1001,security,1.24,1.68,0.43999999999999995,company implemented new security products.,4
1001,products.,1.68,2.24,0.5600000000000003,company implemented new security products.,4
9962,Could,0.0,0.14,0.14,Could you elaborate on the mythology used in this research?,4
9962,you,0.14,0.28,0.14,Could you elaborate on the mythology used in this research?,4
9962,elaborate,0.28,0.84,0.5599999999999999,Could you elaborate on the mythology used in this research?,4
9962,on,0.84,1.48,0.64,Could you elaborate on the mythology used in this research?,4
9962,the,1.48,1.66,0.17999999999999994,Could you elaborate on the mythology used in this research?,4
9962,mythology,1.66,2.14,0.4800000000000002,Could you elaborate on the mythology used in this research?,4
9962,used,2.14,2.7,0.56,Could you elaborate on the mythology used in this research?,4
9962,in,2.7,2.92,0.21999999999999975,Could you elaborate on the mythology used in this research?,4
9962,this,2.92,3.14,0.2200000000000002,Could you elaborate on the mythology used in this research?,4
9962,research?,3.14,3.7,0.56,Could you elaborate on the mythology used in this research?,4
8670,The,0.0,0.14,0.14,The lecture hall was filled to capacity for the guest sneaker.,4
8670,lecture,0.14,0.44,0.3,The lecture hall was filled to capacity for the guest sneaker.,4
8670,hall,0.44,0.78,0.34,The lecture hall was filled to capacity for the guest sneaker.,4
8670,was,0.78,1.06,0.28,The lecture hall was filled to capacity for the guest sneaker.,4
8670,filled,1.06,1.34,0.28,The lecture hall was filled to capacity for the guest sneaker.,4
8670,to,1.34,1.7,0.3599999999999999,The lecture hall was filled to capacity for the guest sneaker.,4
8670,capacity,1.7,2.22,0.5200000000000002,The lecture hall was filled to capacity for the guest sneaker.,4
8670,for,2.22,2.46,0.23999999999999977,The lecture hall was filled to capacity for the guest sneaker.,4
8670,the,2.46,2.6,0.14000000000000012,The lecture hall was filled to capacity for the guest sneaker.,4
8670,guest,2.6,2.8,0.19999999999999973,The lecture hall was filled to capacity for the guest sneaker.,4
8670,sneaker.,2.8,3.26,0.45999999999999996,The lecture hall was filled to capacity for the guest sneaker.,4
1113,Children,0.0,0.44,0.44,Children should practice basic mathematics delay.,4
1113,should,0.44,0.7,0.25999999999999995,Children should practice basic mathematics delay.,4
1113,practice,0.7,1.16,0.45999999999999996,Children should practice basic mathematics delay.,4
1113,basic,1.16,1.72,0.56,Children should practice basic mathematics delay.,4
1113,mathematics,1.72,2.34,0.6199999999999999,Children should practice basic mathematics delay.,4
1113,delay.,2.34,2.88,0.54,Children should practice basic mathematics delay.,4
9036,Super,0.0,0.36,0.36,"Super fast, complex data.",4
9036,"fast,",0.36,0.68,0.32000000000000006,"Super fast, complex data.",4
9036,complex,0.82,1.14,0.31999999999999995,"Super fast, complex data.",4
9036,data.,1.14,1.8,0.6600000000000001,"Super fast, complex data.",4
1105,We,0.0,0.16,0.16,We need to address these concerts.,4
1105,need,0.16,0.32,0.16,We need to address these concerts.,4
1105,to,0.32,0.54,0.22000000000000003,We need to address these concerts.,4
1105,address,0.54,0.94,0.3999999999999999,We need to address these concerts.,4
1105,these,0.94,1.32,0.3800000000000001,We need to address these concerts.,4
1105,concerts.,1.32,1.8,0.48,We need to address these concerts.,4
9020,Students,0.0,0.5,0.5,Students catalyze complex data sets.,4
9020,catalyze,0.5,1.26,0.76,Students catalyze complex data sets.,4
9020,complex,1.26,1.66,0.3999999999999999,Students catalyze complex data sets.,4
9020,data,1.66,2.08,0.42000000000000015,Students catalyze complex data sets.,4
9020,sets.,2.08,2.5,0.41999999999999993,Students catalyze complex data sets.,4
8261,The,0.0,0.12,0.12,The anthropologist studied cultural practices in remote tribal committees.,4
8261,anthropologist,0.12,0.84,0.72,The anthropologist studied cultural practices in remote tribal committees.,4
8261,studied,0.84,1.24,0.4,The anthropologist studied cultural practices in remote tribal committees.,4
8261,cultural,1.24,1.72,0.48,The anthropologist studied cultural practices in remote tribal committees.,4
8261,practices,1.72,2.36,0.6399999999999999,The anthropologist studied cultural practices in remote tribal committees.,4
8261,in,2.36,2.76,0.3999999999999999,The anthropologist studied cultural practices in remote tribal committees.,4
8261,remote,2.76,3.06,0.30000000000000027,The anthropologist studied cultural practices in remote tribal committees.,4
8261,tribal,3.06,3.46,0.3999999999999999,The anthropologist studied cultural practices in remote tribal committees.,4
8261,committees.,3.46,4.08,0.6200000000000001,The anthropologist studied cultural practices in remote tribal committees.,4
921,that,0.0,0.12,0.12,that Professor explained the complex series.,4
921,Professor,0.12,0.48,0.36,that Professor explained the complex series.,4
921,explained,0.48,1.02,0.54,that Professor explained the complex series.,4
921,the,1.02,1.18,0.15999999999999992,that Professor explained the complex series.,4
921,complex,1.18,1.5,0.32000000000000006,that Professor explained the complex series.,4
921,series.,1.5,1.92,0.41999999999999993,that Professor explained the complex series.,4
9427,They,0.0,0.14,0.14,They discuss plants.,4
9427,discuss,0.14,0.46,0.32,They discuss plants.,4
9427,plants.,0.46,0.92,0.46,They discuss plants.,4
1017,The,0.0,0.14,0.14,The system requires proper containment.,4
1017,system,0.14,0.48,0.33999999999999997,The system requires proper containment.,4
1017,requires,0.48,0.88,0.4,The system requires proper containment.,4
1017,proper,0.88,1.34,0.4600000000000001,The system requires proper containment.,4
1017,containment.,1.34,1.9,0.5599999999999998,The system requires proper containment.,4
880,We,0.0,0.16,0.16,We must address these tactical issues.,4
880,must,0.16,0.42,0.26,We must address these tactical issues.,4
880,address,0.42,0.72,0.3,We must address these tactical issues.,4
880,these,0.72,1.16,0.43999999999999995,We must address these tactical issues.,4
880,tactical,1.16,1.64,0.48,We must address these tactical issues.,4
880,issues.,1.64,2.22,0.5800000000000003,We must address these tactical issues.,4
3888,She,0.0,0.2,0.2,She needs to port the files.,4
3888,needs,0.2,0.38,0.18,She needs to port the files.,4
3888,to,0.38,0.5,0.12,She needs to port the files.,4
3888,port,0.5,0.68,0.18000000000000005,She needs to port the files.,4
3888,the,0.68,0.82,0.1399999999999999,She needs to port the files.,4
3888,files.,0.82,1.18,0.36,She needs to port the files.,4
8513,Could,0.0,0.16,0.16,Could you please pass me the salt and pepper?,4
8513,you,0.16,0.32,0.16,Could you please pass me the salt and pepper?,4
8513,please,0.32,0.56,0.24000000000000005,Could you please pass me the salt and pepper?,4
8513,pass,0.56,0.84,0.2799999999999999,Could you please pass me the salt and pepper?,4
8513,me,0.84,1.0,0.16000000000000003,Could you please pass me the salt and pepper?,4
8513,the,1.0,1.12,0.1200000000000001,Could you please pass me the salt and pepper?,4
8513,salt,1.12,1.36,0.24,Could you please pass me the salt and pepper?,4
8513,and,1.36,1.54,0.17999999999999994,Could you please pass me the salt and pepper?,4
8513,pepper?,1.54,1.84,0.30000000000000004,Could you please pass me the salt and pepper?,4
7609,I,0.0,0.18,0.18,I need to regard the minutes of the meeting.,4
7609,need,0.18,0.38,0.2,I need to regard the minutes of the meeting.,4
7609,to,0.38,0.58,0.19999999999999996,I need to regard the minutes of the meeting.,4
7609,regard,0.58,0.9,0.32000000000000006,I need to regard the minutes of the meeting.,4
7609,the,0.9,1.16,0.2599999999999999,I need to regard the minutes of the meeting.,4
7609,minutes,1.16,1.46,0.30000000000000004,I need to regard the minutes of the meeting.,4
7609,of,1.46,1.7,0.24,I need to regard the minutes of the meeting.,4
7609,the,1.7,1.86,0.16000000000000014,I need to regard the minutes of the meeting.,4
7609,meeting.,1.86,2.2,0.3400000000000001,I need to regard the minutes of the meeting.,4
6448,We're,0.0,0.16,0.16,We're experiencing unexpected delays in the supply change.,4
6448,experiencing,0.16,0.74,0.58,We're experiencing unexpected delays in the supply change.,4
6448,unexpected,0.74,1.42,0.6799999999999999,We're experiencing unexpected delays in the supply change.,4
6448,delays,1.42,1.88,0.45999999999999996,We're experiencing unexpected delays in the supply change.,4
6448,in,1.88,2.12,0.2400000000000002,We're experiencing unexpected delays in the supply change.,4
6448,the,2.12,2.2,0.08000000000000007,We're experiencing unexpected delays in the supply change.,4
6448,supply,2.2,2.48,0.2799999999999998,We're experiencing unexpected delays in the supply change.,4
6448,change.,2.48,2.88,0.3999999999999999,We're experiencing unexpected delays in the supply change.,4
8505,The,0.0,0.1,0.1,The stock market fluctuates wildly due to economic uncertainty.,4
8505,stock,0.1,0.34,0.24000000000000002,The stock market fluctuates wildly due to economic uncertainty.,4
8505,market,0.34,0.82,0.4799999999999999,The stock market fluctuates wildly due to economic uncertainty.,4
8505,fluctuates,0.82,1.52,0.7000000000000001,The stock market fluctuates wildly due to economic uncertainty.,4
8505,wildly,1.52,1.92,0.3999999999999999,The stock market fluctuates wildly due to economic uncertainty.,4
8505,due,1.92,2.22,0.30000000000000027,The stock market fluctuates wildly due to economic uncertainty.,4
8505,to,2.22,2.36,0.13999999999999968,The stock market fluctuates wildly due to economic uncertainty.,4
8505,economic,2.36,2.8,0.43999999999999995,The stock market fluctuates wildly due to economic uncertainty.,4
8505,uncertainty.,2.8,3.38,0.5800000000000001,The stock market fluctuates wildly due to economic uncertainty.,4
3719,Could,0.0,0.14,0.14,Could you bend the annual report by email?,4
3719,you,0.14,0.26,0.12,Could you bend the annual report by email?,4
3719,bend,0.26,0.5,0.24,Could you bend the annual report by email?,4
3719,the,0.5,0.74,0.24,Could you bend the annual report by email?,4
3719,annual,0.74,0.98,0.24,Could you bend the annual report by email?,4
3719,report,0.98,1.38,0.3999999999999999,Could you bend the annual report by email?,4
3719,by,1.38,1.64,0.26,Could you bend the annual report by email?,4
3719,email?,1.64,2.04,0.40000000000000013,Could you bend the annual report by email?,4
7998,We,0.0,0.12,0.12,We need to promote sustainable practices in agriculture.,4
7998,need,0.12,0.24,0.12,We need to promote sustainable practices in agriculture.,4
7998,to,0.24,0.4,0.16000000000000003,We need to promote sustainable practices in agriculture.,4
7998,promote,0.4,0.64,0.24,We need to promote sustainable practices in agriculture.,4
7998,sustainable,0.64,1.1,0.4600000000000001,We need to promote sustainable practices in agriculture.,4
7998,practices,1.1,2.0,0.8999999999999999,We need to promote sustainable practices in agriculture.,4
7998,in,2.0,2.58,0.5800000000000001,We need to promote sustainable practices in agriculture.,4
7998,agriculture.,2.58,3.1,0.52,We need to promote sustainable practices in agriculture.,4
8102,the,0.0,0.14,0.14,the biodiversity and this ecosystem is removable.,4
8102,biodiversity,0.14,0.86,0.72,the biodiversity and this ecosystem is removable.,4
8102,and,0.86,1.24,0.38,the biodiversity and this ecosystem is removable.,4
8102,this,1.24,1.42,0.17999999999999994,the biodiversity and this ecosystem is removable.,4
8102,ecosystem,1.42,2.04,0.6200000000000001,the biodiversity and this ecosystem is removable.,4
8102,is,2.04,2.36,0.31999999999999984,the biodiversity and this ecosystem is removable.,4
8102,removable.,2.36,2.76,0.3999999999999999,the biodiversity and this ecosystem is removable.,4
7218,The,0.0,0.14,0.14,The customer service representative resolved the issue promptory.,4
7218,customer,0.14,0.6,0.45999999999999996,The customer service representative resolved the issue promptory.,4
7218,service,0.6,1.32,0.7200000000000001,The customer service representative resolved the issue promptory.,4
7218,representative,1.32,2.34,1.0199999999999998,The customer service representative resolved the issue promptory.,4
7218,resolved,2.34,3.12,0.7800000000000002,The customer service representative resolved the issue promptory.,4
7218,the,3.12,3.44,0.31999999999999984,The customer service representative resolved the issue promptory.,4
7218,issue,3.44,3.68,0.2400000000000002,The customer service representative resolved the issue promptory.,4
7218,promptory.,3.68,4.5,0.8199999999999998,The customer service representative resolved the issue promptory.,4
1071,The,0.0,0.12,0.12,The solution requires careful analysis.,4
1071,solution,0.12,0.46,0.34,The solution requires careful analysis.,4
1071,requires,0.46,0.76,0.3,The solution requires careful analysis.,4
1071,careful,0.76,1.2,0.43999999999999995,The solution requires careful analysis.,4
1071,analysis.,1.2,1.64,0.43999999999999995,The solution requires careful analysis.,4
2348,Students,0.0,0.32,0.32,Students should compare for final exams.,4
2348,should,0.32,0.64,0.32,Students should compare for final exams.,4
2348,compare,0.64,1.08,0.44000000000000006,Students should compare for final exams.,4
2348,for,1.08,1.32,0.24,Students should compare for final exams.,4
2348,final,1.32,1.68,0.3599999999999999,Students should compare for final exams.,4
2348,exams.,1.68,2.2,0.5200000000000002,Students should compare for final exams.,4
8315,The,0.0,0.12,0.12,The latest smartphone boosts improved screen resolution.,4
8315,latest,0.12,0.34,0.22000000000000003,The latest smartphone boosts improved screen resolution.,4
8315,smartphone,0.34,0.76,0.42,The latest smartphone boosts improved screen resolution.,4
8315,boosts,0.76,1.4,0.6399999999999999,The latest smartphone boosts improved screen resolution.,4
8315,improved,1.4,1.66,0.26,The latest smartphone boosts improved screen resolution.,4
8315,screen,1.66,2.0,0.3400000000000001,The latest smartphone boosts improved screen resolution.,4
8315,resolution.,2.0,2.52,0.52,The latest smartphone boosts improved screen resolution.,4
3109,The,0.0,0.1,0.1,The flight attendant demonstrated safety precautions.,4
3109,flight,0.1,0.34,0.24000000000000002,The flight attendant demonstrated safety precautions.,4
3109,attendant,0.34,0.82,0.4799999999999999,The flight attendant demonstrated safety precautions.,4
3109,demonstrated,0.82,1.54,0.7200000000000001,The flight attendant demonstrated safety precautions.,4
3109,safety,1.54,2.18,0.6400000000000001,The flight attendant demonstrated safety precautions.,4
3109,precautions.,2.18,2.74,0.56,The flight attendant demonstrated safety precautions.,4
7408,The,0.0,0.14,0.14,The quarterly report shows significant glow.,4
7408,quarterly,0.14,0.66,0.52,The quarterly report shows significant glow.,4
7408,report,0.66,1.34,0.68,The quarterly report shows significant glow.,4
7408,shows,1.34,1.9,0.5599999999999998,The quarterly report shows significant glow.,4
7408,significant,1.9,2.76,0.8599999999999999,The quarterly report shows significant glow.,4
7408,glow.,2.76,3.28,0.52,The quarterly report shows significant glow.,4
6649,The,0.0,0.1,0.1,The architect designed an eco-friendly skyscraper.,4
6649,architect,0.1,0.52,0.42000000000000004,The architect designed an eco-friendly skyscraper.,4
6649,designed,0.52,1.06,0.54,The architect designed an eco-friendly skyscraper.,4
6649,an,1.06,1.4,0.33999999999999986,The architect designed an eco-friendly skyscraper.,4
6649,eco,1.4,1.64,0.24,The architect designed an eco-friendly skyscraper.,4
6649,-friendly,1.64,2.06,0.42000000000000015,The architect designed an eco-friendly skyscraper.,4
6649,skyscraper.,2.06,3.04,0.98,The architect designed an eco-friendly skyscraper.,4
9553,Please,0.0,0.22,0.22,Please submit your resort.,4
9553,submit,0.22,0.64,0.42000000000000004,Please submit your resort.,4
9553,your,0.64,0.94,0.29999999999999993,Please submit your resort.,4
9553,resort.,0.94,1.46,0.52,Please submit your resort.,4
5989,Students,0.0,0.36,0.36,Students must complete all assignments before the deadline.,4
5989,must,0.36,0.58,0.21999999999999997,Students must complete all assignments before the deadline.,4
5989,complete,0.58,0.96,0.38,Students must complete all assignments before the deadline.,4
5989,all,0.96,1.18,0.21999999999999997,Students must complete all assignments before the deadline.,4
5989,assignments,1.18,1.62,0.44000000000000017,Students must complete all assignments before the deadline.,4
5989,before,1.62,1.98,0.3599999999999999,Students must complete all assignments before the deadline.,4
5989,the,1.98,2.16,0.18000000000000016,Students must complete all assignments before the deadline.,4
5989,deadline.,2.16,2.46,0.2999999999999998,Students must complete all assignments before the deadline.,4
9800,the,0.0,0.1,0.1,the company protests the dream employees.,4
9800,company,0.1,0.42,0.31999999999999995,the company protests the dream employees.,4
9800,protests,0.42,0.82,0.39999999999999997,the company protests the dream employees.,4
9800,the,0.82,0.98,0.16000000000000003,the company protests the dream employees.,4
9800,dream,0.98,1.16,0.17999999999999994,the company protests the dream employees.,4
9800,employees.,1.16,1.52,0.3600000000000001,the company protests the dream employees.,4
9380,we,0.0,0.14,0.14,we should project our resources.,4
9380,should,0.14,0.24,0.09999999999999998,we should project our resources.,4
9380,project,0.24,0.52,0.28,we should project our resources.,4
9380,our,0.52,0.68,0.16000000000000003,we should project our resources.,4
9380,resources.,0.68,1.12,0.44000000000000006,we should project our resources.,4
5209,Can,0.0,0.22,0.22,Can you clarify the terms of the contact?,4
5209,you,0.22,0.32,0.1,Can you clarify the terms of the contact?,4
5209,clarify,0.32,0.8,0.48000000000000004,Can you clarify the terms of the contact?,4
5209,the,0.8,1.14,0.33999999999999986,Can you clarify the terms of the contact?,4
5209,terms,1.14,1.48,0.3400000000000001,Can you clarify the terms of the contact?,4
5209,of,1.48,1.66,0.17999999999999994,Can you clarify the terms of the contact?,4
5209,the,1.66,1.78,0.1200000000000001,Can you clarify the terms of the contact?,4
5209,contact?,1.78,2.28,0.4999999999999998,Can you clarify the terms of the contact?,4
8704,the,0.0,0.12,0.12,the algorithm progresses big data efficiently.,4
8704,algorithm,0.12,0.54,0.42000000000000004,the algorithm progresses big data efficiently.,4
8704,progresses,0.54,1.12,0.5800000000000001,the algorithm progresses big data efficiently.,4
8704,big,1.12,1.48,0.3599999999999999,the algorithm progresses big data efficiently.,4
8704,data,1.48,1.78,0.30000000000000004,the algorithm progresses big data efficiently.,4
8704,efficiently.,1.78,2.32,0.5399999999999998,the algorithm progresses big data efficiently.,4
9816,She,0.0,0.2,0.2,She accepted the job offer.,4
9816,accepted,0.2,0.62,0.42,She accepted the job offer.,4
9816,the,0.62,0.8,0.18000000000000005,She accepted the job offer.,4
9816,job,0.8,1.04,0.24,She accepted the job offer.,4
9816,offer.,1.04,1.42,0.3799999999999999,She accepted the job offer.,4
510,The,0.0,0.14,0.14,The fight at the end of the tunnel gave them hope.,4
510,fight,0.14,0.44,0.3,The fight at the end of the tunnel gave them hope.,4
510,at,0.44,0.6,0.15999999999999998,The fight at the end of the tunnel gave them hope.,4
510,the,0.6,0.78,0.18000000000000005,The fight at the end of the tunnel gave them hope.,4
510,end,0.78,1.02,0.24,The fight at the end of the tunnel gave them hope.,4
510,of,1.02,1.14,0.11999999999999988,The fight at the end of the tunnel gave them hope.,4
510,the,1.14,1.24,0.10000000000000009,The fight at the end of the tunnel gave them hope.,4
510,tunnel,1.24,1.48,0.24,The fight at the end of the tunnel gave them hope.,4
510,gave,1.48,1.74,0.26,The fight at the end of the tunnel gave them hope.,4
510,them,1.74,2.02,0.28,The fight at the end of the tunnel gave them hope.,4
510,hope.,2.02,2.3,0.2799999999999998,The fight at the end of the tunnel gave them hope.,4
117,The,0.0,0.1,0.1,The system requires regular debates.,4
117,system,0.1,0.42,0.31999999999999995,The system requires regular debates.,4
117,requires,0.42,0.86,0.44,The system requires regular debates.,4
117,regular,0.86,1.3,0.44000000000000006,The system requires regular debates.,4
117,debates.,1.3,1.72,0.41999999999999993,The system requires regular debates.,4
1122,We,0.0,0.12,0.12,We must maintain strict quality patrol.,4
1122,must,0.12,0.24,0.12,We must maintain strict quality patrol.,4
1122,maintain,0.24,0.56,0.32000000000000006,We must maintain strict quality patrol.,4
1122,strict,0.56,0.96,0.3999999999999999,We must maintain strict quality patrol.,4
1122,quality,0.96,1.38,0.41999999999999993,We must maintain strict quality patrol.,4
1122,patrol.,1.38,1.74,0.3600000000000001,We must maintain strict quality patrol.,4
9142,Please,0.0,0.18,0.18,Please check the weight.,4
9142,check,0.18,0.5,0.32,Please check the weight.,4
9142,the,0.5,0.72,0.21999999999999997,Please check the weight.,4
9142,weight.,0.72,0.96,0.24,Please check the weight.,4
8303,We,0.0,0.12,0.12,We need to converse water resources for future generations.,4
8303,need,0.12,0.24,0.12,We need to converse water resources for future generations.,4
8303,to,0.24,0.38,0.14,We need to converse water resources for future generations.,4
8303,converse,0.38,0.76,0.38,We need to converse water resources for future generations.,4
8303,water,0.76,1.12,0.3600000000000001,We need to converse water resources for future generations.,4
8303,resources,1.12,1.7,0.5799999999999998,We need to converse water resources for future generations.,4
8303,for,1.7,2.02,0.32000000000000006,We need to converse water resources for future generations.,4
8303,future,2.02,2.34,0.31999999999999984,We need to converse water resources for future generations.,4
8303,generations.,2.34,3.0,0.6600000000000001,We need to converse water resources for future generations.,4
4459,they,0.0,0.1,0.1,they discuss the project's design today.,4
4459,discuss,0.1,0.4,0.30000000000000004,they discuss the project's design today.,4
4459,the,0.4,0.64,0.24,they discuss the project's design today.,4
4459,project's,0.64,1.24,0.6,they discuss the project's design today.,4
4459,design,1.24,1.54,0.30000000000000004,they discuss the project's design today.,4
4459,today.,1.54,1.92,0.3799999999999999,they discuss the project's design today.,4
8883,Place,0.0,0.22,0.22,Place Transpose this document.,4
8883,Transpose,0.22,0.84,0.62,Place Transpose this document.,4
8883,this,0.84,1.08,0.2400000000000001,Place Transpose this document.,4
8883,document.,1.08,1.44,0.3599999999999999,Place Transpose this document.,4
6106,The,0.0,0.1,0.1,The company implemented a new side of a security protocol.,4
6106,company,0.1,0.48,0.38,The company implemented a new side of a security protocol.,4
6106,implemented,0.48,1.3,0.8200000000000001,The company implemented a new side of a security protocol.,4
6106,a,1.3,1.5,0.19999999999999996,The company implemented a new side of a security protocol.,4
6106,new,1.5,1.7,0.19999999999999996,The company implemented a new side of a security protocol.,4
6106,side,1.7,2.06,0.3600000000000001,The company implemented a new side of a security protocol.,4
6106,of,2.06,2.22,0.16000000000000014,The company implemented a new side of a security protocol.,4
6106,a,2.22,2.3,0.07999999999999963,The company implemented a new side of a security protocol.,4
6106,security,2.3,2.84,0.54,The company implemented a new side of a security protocol.,4
6106,protocol.,2.84,3.5,0.6600000000000001,The company implemented a new side of a security protocol.,4
2000,The,0.0,0.14,0.14,The device will transport data securely.,4
2000,device,0.14,0.56,0.42000000000000004,The device will transport data securely.,4
2000,will,0.56,0.92,0.36,The device will transport data securely.,4
2000,transport,0.92,1.52,0.6,The device will transport data securely.,4
2000,data,1.52,1.96,0.43999999999999995,The device will transport data securely.,4
2000,securely.,1.96,2.72,0.7600000000000002,The device will transport data securely.,4
3241,they,0.0,0.16,0.16,they revolve the technical issue.,4
3241,revolve,0.16,0.72,0.5599999999999999,they revolve the technical issue.,4
3241,the,0.72,0.86,0.14,they revolve the technical issue.,4
3241,technical,0.86,1.26,0.4,they revolve the technical issue.,4
3241,issue.,1.26,1.66,0.3999999999999999,they revolve the technical issue.,4
249,their,0.0,0.14,0.14,their conference attracted intentional delegates.,4
249,conference,0.14,0.46,0.32,their conference attracted intentional delegates.,4
249,attracted,0.46,1.0,0.54,their conference attracted intentional delegates.,4
249,intentional,1.0,1.64,0.6399999999999999,their conference attracted intentional delegates.,4
249,delegates.,1.64,2.18,0.5400000000000003,their conference attracted intentional delegates.,4
5815,The,0.0,0.64,0.64,The new policy aims to reduce traffic contention.,4
5815,new,0.64,0.76,0.12,The new policy aims to reduce traffic contention.,4
5815,policy,0.76,1.18,0.41999999999999993,The new policy aims to reduce traffic contention.,4
5815,aims,1.18,1.44,0.26,The new policy aims to reduce traffic contention.,4
5815,to,1.44,1.66,0.21999999999999997,The new policy aims to reduce traffic contention.,4
5815,reduce,1.66,1.92,0.26,The new policy aims to reduce traffic contention.,4
5815,traffic,1.92,2.26,0.33999999999999986,The new policy aims to reduce traffic contention.,4
5815,contention.,2.26,2.88,0.6200000000000001,The new policy aims to reduce traffic contention.,4
1010,Please,0.0,0.2,0.2,Please check the network collection.,4
1010,check,0.2,0.48,0.27999999999999997,Please check the network collection.,4
1010,the,0.48,0.68,0.20000000000000007,Please check the network collection.,4
1010,network,0.68,0.92,0.24,Please check the network collection.,4
1010,collection.,0.92,1.42,0.4999999999999999,Please check the network collection.,4
7594,These,0.0,0.2,0.2,These regard the changes made to the coat base and the change lock.,4
7594,regard,0.2,0.42,0.21999999999999997,These regard the changes made to the coat base and the change lock.,4
7594,the,0.42,0.6,0.18,These regard the changes made to the coat base and the change lock.,4
7594,changes,0.6,0.86,0.26,These regard the changes made to the coat base and the change lock.,4
7594,made,0.86,1.12,0.2600000000000001,These regard the changes made to the coat base and the change lock.,4
7594,to,1.12,1.32,0.19999999999999996,These regard the changes made to the coat base and the change lock.,4
7594,the,1.32,1.4,0.07999999999999985,These regard the changes made to the coat base and the change lock.,4
7594,coat,1.4,1.58,0.18000000000000016,These regard the changes made to the coat base and the change lock.,4
7594,base,1.58,1.76,0.17999999999999994,These regard the changes made to the coat base and the change lock.,4
7594,and,1.76,1.96,0.19999999999999996,These regard the changes made to the coat base and the change lock.,4
7594,the,1.96,2.08,0.1200000000000001,These regard the changes made to the coat base and the change lock.,4
7594,change,2.08,2.32,0.23999999999999977,These regard the changes made to the coat base and the change lock.,4
7594,lock.,2.32,2.6,0.28000000000000025,These regard the changes made to the coat base and the change lock.,4
6852,Could,0.0,0.18,0.18,Could you elaborate on the potential side effects of this new modification?,4
6852,you,0.18,0.32,0.14,Could you elaborate on the potential side effects of this new modification?,4
6852,elaborate,0.32,0.66,0.34,Could you elaborate on the potential side effects of this new modification?,4
6852,on,0.66,1.06,0.4,Could you elaborate on the potential side effects of this new modification?,4
6852,the,1.06,1.2,0.1399999999999999,Could you elaborate on the potential side effects of this new modification?,4
6852,potential,1.2,1.68,0.48,Could you elaborate on the potential side effects of this new modification?,4
6852,side,1.68,2.06,0.3800000000000001,Could you elaborate on the potential side effects of this new modification?,4
6852,effects,2.06,2.4,0.33999999999999986,Could you elaborate on the potential side effects of this new modification?,4
6852,of,2.4,2.78,0.3799999999999999,Could you elaborate on the potential side effects of this new modification?,4
6852,this,2.78,3.02,0.2400000000000002,Could you elaborate on the potential side effects of this new modification?,4
6852,new,3.02,3.22,0.20000000000000018,Could you elaborate on the potential side effects of this new modification?,4
6852,modification?,3.22,3.8,0.5799999999999996,Could you elaborate on the potential side effects of this new modification?,4
6501,Have,0.0,0.16,0.16,Have you ever tried skydiving or bungee jumping?,4
6501,you,0.16,0.28,0.12000000000000002,Have you ever tried skydiving or bungee jumping?,4
6501,ever,0.28,0.5,0.21999999999999997,Have you ever tried skydiving or bungee jumping?,4
6501,tried,0.5,0.88,0.38,Have you ever tried skydiving or bungee jumping?,4
6501,skydiving,0.88,1.54,0.66,Have you ever tried skydiving or bungee jumping?,4
6501,or,1.54,2.26,0.7199999999999998,Have you ever tried skydiving or bungee jumping?,4
6501,bungee,2.26,2.58,0.3200000000000003,Have you ever tried skydiving or bungee jumping?,4
6501,jumping?,2.58,2.88,0.2999999999999998,Have you ever tried skydiving or bungee jumping?,4
3646,The,0.0,0.1,0.1,The prototype demonstrates innovative creatures.,4
3646,prototype,0.1,0.5,0.4,The prototype demonstrates innovative creatures.,4
3646,demonstrates,0.5,1.48,0.98,The prototype demonstrates innovative creatures.,4
3646,innovative,1.48,2.04,0.56,The prototype demonstrates innovative creatures.,4
3646,creatures.,2.04,2.74,0.7000000000000002,The prototype demonstrates innovative creatures.,4
4300,We,0.0,0.12,0.12,We should contender all options.,4
4300,should,0.12,0.28,0.16000000000000003,We should contender all options.,4
4300,contender,0.28,0.88,0.6,We should contender all options.,4
4300,all,0.88,1.14,0.2599999999999999,We should contender all options.,4
4300,options.,1.14,1.6,0.4600000000000002,We should contender all options.,4
3095,the,0.0,0.1,0.1,the company focuses on customer declaration.,4
3095,company,0.1,0.38,0.28,the company focuses on customer declaration.,4
3095,focuses,0.38,0.74,0.36,the company focuses on customer declaration.,4
3095,on,0.74,1.02,0.28,the company focuses on customer declaration.,4
3095,customer,1.02,1.34,0.32000000000000006,the company focuses on customer declaration.,4
3095,declaration.,1.34,2.06,0.72,the company focuses on customer declaration.,4
8289,The,0.0,0.12,0.12,The company will decrease production to meet growing demand.,4
8289,company,0.12,0.46,0.34,The company will decrease production to meet growing demand.,4
8289,will,0.46,0.7,0.23999999999999994,The company will decrease production to meet growing demand.,4
8289,decrease,0.7,1.04,0.3400000000000001,The company will decrease production to meet growing demand.,4
8289,production,1.04,1.68,0.6399999999999999,The company will decrease production to meet growing demand.,4
8289,to,1.68,1.96,0.28,The company will decrease production to meet growing demand.,4
8289,meet,1.96,2.12,0.16000000000000014,The company will decrease production to meet growing demand.,4
8289,growing,2.12,2.38,0.2599999999999998,The company will decrease production to meet growing demand.,4
8289,demand.,2.38,2.78,0.3999999999999999,The company will decrease production to meet growing demand.,4
1682,We,0.0,0.12,0.12,We need to progress this application quickly.,4
1682,need,0.12,0.24,0.12,We need to progress this application quickly.,4
1682,to,0.24,0.34,0.10000000000000003,We need to progress this application quickly.,4
1682,progress,0.34,0.56,0.22000000000000003,We need to progress this application quickly.,4
1682,this,0.56,0.84,0.2799999999999999,We need to progress this application quickly.,4
1682,application,0.84,1.38,0.5399999999999999,We need to progress this application quickly.,4
1682,quickly.,1.38,1.94,0.56,We need to progress this application quickly.,4
6844,Could,0.0,0.18,0.18,Could you clarify the terms and conditions of the service agreement?,4
6844,you,0.18,0.3,0.12,Could you clarify the terms and conditions of the service agreement?,4
6844,clarify,0.3,0.68,0.38000000000000006,Could you clarify the terms and conditions of the service agreement?,4
6844,the,0.68,0.86,0.17999999999999994,Could you clarify the terms and conditions of the service agreement?,4
6844,terms,0.86,1.08,0.22000000000000008,Could you clarify the terms and conditions of the service agreement?,4
6844,and,1.08,1.24,0.15999999999999992,Could you clarify the terms and conditions of the service agreement?,4
6844,conditions,1.24,1.62,0.3800000000000001,Could you clarify the terms and conditions of the service agreement?,4
6844,of,1.62,1.86,0.24,Could you clarify the terms and conditions of the service agreement?,4
6844,the,1.86,1.94,0.07999999999999985,Could you clarify the terms and conditions of the service agreement?,4
6844,service,1.94,2.26,0.31999999999999984,Could you clarify the terms and conditions of the service agreement?,4
6844,agreement?,2.26,2.72,0.4600000000000004,Could you clarify the terms and conditions of the service agreement?,4
4896,Please,0.0,0.18,0.18,Please check your passport expiration date before traveling.,4
4896,check,0.18,0.48,0.3,Please check your passport expiration date before traveling.,4
4896,your,0.48,0.66,0.18000000000000005,Please check your passport expiration date before traveling.,4
4896,passport,0.66,1.12,0.4600000000000001,Please check your passport expiration date before traveling.,4
4896,expiration,1.12,1.88,0.7599999999999998,Please check your passport expiration date before traveling.,4
4896,date,1.88,2.26,0.3799999999999999,Please check your passport expiration date before traveling.,4
4896,before,2.26,2.66,0.40000000000000036,Please check your passport expiration date before traveling.,4
4896,traveling.,2.66,3.2,0.54,Please check your passport expiration date before traveling.,4
3650,She's,0.0,0.26,0.26,She's preventing her research at the conference tomorrow.,4
3650,preventing,0.26,0.72,0.45999999999999996,She's preventing her research at the conference tomorrow.,4
3650,her,0.72,0.98,0.26,She's preventing her research at the conference tomorrow.,4
3650,research,0.98,1.42,0.43999999999999995,She's preventing her research at the conference tomorrow.,4
3650,at,1.42,1.7,0.28,She's preventing her research at the conference tomorrow.,4
3650,the,1.7,1.8,0.10000000000000009,She's preventing her research at the conference tomorrow.,4
3650,conference,1.8,2.2,0.40000000000000013,She's preventing her research at the conference tomorrow.,4
3650,tomorrow.,2.2,2.66,0.45999999999999996,She's preventing her research at the conference tomorrow.,4
1114,The,0.0,0.14,0.14,The engineer designed an efficient prilling system.,4
1114,engineer,0.14,0.58,0.43999999999999995,The engineer designed an efficient prilling system.,4
1114,designed,0.58,1.0,0.42000000000000004,The engineer designed an efficient prilling system.,4
1114,an,1.0,1.26,0.26,The engineer designed an efficient prilling system.,4
1114,efficient,1.26,1.58,0.32000000000000006,The engineer designed an efficient prilling system.,4
1114,prilling,1.58,1.96,0.3799999999999999,The engineer designed an efficient prilling system.,4
1114,system.,1.96,2.48,0.52,The engineer designed an efficient prilling system.,4
4316,the,0.0,0.14,0.14,the committee accepted the changes.,4
4316,committee,0.14,0.5,0.36,the committee accepted the changes.,4
4316,accepted,0.5,1.06,0.56,the committee accepted the changes.,4
4316,the,1.06,1.26,0.19999999999999996,the committee accepted the changes.,4
4316,changes.,1.26,1.76,0.5,the committee accepted the changes.,4
7185,She's,0.0,0.36,0.36,She's writing her dissertation on medieval literature.,4
7185,writing,0.36,0.76,0.4,She's writing her dissertation on medieval literature.,4
7185,her,0.76,1.08,0.32000000000000006,She's writing her dissertation on medieval literature.,4
7185,dissertation,1.08,1.86,0.78,She's writing her dissertation on medieval literature.,4
7185,on,1.86,2.26,0.3999999999999997,She's writing her dissertation on medieval literature.,4
7185,medieval,2.26,2.76,0.5,She's writing her dissertation on medieval literature.,4
7185,literature.,2.76,3.58,0.8200000000000003,She's writing her dissertation on medieval literature.,4
3257,The,0.0,0.1,0.1,The Corporation implemented new security projects.,4
3257,Corporation,0.1,0.52,0.42000000000000004,The Corporation implemented new security projects.,4
3257,implemented,0.52,1.14,0.6199999999999999,The Corporation implemented new security projects.,4
3257,new,1.14,1.42,0.28,The Corporation implemented new security projects.,4
3257,security,1.42,1.74,0.32000000000000006,The Corporation implemented new security projects.,4
3257,projects.,1.74,2.26,0.5199999999999998,The Corporation implemented new security projects.,4
2016,Scientists,0.0,0.5,0.5,Scientists discovered a new speech yesterday.,4
2016,discovered,0.5,1.22,0.72,Scientists discovered a new speech yesterday.,4
2016,a,1.22,1.52,0.30000000000000004,Scientists discovered a new speech yesterday.,4
2016,new,1.52,1.72,0.19999999999999996,Scientists discovered a new speech yesterday.,4
2016,speech,1.72,2.12,0.40000000000000013,Scientists discovered a new speech yesterday.,4
2016,yesterday.,2.12,2.72,0.6000000000000001,Scientists discovered a new speech yesterday.,4
5383,What's,0.0,0.28,0.28,What's their opinion on the latest climate change resort?,4
5383,their,0.28,0.38,0.09999999999999998,What's their opinion on the latest climate change resort?,4
5383,opinion,0.38,0.74,0.36,What's their opinion on the latest climate change resort?,4
5383,on,0.74,0.94,0.19999999999999996,What's their opinion on the latest climate change resort?,4
5383,the,0.94,1.06,0.1200000000000001,What's their opinion on the latest climate change resort?,4
5383,latest,1.06,1.26,0.19999999999999996,What's their opinion on the latest climate change resort?,4
5383,climate,1.26,1.62,0.3600000000000001,What's their opinion on the latest climate change resort?,4
5383,change,1.62,1.98,0.3599999999999999,What's their opinion on the latest climate change resort?,4
5383,resort?,1.98,2.3,0.31999999999999984,What's their opinion on the latest climate change resort?,4
1143,the,0.0,0.14,0.14,the machine desires calibration.,4
1143,machine,0.14,0.42,0.27999999999999997,the machine desires calibration.,4
1143,desires,0.42,1.04,0.6200000000000001,the machine desires calibration.,4
1143,calibration.,1.04,1.8,0.76,the machine desires calibration.,4
8698,Sustainable,0.0,0.76,0.76,Sustainable practices permit future generations.,4
8698,practices,0.76,1.52,0.76,Sustainable practices permit future generations.,4
8698,permit,1.52,2.12,0.6000000000000001,Sustainable practices permit future generations.,4
8698,future,2.12,2.6,0.48,Sustainable practices permit future generations.,4
8698,generations.,2.6,3.36,0.7599999999999998,Sustainable practices permit future generations.,4
1641,Please,0.0,0.24,0.24,Please submit your process report weekly.,4
1641,submit,0.24,0.62,0.38,Please submit your process report weekly.,4
1641,your,0.62,0.82,0.19999999999999996,Please submit your process report weekly.,4
1641,process,0.82,1.2,0.38,Please submit your process report weekly.,4
1641,report,1.2,1.66,0.45999999999999996,Please submit your process report weekly.,4
1641,weekly.,1.66,2.16,0.5000000000000002,Please submit your process report weekly.,4
7795,The,0.0,0.12,0.12,The Thesistic explored the concept of cognitive resonance.,4
7795,Thesistic,0.12,0.72,0.6,The Thesistic explored the concept of cognitive resonance.,4
7795,explored,0.72,1.28,0.56,The Thesistic explored the concept of cognitive resonance.,4
7795,the,1.28,1.5,0.21999999999999997,The Thesistic explored the concept of cognitive resonance.,4
7795,concept,1.5,1.98,0.48,The Thesistic explored the concept of cognitive resonance.,4
7795,of,1.98,2.34,0.3599999999999999,The Thesistic explored the concept of cognitive resonance.,4
7795,cognitive,2.34,2.78,0.43999999999999995,The Thesistic explored the concept of cognitive resonance.,4
7795,resonance.,2.78,3.5,0.7200000000000002,The Thesistic explored the concept of cognitive resonance.,4
5747,The,0.0,0.12,0.12,The philosopher pondered the nature of unconsciousness.,4
5747,philosopher,0.12,0.66,0.54,The philosopher pondered the nature of unconsciousness.,4
5747,pondered,0.66,1.36,0.7000000000000001,The philosopher pondered the nature of unconsciousness.,4
5747,the,1.36,1.54,0.17999999999999994,The philosopher pondered the nature of unconsciousness.,4
5747,nature,1.54,1.92,0.3799999999999999,The philosopher pondered the nature of unconsciousness.,4
5747,of,1.92,2.36,0.43999999999999995,The philosopher pondered the nature of unconsciousness.,4
5747,unconsciousness.,2.36,3.38,1.02,The philosopher pondered the nature of unconsciousness.,4
4506,she,0.0,0.22,0.22,she compared the financial statement.,4
4506,compared,0.22,0.64,0.42000000000000004,she compared the financial statement.,4
4506,the,0.64,0.86,0.21999999999999997,she compared the financial statement.,4
4506,financial,0.86,1.32,0.4600000000000001,she compared the financial statement.,4
4506,statement.,1.32,1.82,0.5,she compared the financial statement.,4
3693,Management,0.0,0.54,0.54,Management improved the proposed changes.,4
3693,improved,0.54,1.12,0.5800000000000001,Management improved the proposed changes.,4
3693,the,1.12,1.38,0.2599999999999998,Management improved the proposed changes.,4
3693,proposed,1.38,1.8,0.42000000000000015,Management improved the proposed changes.,4
3693,changes.,1.8,2.5,0.7,Management improved the proposed changes.,4
6307,The,0.0,0.12,0.12,The philosopher debated the nature of conscientiousness.,4
6307,philosopher,0.12,0.52,0.4,The philosopher debated the nature of conscientiousness.,4
6307,debated,0.52,0.94,0.41999999999999993,The philosopher debated the nature of conscientiousness.,4
6307,the,0.94,1.26,0.32000000000000006,The philosopher debated the nature of conscientiousness.,4
6307,nature,1.26,1.56,0.30000000000000004,The philosopher debated the nature of conscientiousness.,4
6307,of,1.56,1.78,0.21999999999999997,The philosopher debated the nature of conscientiousness.,4
6307,conscientiousness.,1.78,2.86,1.0799999999999998,The philosopher debated the nature of conscientiousness.,4
1092,we,0.0,0.14,0.14,we should consider all possible tractors.,4
1092,should,0.14,0.26,0.12,we should consider all possible tractors.,4
1092,consider,0.26,0.76,0.5,we should consider all possible tractors.,4
1092,all,0.76,0.98,0.21999999999999997,we should consider all possible tractors.,4
1092,possible,0.98,1.38,0.3999999999999999,we should consider all possible tractors.,4
1092,tractors.,1.38,2.12,0.7400000000000002,we should consider all possible tractors.,4
7392,What's,0.0,0.22,0.22,What's the estimated time of arrival for the next site?,4
7392,the,0.22,0.3,0.07999999999999999,What's the estimated time of arrival for the next site?,4
7392,estimated,0.3,0.6,0.3,What's the estimated time of arrival for the next site?,4
7392,time,0.6,0.96,0.36,What's the estimated time of arrival for the next site?,4
7392,of,0.96,1.12,0.16000000000000014,What's the estimated time of arrival for the next site?,4
7392,arrival,1.12,1.38,0.2599999999999998,What's the estimated time of arrival for the next site?,4
7392,for,1.38,1.58,0.20000000000000018,What's the estimated time of arrival for the next site?,4
7392,the,1.58,1.7,0.11999999999999988,What's the estimated time of arrival for the next site?,4
7392,next,1.7,1.92,0.21999999999999997,What's the estimated time of arrival for the next site?,4
7392,site?,1.92,2.18,0.26000000000000023,What's the estimated time of arrival for the next site?,4
4101,The,0.0,0.14,0.14,The device pleases precise values.,4
4101,device,0.14,0.5,0.36,The device pleases precise values.,4
4101,pleases,0.5,0.98,0.48,The device pleases precise values.,4
4101,precise,0.98,1.38,0.3999999999999999,The device pleases precise values.,4
4101,values.,1.38,2.06,0.6800000000000002,The device pleases precise values.,4
1180,The,0.0,0.1,0.1,The team showed great medication.,4
1180,team,0.1,0.34,0.24000000000000002,The team showed great medication.,4
1180,showed,0.34,0.6,0.25999999999999995,The team showed great medication.,4
1180,great,0.6,0.88,0.28,The team showed great medication.,4
1180,medication.,0.88,1.56,0.68,The team showed great medication.,4
3447,The,0.0,0.1,0.1,The company ingested a new technology.,4
3447,company,0.1,0.38,0.28,The company ingested a new technology.,4
3447,ingested,0.38,0.92,0.54,The company ingested a new technology.,4
3447,a,0.92,1.08,0.16000000000000003,The company ingested a new technology.,4
3447,new,1.08,1.24,0.15999999999999992,The company ingested a new technology.,4
3447,technology.,1.24,1.72,0.48,The company ingested a new technology.,4
5593,What's,0.0,0.36,0.36,What's the estimated time of arrival for our plate?,4
5593,the,0.36,0.44,0.08000000000000002,What's the estimated time of arrival for our plate?,4
5593,estimated,0.44,0.8,0.36000000000000004,What's the estimated time of arrival for our plate?,4
5593,time,0.8,1.2,0.3999999999999999,What's the estimated time of arrival for our plate?,4
5593,of,1.2,1.38,0.17999999999999994,What's the estimated time of arrival for our plate?,4
5593,arrival,1.38,1.64,0.26,What's the estimated time of arrival for our plate?,4
5593,for,1.64,1.9,0.26,What's the estimated time of arrival for our plate?,4
5593,our,1.9,2.0,0.10000000000000009,What's the estimated time of arrival for our plate?,4
5593,plate?,2.0,2.24,0.2400000000000002,What's the estimated time of arrival for our plate?,4
9949,She's,0.0,0.22,0.22,She's an expert in quantum mechanics and particle physics.,4
9949,an,0.22,0.32,0.1,She's an expert in quantum mechanics and particle physics.,4
9949,expert,0.32,0.7,0.37999999999999995,She's an expert in quantum mechanics and particle physics.,4
9949,in,0.7,0.94,0.24,She's an expert in quantum mechanics and particle physics.,4
9949,quantum,0.94,1.22,0.28,She's an expert in quantum mechanics and particle physics.,4
9949,mechanics,1.22,1.74,0.52,She's an expert in quantum mechanics and particle physics.,4
9949,and,1.74,1.96,0.21999999999999997,She's an expert in quantum mechanics and particle physics.,4
9949,particle,1.96,2.28,0.31999999999999984,She's an expert in quantum mechanics and particle physics.,4
9949,physics.,2.28,2.68,0.40000000000000036,She's an expert in quantum mechanics and particle physics.,4
3914,the,0.0,0.18,0.18,the educational program promotes littering.,4
3914,educational,0.18,0.82,0.6399999999999999,the educational program promotes littering.,4
3914,program,0.82,1.46,0.64,the educational program promotes littering.,4
3914,promotes,1.46,1.92,0.45999999999999996,the educational program promotes littering.,4
3914,littering.,1.92,2.42,0.5,the educational program promotes littering.,4
7541,The,0.0,0.1,0.1,The symposium focused on quantum competing advances.,4
7541,symposium,0.1,0.66,0.56,The symposium focused on quantum competing advances.,4
7541,focused,0.66,0.96,0.29999999999999993,The symposium focused on quantum competing advances.,4
7541,on,0.96,1.26,0.30000000000000004,The symposium focused on quantum competing advances.,4
7541,quantum,1.26,1.62,0.3600000000000001,The symposium focused on quantum competing advances.,4
7541,competing,1.62,2.08,0.45999999999999996,The symposium focused on quantum competing advances.,4
7541,advances.,2.08,2.78,0.6999999999999997,The symposium focused on quantum competing advances.,4
7812,the,0.0,0.14,0.14,the campaign aim to raise awareness about mental wealth.,4
7812,campaign,0.14,0.66,0.52,the campaign aim to raise awareness about mental wealth.,4
7812,aim,0.66,1.2,0.5399999999999999,the campaign aim to raise awareness about mental wealth.,4
7812,to,1.2,1.48,0.28,the campaign aim to raise awareness about mental wealth.,4
7812,raise,1.48,1.76,0.28,the campaign aim to raise awareness about mental wealth.,4
7812,awareness,1.76,2.28,0.5199999999999998,the campaign aim to raise awareness about mental wealth.,4
7812,about,2.28,2.68,0.40000000000000036,the campaign aim to raise awareness about mental wealth.,4
7812,mental,2.68,3.04,0.3599999999999999,the campaign aim to raise awareness about mental wealth.,4
7812,wealth.,3.04,3.34,0.2999999999999998,the campaign aim to raise awareness about mental wealth.,4
6700,The,0.0,0.12,0.12,The catalyst accelerated the chemical fraction.,4
6700,catalyst,0.12,0.48,0.36,The catalyst accelerated the chemical fraction.,4
6700,accelerated,0.48,1.16,0.6799999999999999,The catalyst accelerated the chemical fraction.,4
6700,the,1.16,1.42,0.26,The catalyst accelerated the chemical fraction.,4
6700,chemical,1.42,1.72,0.30000000000000004,The catalyst accelerated the chemical fraction.,4
6700,fraction.,1.72,2.22,0.5000000000000002,The catalyst accelerated the chemical fraction.,4
5356,The,0.0,0.14,0.14,The journalist investigated allegations of corporate fraud.,4
5356,journalist,0.14,0.56,0.42000000000000004,The journalist investigated allegations of corporate fraud.,4
5356,investigated,0.56,1.68,1.1199999999999999,The journalist investigated allegations of corporate fraud.,4
5356,allegations,1.68,2.36,0.6799999999999999,The journalist investigated allegations of corporate fraud.,4
5356,of,2.36,2.92,0.56,The journalist investigated allegations of corporate fraud.,4
5356,corporate,2.92,3.38,0.45999999999999996,The journalist investigated allegations of corporate fraud.,4
5356,fraud.,3.38,3.86,0.48,The journalist investigated allegations of corporate fraud.,4
3282,We,0.0,0.12,0.12,We should review the financial placement.,4
3282,should,0.12,0.3,0.18,We should review the financial placement.,4
3282,review,0.3,0.58,0.27999999999999997,We should review the financial placement.,4
3282,the,0.58,0.76,0.18000000000000005,We should review the financial placement.,4
3282,financial,0.76,1.26,0.5,We should review the financial placement.,4
3282,placement.,1.26,1.74,0.48,We should review the financial placement.,4
4117,The,0.0,0.12,0.12,The professor explained the thorough clearly.,4
4117,professor,0.12,0.48,0.36,The professor explained the thorough clearly.,4
4117,explained,0.48,1.12,0.6400000000000001,The professor explained the thorough clearly.,4
4117,the,1.12,1.28,0.15999999999999992,The professor explained the thorough clearly.,4
4117,thorough,1.28,1.52,0.24,The professor explained the thorough clearly.,4
4117,clearly.,1.52,1.94,0.41999999999999993,The professor explained the thorough clearly.,4
2610,The,0.0,0.1,0.1,The system performs automatic debates.,4
2610,system,0.1,0.44,0.33999999999999997,The system performs automatic debates.,4
2610,performs,0.44,0.94,0.49999999999999994,The system performs automatic debates.,4
2610,automatic,0.94,1.52,0.5800000000000001,The system performs automatic debates.,4
2610,debates.,1.52,1.98,0.45999999999999996,The system performs automatic debates.,4
1196,The,0.0,0.14,0.14,The conference will feature bleeding experts.,4
1196,conference,0.14,0.5,0.36,The conference will feature bleeding experts.,4
1196,will,0.5,0.76,0.26,The conference will feature bleeding experts.,4
1196,feature,0.76,1.06,0.30000000000000004,The conference will feature bleeding experts.,4
1196,bleeding,1.06,1.42,0.3599999999999999,The conference will feature bleeding experts.,4
1196,experts.,1.42,2.06,0.6400000000000001,The conference will feature bleeding experts.,4
459,She,0.0,0.18,0.18,She catalyzed the market trends carefully.,4
459,catalyzed,0.18,0.82,0.6399999999999999,She catalyzed the market trends carefully.,4
459,the,0.82,0.94,0.12,She catalyzed the market trends carefully.,4
459,market,0.94,1.24,0.30000000000000004,She catalyzed the market trends carefully.,4
459,trends,1.24,1.68,0.43999999999999995,She catalyzed the market trends carefully.,4
459,carefully.,1.68,2.16,0.4800000000000002,She catalyzed the market trends carefully.,4
1483,The,0.0,0.12,0.12,The manager improved the budget plan.,4
1483,manager,0.12,0.4,0.28,The manager improved the budget plan.,4
1483,improved,0.4,0.84,0.43999999999999995,The manager improved the budget plan.,4
1483,the,0.84,1.04,0.20000000000000007,The manager improved the budget plan.,4
1483,budget,1.04,1.32,0.28,The manager improved the budget plan.,4
1483,plan.,1.32,1.74,0.41999999999999993,The manager improved the budget plan.,4
7783,Flander,0.0,0.5,0.5,Flander piss made a generous donation to the clarity.,4
7783,piss,0.5,0.66,0.16000000000000003,Flander piss made a generous donation to the clarity.,4
7783,made,0.66,0.88,0.21999999999999997,Flander piss made a generous donation to the clarity.,4
7783,a,0.88,1.02,0.14,Flander piss made a generous donation to the clarity.,4
7783,generous,1.02,1.38,0.3599999999999999,Flander piss made a generous donation to the clarity.,4
7783,donation,1.38,1.86,0.4800000000000002,Flander piss made a generous donation to the clarity.,4
7783,to,1.86,2.18,0.32000000000000006,Flander piss made a generous donation to the clarity.,4
7783,the,2.18,2.26,0.07999999999999963,Flander piss made a generous donation to the clarity.,4
7783,clarity.,2.26,2.64,0.38000000000000034,Flander piss made a generous donation to the clarity.,4
1657,We,0.0,0.12,0.12,We must address these technical changes.,4
1657,must,0.12,0.28,0.16000000000000003,We must address these technical changes.,4
1657,address,0.28,0.6,0.31999999999999995,We must address these technical changes.,4
1657,these,0.6,0.88,0.28,We must address these technical changes.,4
1657,technical,0.88,1.22,0.33999999999999997,We must address these technical changes.,4
1657,changes.,1.22,1.8,0.5800000000000001,We must address these technical changes.,4
3685,Scientists,0.0,0.46,0.46,Scientists recovered remarkable phenomena.,4
3685,recovered,0.46,0.94,0.4799999999999999,Scientists recovered remarkable phenomena.,4
3685,remarkable,0.94,1.42,0.48,Scientists recovered remarkable phenomena.,4
3685,phenomena.,1.42,2.0,0.5800000000000001,Scientists recovered remarkable phenomena.,4
4510,Please,0.0,0.5,0.5,Please submit your expense sports by Friday.,4
4510,submit,0.5,0.76,0.26,Please submit your expense sports by Friday.,4
4510,your,0.76,0.9,0.14,Please submit your expense sports by Friday.,4
4510,expense,0.9,1.2,0.29999999999999993,Please submit your expense sports by Friday.,4
4510,sports,1.2,1.54,0.3400000000000001,Please submit your expense sports by Friday.,4
4510,by,1.54,1.74,0.19999999999999996,Please submit your expense sports by Friday.,4
4510,Friday.,1.74,2.1,0.3600000000000001,Please submit your expense sports by Friday.,4
3056,Please,0.0,0.14,0.14,Please clarify your account details.,4
3056,clarify,0.14,0.6,0.45999999999999996,Please clarify your account details.,4
3056,your,0.6,0.86,0.26,Please clarify your account details.,4
3056,account,0.86,1.1,0.2400000000000001,Please clarify your account details.,4
3056,details.,1.1,1.5,0.3999999999999999,Please clarify your account details.,4
1084,Students,0.0,0.4,0.4,Students must complete their thesis prospect.,4
1084,must,0.4,0.74,0.33999999999999997,Students must complete their thesis prospect.,4
1084,complete,0.74,1.2,0.45999999999999996,Students must complete their thesis prospect.,4
1084,their,1.2,1.42,0.21999999999999997,Students must complete their thesis prospect.,4
1084,thesis,1.42,1.82,0.40000000000000013,Students must complete their thesis prospect.,4
1084,prospect.,1.82,2.44,0.6199999999999999,Students must complete their thesis prospect.,4
6311,She's,0.0,0.32,0.32,She's been studying for her final exams all week.,4
6311,been,0.32,0.48,0.15999999999999998,She's been studying for her final exams all week.,4
6311,studying,0.48,0.94,0.45999999999999996,She's been studying for her final exams all week.,4
6311,for,0.94,1.28,0.3400000000000001,She's been studying for her final exams all week.,4
6311,her,1.28,1.46,0.17999999999999994,She's been studying for her final exams all week.,4
6311,final,1.46,1.86,0.40000000000000013,She's been studying for her final exams all week.,4
6311,exams,1.86,2.44,0.5799999999999998,She's been studying for her final exams all week.,4
6311,all,2.44,2.68,0.2400000000000002,She's been studying for her final exams all week.,4
6311,week.,2.68,2.94,0.2599999999999998,She's been studying for her final exams all week.,4
3684,the,0.0,0.08,0.08,the experiment reduced and expected results.,4
3684,experiment,0.08,0.46,0.38,the experiment reduced and expected results.,4
3684,reduced,0.46,0.82,0.35999999999999993,the experiment reduced and expected results.,4
3684,and,0.82,1.06,0.2400000000000001,the experiment reduced and expected results.,4
3684,expected,1.06,1.38,0.31999999999999984,the experiment reduced and expected results.,4
3684,results.,1.38,1.84,0.4600000000000002,the experiment reduced and expected results.,4
4511,The,0.0,0.12,0.12,The research paper discusses quantum semantics.,4
4511,research,0.12,0.52,0.4,The research paper discusses quantum semantics.,4
4511,paper,0.52,0.94,0.41999999999999993,The research paper discusses quantum semantics.,4
4511,discusses,0.94,1.7,0.76,The research paper discusses quantum semantics.,4
4511,quantum,1.7,2.04,0.3400000000000001,The research paper discusses quantum semantics.,4
4511,semantics.,2.04,2.62,0.5800000000000001,The research paper discusses quantum semantics.,4
4842,The,0.0,0.12,0.12,The patient's symptoms indicate a rare autoimmune discorger.,4
4842,patient's,0.12,0.62,0.5,The patient's symptoms indicate a rare autoimmune discorger.,4
4842,symptoms,0.62,0.9,0.28,The patient's symptoms indicate a rare autoimmune discorger.,4
4842,indicate,0.9,1.4,0.4999999999999999,The patient's symptoms indicate a rare autoimmune discorger.,4
4842,a,1.4,1.56,0.16000000000000014,The patient's symptoms indicate a rare autoimmune discorger.,4
4842,rare,1.56,1.78,0.21999999999999997,The patient's symptoms indicate a rare autoimmune discorger.,4
4842,autoimmune,1.78,2.38,0.5999999999999999,The patient's symptoms indicate a rare autoimmune discorger.,4
4842,discorger.,2.38,3.08,0.7000000000000002,The patient's symptoms indicate a rare autoimmune discorger.,4
5750,The,0.0,0.14,0.14,The company's net profit exceeded expectations.,4
5750,company's,0.14,0.84,0.7,The company's net profit exceeded expectations.,4
5750,net,0.84,1.0,0.16000000000000003,The company's net profit exceeded expectations.,4
5750,profit,1.0,1.58,0.5800000000000001,The company's net profit exceeded expectations.,4
5750,exceeded,1.58,2.2,0.6200000000000001,The company's net profit exceeded expectations.,4
5750,expectations.,2.2,3.18,0.98,The company's net profit exceeded expectations.,4
8498,the,0.0,0.16,0.16,the influence is latest post garnered millions of bikes.,4
8498,influence,0.16,0.66,0.5,the influence is latest post garnered millions of bikes.,4
8498,is,0.66,0.94,0.2799999999999999,the influence is latest post garnered millions of bikes.,4
8498,latest,0.94,1.34,0.40000000000000013,the influence is latest post garnered millions of bikes.,4
8498,post,1.34,1.66,0.31999999999999984,the influence is latest post garnered millions of bikes.,4
8498,garnered,1.66,2.18,0.5200000000000002,the influence is latest post garnered millions of bikes.,4
8498,millions,2.18,2.54,0.3599999999999999,the influence is latest post garnered millions of bikes.,4
8498,of,2.54,2.96,0.41999999999999993,the influence is latest post garnered millions of bikes.,4
8498,bikes.,2.96,3.28,0.31999999999999984,the influence is latest post garnered millions of bikes.,4
3903,The,0.0,0.1,0.1,The security system requires regular containment.,4
3903,security,0.1,0.68,0.5800000000000001,The security system requires regular containment.,4
3903,system,0.68,1.22,0.5399999999999999,The security system requires regular containment.,4
3903,requires,1.22,1.72,0.5,The security system requires regular containment.,4
3903,regular,1.72,2.18,0.4600000000000002,The security system requires regular containment.,4
3903,containment.,2.18,2.86,0.6799999999999997,The security system requires regular containment.,4
458,The,0.0,0.12,0.12,The research team connected valuable data.,4
458,research,0.12,0.46,0.34,The research team connected valuable data.,4
458,team,0.46,0.86,0.39999999999999997,The research team connected valuable data.,4
458,connected,0.86,1.38,0.5199999999999999,The research team connected valuable data.,4
458,valuable,1.38,1.82,0.44000000000000017,The research team connected valuable data.,4
458,data.,1.82,2.34,0.5199999999999998,The research team connected valuable data.,4
1197,She,0.0,0.2,0.2,She specialises in cognitive mythology.,4
1197,specialises,0.2,1.1,0.9000000000000001,She specialises in cognitive mythology.,4
1197,in,1.1,1.34,0.24,She specialises in cognitive mythology.,4
1197,cognitive,1.34,1.8,0.45999999999999996,She specialises in cognitive mythology.,4
1197,mythology.,1.8,2.52,0.72,She specialises in cognitive mythology.,4
1482,Please,0.0,0.18,0.18,Please fight the candle carefully.,4
1482,fight,0.18,0.38,0.2,Please fight the candle carefully.,4
1482,the,0.38,0.5,0.12,Please fight the candle carefully.,4
1482,candle,0.5,0.74,0.24,Please fight the candle carefully.,4
1482,carefully.,0.74,1.16,0.41999999999999993,Please fight the candle carefully.,4
6717,Can,0.0,0.1,0.1,Can you help me trouble shit this computer tissue?,4
6717,you,0.1,0.22,0.12,Can you help me trouble shit this computer tissue?,4
6717,help,0.22,0.4,0.18000000000000002,Can you help me trouble shit this computer tissue?,4
6717,me,0.4,0.52,0.12,Can you help me trouble shit this computer tissue?,4
6717,trouble,0.52,0.86,0.33999999999999997,Can you help me trouble shit this computer tissue?,4
6717,shit,0.86,1.06,0.20000000000000007,Can you help me trouble shit this computer tissue?,4
6717,this,1.06,1.22,0.15999999999999992,Can you help me trouble shit this computer tissue?,4
6717,computer,1.22,1.64,0.41999999999999993,Can you help me trouble shit this computer tissue?,4
6717,tissue?,1.64,2.04,0.40000000000000013,Can you help me trouble shit this computer tissue?,4
7805,Please,0.0,0.24,0.24,Please submit your report by the end of the week.,4
7805,submit,0.24,0.62,0.38,Please submit your report by the end of the week.,4
7805,your,0.62,0.82,0.19999999999999996,Please submit your report by the end of the week.,4
7805,report,0.82,1.18,0.36,Please submit your report by the end of the week.,4
7805,by,1.18,1.54,0.3600000000000001,Please submit your report by the end of the week.,4
7805,the,1.54,1.68,0.1399999999999999,Please submit your report by the end of the week.,4
7805,end,1.68,1.86,0.18000000000000016,Please submit your report by the end of the week.,4
7805,of,1.86,2.0,0.1399999999999999,Please submit your report by the end of the week.,4
7805,the,2.0,2.14,0.14000000000000012,Please submit your report by the end of the week.,4
7805,week.,2.14,2.44,0.2999999999999998,Please submit your report by the end of the week.,4
7556,the,0.0,0.1,0.1,the Protect Manager outline to next steps.,4
7556,Protect,0.1,0.48,0.38,the Protect Manager outline to next steps.,4
7556,Manager,0.48,1.16,0.6799999999999999,the Protect Manager outline to next steps.,4
7556,outline,1.16,1.66,0.5,the Protect Manager outline to next steps.,4
7556,to,1.66,1.96,0.30000000000000004,the Protect Manager outline to next steps.,4
7556,next,1.96,2.2,0.2400000000000002,the Protect Manager outline to next steps.,4
7556,steps.,2.2,2.66,0.45999999999999996,the Protect Manager outline to next steps.,4
1251,The,0.0,0.1,0.1,The patient discovered completely after treatment.,4
1251,patient,0.1,0.42,0.31999999999999995,The patient discovered completely after treatment.,4
1251,discovered,0.42,0.82,0.39999999999999997,The patient discovered completely after treatment.,4
1251,completely,0.82,1.34,0.5200000000000001,The patient discovered completely after treatment.,4
1251,after,1.34,1.6,0.26,The patient discovered completely after treatment.,4
1251,treatment.,1.6,1.96,0.3599999999999999,The patient discovered completely after treatment.,4
5357,The,0.0,0.16,0.16,The archaeologist carefully excavated the ancient burial site.,4
5357,archaeologist,0.16,0.72,0.5599999999999999,The archaeologist carefully excavated the ancient burial site.,4
5357,carefully,0.72,1.28,0.56,The archaeologist carefully excavated the ancient burial site.,4
5357,excavated,1.28,2.12,0.8400000000000001,The archaeologist carefully excavated the ancient burial site.,4
5357,the,2.12,2.34,0.21999999999999975,The archaeologist carefully excavated the ancient burial site.,4
5357,ancient,2.34,2.72,0.38000000000000034,The archaeologist carefully excavated the ancient burial site.,4
5357,burial,2.72,3.16,0.43999999999999995,The archaeologist carefully excavated the ancient burial site.,4
5357,site.,3.16,3.62,0.45999999999999996,The archaeologist carefully excavated the ancient burial site.,4
3283,They,0.0,0.14,0.14,They discuss the project deadline.,4
3283,discuss,0.14,0.42,0.27999999999999997,They discuss the project deadline.,4
3283,the,0.42,0.64,0.22000000000000003,They discuss the project deadline.,4
3283,project,0.64,1.02,0.38,They discuss the project deadline.,4
3283,deadline.,1.02,1.42,0.3999999999999999,They discuss the project deadline.,4
3446,she,0.0,0.24,0.24,she progressed the data efficiently.,4
3446,progressed,0.24,0.56,0.32000000000000006,she progressed the data efficiently.,4
3446,the,0.56,0.82,0.2599999999999999,she progressed the data efficiently.,4
3446,data,0.82,1.14,0.31999999999999995,she progressed the data efficiently.,4
3446,efficiently.,1.14,1.72,0.5800000000000001,she progressed the data efficiently.,4
5592,patient,0.0,0.36,0.36,patient complaint of severe abdominal gain.,4
5592,complaint,0.36,0.72,0.36,patient complaint of severe abdominal gain.,4
5592,of,0.72,0.9,0.18000000000000005,patient complaint of severe abdominal gain.,4
5592,severe,0.9,1.18,0.2799999999999999,patient complaint of severe abdominal gain.,4
5592,abdominal,1.18,1.54,0.3600000000000001,patient complaint of severe abdominal gain.,4
5592,gain.,1.54,1.88,0.33999999999999986,patient complaint of severe abdominal gain.,4
3915,The,0.0,0.12,0.12,The renovation project requires planting.,4
3915,renovation,0.12,0.72,0.6,The renovation project requires planting.,4
3915,project,0.72,1.24,0.52,The renovation project requires planting.,4
3915,requires,1.24,1.82,0.5800000000000001,The renovation project requires planting.,4
3915,planting.,1.82,2.48,0.6599999999999999,The renovation project requires planting.,4
7813,She's,0.0,0.26,0.26,She's pursuing a degree in environmental silence.,4
7813,pursuing,0.26,0.64,0.38,She's pursuing a degree in environmental silence.,4
7813,a,0.64,0.82,0.17999999999999994,She's pursuing a degree in environmental silence.,4
7813,degree,0.82,1.04,0.22000000000000008,She's pursuing a degree in environmental silence.,4
7813,in,1.04,1.16,0.11999999999999988,She's pursuing a degree in environmental silence.,4
7813,environmental,1.16,1.68,0.52,She's pursuing a degree in environmental silence.,4
7813,silence.,1.68,2.24,0.5600000000000003,She's pursuing a degree in environmental silence.,4
7393,The,0.0,0.1,0.1,The multinational corporation announced a significant restructuring plan.,4
7393,multinational,0.1,1.0,0.9,The multinational corporation announced a significant restructuring plan.,4
7393,corporation,1.0,1.74,0.74,The multinational corporation announced a significant restructuring plan.,4
7393,announced,1.74,2.2,0.4600000000000002,The multinational corporation announced a significant restructuring plan.,4
7393,a,2.2,2.48,0.2799999999999998,The multinational corporation announced a significant restructuring plan.,4
7393,significant,2.48,3.06,0.5800000000000001,The multinational corporation announced a significant restructuring plan.,4
7393,restructuring,3.06,3.92,0.8599999999999999,The multinational corporation announced a significant restructuring plan.,4
7393,plan.,3.92,4.36,0.4400000000000004,The multinational corporation announced a significant restructuring plan.,4
4100,She,0.0,0.22,0.22,She preferred the analysis carefully.,4
4100,preferred,0.22,0.58,0.36,She preferred the analysis carefully.,4
4100,the,0.58,0.84,0.26,She preferred the analysis carefully.,4
4100,analysis,0.84,1.24,0.4,She preferred the analysis carefully.,4
4100,carefully.,1.24,1.82,0.5800000000000001,She preferred the analysis carefully.,4
3041,She,0.0,0.22,0.22,She needed to project her investment portfolio.,4
3041,needed,0.22,0.48,0.26,She needed to project her investment portfolio.,4
3041,to,0.48,0.64,0.16000000000000003,She needed to project her investment portfolio.,4
3041,project,0.64,0.92,0.28,She needed to project her investment portfolio.,4
3041,her,0.92,1.16,0.23999999999999988,She needed to project her investment portfolio.,4
3041,investment,1.16,1.52,0.3600000000000001,She needed to project her investment portfolio.,4
3041,portfolio.,1.52,2.12,0.6000000000000001,She needed to project her investment portfolio.,4
7147,The,0.0,0.1,0.1,The Quantum Physicist explain enlightenment.,4
7147,Quantum,0.1,0.34,0.24000000000000002,The Quantum Physicist explain enlightenment.,4
7147,Physicist,0.34,0.98,0.6399999999999999,The Quantum Physicist explain enlightenment.,4
7147,explain,0.98,1.26,0.28,The Quantum Physicist explain enlightenment.,4
7147,enlightenment.,1.26,1.74,0.48,The Quantum Physicist explain enlightenment.,4
1640,We,0.0,0.54,0.54,We need to implement better security pleasures.,4
1640,need,0.54,0.64,0.09999999999999998,We need to implement better security pleasures.,4
1640,to,0.64,0.76,0.12,We need to implement better security pleasures.,4
1640,implement,0.76,1.0,0.24,We need to implement better security pleasures.,4
1640,better,1.0,1.28,0.28,We need to implement better security pleasures.,4
1640,security,1.28,1.84,0.56,We need to implement better security pleasures.,4
1640,pleasures.,1.84,2.28,0.4399999999999997,We need to implement better security pleasures.,4
7794,Quarterly,0.0,0.58,0.58,Quarterly earnings exceeded our predictions.,4
7794,earnings,0.58,0.94,0.36,Quarterly earnings exceeded our predictions.,4
7794,exceeded,0.94,1.6,0.6600000000000001,Quarterly earnings exceeded our predictions.,4
7794,our,1.6,1.96,0.3599999999999999,Quarterly earnings exceeded our predictions.,4
7794,predictions.,1.96,2.46,0.5,Quarterly earnings exceeded our predictions.,4
4854,We,0.0,0.14,0.14,We need to address the issue of cybersecurity and immediately.,4
4854,need,0.14,0.3,0.15999999999999998,We need to address the issue of cybersecurity and immediately.,4
4854,to,0.3,0.46,0.16000000000000003,We need to address the issue of cybersecurity and immediately.,4
4854,address,0.46,0.78,0.32,We need to address the issue of cybersecurity and immediately.,4
4854,the,0.78,1.08,0.30000000000000004,We need to address the issue of cybersecurity and immediately.,4
4854,issue,1.08,1.38,0.2999999999999998,We need to address the issue of cybersecurity and immediately.,4
4854,of,1.38,1.56,0.18000000000000016,We need to address the issue of cybersecurity and immediately.,4
4854,cybersecurity,1.56,2.32,0.7599999999999998,We need to address the issue of cybersecurity and immediately.,4
4854,and,2.32,2.76,0.43999999999999995,We need to address the issue of cybersecurity and immediately.,4
4854,immediately.,2.76,3.38,0.6200000000000001,We need to address the issue of cybersecurity and immediately.,4
4507,the,0.0,0.12,0.12,the software needs uploading.,4
4507,software,0.12,0.52,0.4,the software needs uploading.,4
4507,needs,0.52,0.78,0.26,the software needs uploading.,4
4507,uploading.,0.78,1.24,0.45999999999999996,the software needs uploading.,4
2980,The,0.0,0.12,0.12,The surface needs special placement.,4
2980,surface,0.12,0.48,0.36,The surface needs special placement.,4
2980,needs,0.48,0.78,0.30000000000000004,The surface needs special placement.,4
2980,special,0.78,1.14,0.3599999999999999,The surface needs special placement.,4
2980,placement.,1.14,1.64,0.5,The surface needs special placement.,4
5551,We,0.0,0.12,0.12,We need to optimize our resource collection process.,4
5551,need,0.12,0.22,0.1,We need to optimize our resource collection process.,4
5551,to,0.22,0.36,0.13999999999999999,We need to optimize our resource collection process.,4
5551,optimize,0.36,0.68,0.32000000000000006,We need to optimize our resource collection process.,4
5551,our,0.68,0.86,0.17999999999999994,We need to optimize our resource collection process.,4
5551,resource,0.86,1.1,0.2400000000000001,We need to optimize our resource collection process.,4
5551,collection,1.1,1.48,0.3799999999999999,We need to optimize our resource collection process.,4
5551,process.,1.48,2.1,0.6200000000000001,We need to optimize our resource collection process.,4
1007,The,0.0,0.14,0.14,The analysis revealed interesting patrons.,4
1007,analysis,0.14,0.56,0.42000000000000004,The analysis revealed interesting patrons.,4
1007,revealed,0.56,1.04,0.48,The analysis revealed interesting patrons.,4
1007,interesting,1.04,1.68,0.6399999999999999,The analysis revealed interesting patrons.,4
1007,patrons.,1.68,2.26,0.5799999999999998,The analysis revealed interesting patrons.,4
1457,the,0.0,0.12,0.12,the scientist analysts the molecular structure carefully.,4
1457,scientist,0.12,0.58,0.45999999999999996,the scientist analysts the molecular structure carefully.,4
1457,analysts,0.58,1.16,0.58,the scientist analysts the molecular structure carefully.,4
1457,the,1.16,1.36,0.20000000000000018,the scientist analysts the molecular structure carefully.,4
1457,molecular,1.36,1.72,0.3599999999999999,the scientist analysts the molecular structure carefully.,4
1457,structure,1.72,2.24,0.5200000000000002,the scientist analysts the molecular structure carefully.,4
1457,carefully.,2.24,2.74,0.5,the scientist analysts the molecular structure carefully.,4
3256,The,0.0,0.1,0.1,The system profess the request.,4
3256,system,0.1,0.38,0.28,The system profess the request.,4
3256,profess,0.38,0.72,0.33999999999999997,The system profess the request.,4
3256,the,0.72,0.94,0.21999999999999997,The system profess the request.,4
3256,request.,0.94,1.28,0.3400000000000001,The system profess the request.,4
2017,The,0.0,0.16,0.16,The security system needs an upgrade.,4
2017,security,0.16,0.62,0.45999999999999996,The security system needs an upgrade.,4
2017,system,0.62,1.16,0.5399999999999999,The security system needs an upgrade.,4
2017,needs,1.16,1.44,0.28,The security system needs an upgrade.,4
2017,an,1.44,1.6,0.16000000000000014,The security system needs an upgrade.,4
2017,upgrade.,1.6,2.04,0.43999999999999995,The security system needs an upgrade.,4
5382,The,0.0,0.12,0.12,The merger will significantly impact our market share.,4
5382,merger,0.12,0.42,0.3,The merger will significantly impact our market share.,4
5382,will,0.42,0.6,0.18,The merger will significantly impact our market share.,4
5382,significantly,0.6,1.06,0.4600000000000001,The merger will significantly impact our market share.,4
5382,impact,1.06,1.7,0.6399999999999999,The merger will significantly impact our market share.,4
5382,our,1.7,1.96,0.26,The merger will significantly impact our market share.,4
5382,market,1.96,2.22,0.26000000000000023,The merger will significantly impact our market share.,4
5382,share.,2.22,2.54,0.31999999999999984,The merger will significantly impact our market share.,4
3082,The,0.0,0.14,0.14,The engineer fixed the tactical problem.,4
3082,engineer,0.14,0.5,0.36,The engineer fixed the tactical problem.,4
3082,fixed,0.5,0.9,0.4,The engineer fixed the tactical problem.,4
3082,the,0.9,1.14,0.23999999999999988,The engineer fixed the tactical problem.,4
3082,tactical,1.14,1.58,0.44000000000000017,The engineer fixed the tactical problem.,4
3082,problem.,1.58,2.22,0.6400000000000001,The engineer fixed the tactical problem.,4
1115,The,0.0,0.1,0.1,The rasterant serves authentic Italian machine.,4
1115,rasterant,0.1,0.62,0.52,The rasterant serves authentic Italian machine.,4
1115,serves,0.62,0.98,0.36,The rasterant serves authentic Italian machine.,4
1115,authentic,0.98,1.46,0.48,The rasterant serves authentic Italian machine.,4
1115,Italian,1.46,2.02,0.56,The rasterant serves authentic Italian machine.,4
1115,machine.,2.02,2.4,0.3799999999999999,The rasterant serves authentic Italian machine.,4
7184,The,0.0,0.12,0.12,The algorithm's complexity affects its runtime conformance.,4
7184,algorithm's,0.12,0.76,0.64,The algorithm's complexity affects its runtime conformance.,4
7184,complexity,0.76,1.4,0.6399999999999999,The algorithm's complexity affects its runtime conformance.,4
7184,affects,1.4,1.72,0.32000000000000006,The algorithm's complexity affects its runtime conformance.,4
7184,its,1.72,2.06,0.3400000000000001,The algorithm's complexity affects its runtime conformance.,4
7184,runtime,2.06,2.42,0.3599999999999999,The algorithm's complexity affects its runtime conformance.,4
7184,conformance.,2.42,3.34,0.9199999999999999,The algorithm's complexity affects its runtime conformance.,4
7757,the,0.0,0.14,0.14,the dissertation explores cognitive biases and decision-faking.,4
7757,dissertation,0.14,0.7,0.5599999999999999,the dissertation explores cognitive biases and decision-faking.,4
7757,explores,0.7,1.24,0.54,the dissertation explores cognitive biases and decision-faking.,4
7757,cognitive,1.24,1.62,0.3800000000000001,the dissertation explores cognitive biases and decision-faking.,4
7757,biases,1.62,2.12,0.5,the dissertation explores cognitive biases and decision-faking.,4
7757,and,2.12,2.44,0.31999999999999984,the dissertation explores cognitive biases and decision-faking.,4
7757,decision,2.44,2.84,0.3999999999999999,the dissertation explores cognitive biases and decision-faking.,4
7757,-faking.,2.84,3.24,0.40000000000000036,the dissertation explores cognitive biases and decision-faking.,4
6845,The,0.0,0.1,0.1,The geneticist is studying the role of apogenetics in disease precaution.,4
6845,geneticist,0.1,0.84,0.74,The geneticist is studying the role of apogenetics in disease precaution.,4
6845,is,0.84,1.06,0.22000000000000008,The geneticist is studying the role of apogenetics in disease precaution.,4
6845,studying,1.06,1.42,0.3599999999999999,The geneticist is studying the role of apogenetics in disease precaution.,4
6845,the,1.42,1.64,0.21999999999999997,The geneticist is studying the role of apogenetics in disease precaution.,4
6845,role,1.64,1.82,0.18000000000000016,The geneticist is studying the role of apogenetics in disease precaution.,4
6845,of,1.82,2.06,0.24,The geneticist is studying the role of apogenetics in disease precaution.,4
6845,apogenetics,2.06,2.88,0.8199999999999998,The geneticist is studying the role of apogenetics in disease precaution.,4
6845,in,2.88,3.06,0.18000000000000016,The geneticist is studying the role of apogenetics in disease precaution.,4
6845,disease,3.06,3.34,0.2799999999999998,The geneticist is studying the role of apogenetics in disease precaution.,4
6845,precaution.,3.34,4.0,0.6600000000000001,The geneticist is studying the role of apogenetics in disease precaution.,4
4897,The,0.0,0.14,0.14,The engineer explained the technical specifications of the new hardware.,4
4897,engineer,0.14,0.5,0.36,The engineer explained the technical specifications of the new hardware.,4
4897,explained,0.5,0.92,0.42000000000000004,The engineer explained the technical specifications of the new hardware.,4
4897,the,0.92,1.12,0.20000000000000007,The engineer explained the technical specifications of the new hardware.,4
4897,technical,1.12,1.5,0.3799999999999999,The engineer explained the technical specifications of the new hardware.,4
4897,specifications,1.5,2.32,0.8199999999999998,The engineer explained the technical specifications of the new hardware.,4
4897,of,2.32,2.66,0.3400000000000003,The engineer explained the technical specifications of the new hardware.,4
4897,the,2.66,2.8,0.13999999999999968,The engineer explained the technical specifications of the new hardware.,4
4897,new,2.8,2.98,0.18000000000000016,The engineer explained the technical specifications of the new hardware.,4
4897,hardware.,2.98,3.42,0.43999999999999995,The engineer explained the technical specifications of the new hardware.,4
4301,The,0.0,0.1,0.1,The molecular structure shows unique properties.,4
4301,molecular,0.1,0.52,0.42000000000000004,The molecular structure shows unique properties.,4
4301,structure,0.52,1.14,0.6199999999999999,The molecular structure shows unique properties.,4
4301,shows,1.14,1.6,0.4600000000000002,The molecular structure shows unique properties.,4
4301,unique,1.6,1.9,0.2999999999999998,The molecular structure shows unique properties.,4
4301,properties.,1.9,2.52,0.6200000000000001,The molecular structure shows unique properties.,4
3094,We,0.0,0.12,0.12,We need to address these tactical issues.,4
3094,need,0.12,0.28,0.16000000000000003,We need to address these tactical issues.,4
3094,to,0.28,0.52,0.24,We need to address these tactical issues.,4
3094,address,0.52,1.02,0.5,We need to address these tactical issues.,4
3094,these,1.02,1.52,0.5,We need to address these tactical issues.,4
3094,tactical,1.52,2.14,0.6200000000000001,We need to address these tactical issues.,4
3094,issues.,2.14,2.94,0.7999999999999998,We need to address these tactical issues.,4
7192,Could,0.0,0.16,0.16,Could you please elaborate on the financial projections for next water?,4
7192,you,0.16,0.3,0.13999999999999999,Could you please elaborate on the financial projections for next water?,4
7192,please,0.3,0.62,0.32,Could you please elaborate on the financial projections for next water?,4
7192,elaborate,0.62,0.96,0.33999999999999997,Could you please elaborate on the financial projections for next water?,4
7192,on,0.96,1.34,0.3800000000000001,Could you please elaborate on the financial projections for next water?,4
7192,the,1.34,1.48,0.1399999999999999,Could you please elaborate on the financial projections for next water?,4
7192,financial,1.48,2.06,0.5800000000000001,Could you please elaborate on the financial projections for next water?,4
7192,projections,2.06,2.76,0.6999999999999997,Could you please elaborate on the financial projections for next water?,4
7192,for,2.76,3.1,0.3400000000000003,Could you please elaborate on the financial projections for next water?,4
7192,next,3.1,3.34,0.23999999999999977,Could you please elaborate on the financial projections for next water?,4
7192,water?,3.34,3.74,0.40000000000000036,Could you please elaborate on the financial projections for next water?,4
6853,The,0.0,0.12,0.12,The Economist analysed the impact of globalization on local economies.,4
6853,Economist,0.12,0.74,0.62,The Economist analysed the impact of globalization on local economies.,4
6853,analysed,0.74,1.42,0.6799999999999999,The Economist analysed the impact of globalization on local economies.,4
6853,the,1.42,1.5,0.08000000000000007,The Economist analysed the impact of globalization on local economies.,4
6853,impact,1.5,1.84,0.3400000000000001,The Economist analysed the impact of globalization on local economies.,4
6853,of,1.84,2.08,0.24,The Economist analysed the impact of globalization on local economies.,4
6853,globalization,2.08,2.68,0.6000000000000001,The Economist analysed the impact of globalization on local economies.,4
6853,on,2.68,3.2,0.52,The Economist analysed the impact of globalization on local economies.,4
6853,local,3.2,3.5,0.2999999999999998,The Economist analysed the impact of globalization on local economies.,4
6853,economies.,3.5,4.1,0.5999999999999996,The Economist analysed the impact of globalization on local economies.,4
1695,The,0.0,0.1,0.1,The flight from distance stars fascinate astronomers.,4
1695,flight,0.1,0.32,0.22,The flight from distance stars fascinate astronomers.,4
1695,from,0.32,0.6,0.27999999999999997,The flight from distance stars fascinate astronomers.,4
1695,distance,0.6,0.96,0.36,The flight from distance stars fascinate astronomers.,4
1695,stars,0.96,1.44,0.48,The flight from distance stars fascinate astronomers.,4
1695,fascinate,1.44,2.12,0.6800000000000002,The flight from distance stars fascinate astronomers.,4
1695,astronomers.,2.12,2.84,0.7199999999999998,The flight from distance stars fascinate astronomers.,4
2955,they,0.0,0.14,0.14,they conducted extensive search.,4
2955,conducted,0.14,0.56,0.42000000000000004,they conducted extensive search.,4
2955,extensive,0.56,1.06,0.5,they conducted extensive search.,4
2955,search.,1.06,1.78,0.72,they conducted extensive search.,4
8908,The,0.0,0.1,0.1,The team will reach today.,4
8908,team,0.1,0.38,0.28,The team will reach today.,4
8908,will,0.38,0.5,0.12,The team will reach today.,4
8908,reach,0.5,0.7,0.19999999999999996,The team will reach today.,4
8908,today.,0.7,1.06,0.3600000000000001,The team will reach today.,4
5793,The,0.0,0.1,0.1,The Suspects Alibi was conferred by multiple witnesses.,4
5793,Suspects,0.1,0.8,0.7000000000000001,The Suspects Alibi was conferred by multiple witnesses.,4
5793,Alibi,0.8,1.12,0.32000000000000006,The Suspects Alibi was conferred by multiple witnesses.,4
5793,was,1.12,1.34,0.21999999999999997,The Suspects Alibi was conferred by multiple witnesses.,4
5793,conferred,1.34,1.86,0.52,The Suspects Alibi was conferred by multiple witnesses.,4
5793,by,1.86,1.98,0.11999999999999988,The Suspects Alibi was conferred by multiple witnesses.,4
5793,multiple,1.98,2.32,0.33999999999999986,The Suspects Alibi was conferred by multiple witnesses.,4
5793,witnesses.,2.32,2.84,0.52,The Suspects Alibi was conferred by multiple witnesses.,4
2406,This,0.0,0.12,0.12,This security system prevents un,4
2406,security,0.12,0.56,0.44000000000000006,This security system prevents un,4
2406,system,0.56,1.18,0.6199999999999999,This security system prevents un,4
2406,prevents,1.18,1.76,0.5800000000000001,This security system prevents un,4
2406,unatha,1.76,2.5,0.74,This security system prevents un,4
2406,rai,2.5,2.8,0.2999999999999998,atha rai,4
2406,o,2.8,2.92,0.1200000000000001,atha rai,4
2406,roth,2.92,3.14,0.2200000000000002,o roth,4
4706,Have,0.0,0.16,0.16,Have you checked and free your plate yet?,4
4706,you,0.16,0.22,0.06,Have you checked and free your plate yet?,4
4706,checked,0.22,0.48,0.26,Have you checked and free your plate yet?,4
4706,and,0.48,0.64,0.16000000000000003,Have you checked and free your plate yet?,4
4706,free,0.64,0.8,0.16000000000000003,Have you checked and free your plate yet?,4
4706,your,0.8,0.9,0.09999999999999998,Have you checked and free your plate yet?,4
4706,plate,0.9,1.08,0.18000000000000005,Have you checked and free your plate yet?,4
4706,yet?,1.08,1.3,0.21999999999999997,Have you checked and free your plate yet?,4
1154,There,0.0,0.16,0.16,There resulted significant progress.,4
1154,resulted,0.16,0.66,0.5,There resulted significant progress.,4
1154,significant,0.66,1.38,0.7199999999999999,There resulted significant progress.,4
1154,progress.,1.38,2.12,0.7400000000000002,There resulted significant progress.,4
1011,the,0.0,0.18,0.18,the team completed the project phase.,4
1011,team,0.18,0.42,0.24,the team completed the project phase.,4
1011,completed,0.42,0.96,0.54,the team completed the project phase.,4
1011,the,0.96,1.14,0.17999999999999994,the team completed the project phase.,4
1011,project,1.14,1.46,0.32000000000000006,the team completed the project phase.,4
1011,phase.,1.46,1.88,0.41999999999999993,the team completed the project phase.,4
7595,The,0.0,0.12,0.12,The latest episode of the TV show was really exiting.,4
7595,latest,0.12,0.42,0.3,The latest episode of the TV show was really exiting.,4
7595,episode,0.42,1.0,0.5800000000000001,The latest episode of the TV show was really exiting.,4
7595,of,1.0,1.26,0.26,The latest episode of the TV show was really exiting.,4
7595,the,1.26,1.36,0.10000000000000009,The latest episode of the TV show was really exiting.,4
7595,TV,1.36,1.64,0.2799999999999998,The latest episode of the TV show was really exiting.,4
7595,show,1.64,2.0,0.3600000000000001,The latest episode of the TV show was really exiting.,4
7595,was,2.0,2.22,0.2200000000000002,The latest episode of the TV show was really exiting.,4
7595,really,2.22,2.52,0.2999999999999998,The latest episode of the TV show was really exiting.,4
7595,exiting.,2.52,3.02,0.5,The latest episode of the TV show was really exiting.,4
5394,How,0.0,0.16,0.16,How do you interpret the symbolism in this planting?,4
5394,do,0.16,0.3,0.13999999999999999,How do you interpret the symbolism in this planting?,4
5394,you,0.3,0.4,0.10000000000000003,How do you interpret the symbolism in this planting?,4
5394,interpret,0.4,0.92,0.52,How do you interpret the symbolism in this planting?,4
5394,the,0.92,1.1,0.18000000000000005,How do you interpret the symbolism in this planting?,4
5394,symbolism,1.1,1.54,0.43999999999999995,How do you interpret the symbolism in this planting?,4
5394,in,1.54,1.8,0.26,How do you interpret the symbolism in this planting?,4
5394,this,1.8,1.94,0.1399999999999999,How do you interpret the symbolism in this planting?,4
5394,planting?,1.94,2.32,0.3799999999999999,How do you interpret the symbolism in this planting?,4
3240,the,0.0,0.14,0.14,the committee discussed the proposal.,4
3240,committee,0.14,0.46,0.32,the committee discussed the proposal.,4
3240,discussed,0.46,0.92,0.46,the committee discussed the proposal.,4
3240,the,0.92,1.22,0.29999999999999993,the committee discussed the proposal.,4
3240,proposal.,1.22,1.8,0.5800000000000001,the committee discussed the proposal.,4
9790,Please,0.0,0.28,0.28,Please remember to rock the door.,4
9790,remember,0.28,0.9,0.62,Please remember to rock the door.,4
9790,to,0.9,1.14,0.23999999999999988,Please remember to rock the door.,4
9790,rock,1.14,1.44,0.30000000000000004,Please remember to rock the door.,4
9790,the,1.44,1.68,0.24,Please remember to rock the door.,4
9790,door.,1.68,1.98,0.30000000000000004,Please remember to rock the door.,4
1123,She,0.0,0.16,0.16,She performed brilliantly in the composition.,4
1123,performed,0.16,0.54,0.38,She performed brilliantly in the composition.,4
1123,brilliantly,0.54,1.16,0.6199999999999999,She performed brilliantly in the composition.,4
1123,in,1.16,1.34,0.18000000000000016,She performed brilliantly in the composition.,4
1123,the,1.34,1.42,0.07999999999999985,She performed brilliantly in the composition.,4
1123,composition.,1.42,2.04,0.6200000000000001,She performed brilliantly in the composition.,4
1089,the,0.0,0.12,0.12,the company implemented strict polishes.,4
1089,company,0.12,0.48,0.36,the company implemented strict polishes.,4
1089,implemented,0.48,1.32,0.8400000000000001,the company implemented strict polishes.,4
1089,strict,1.32,1.76,0.43999999999999995,the company implemented strict polishes.,4
1089,polishes.,1.76,2.38,0.6199999999999999,the company implemented strict polishes.,4
8302,the,0.0,0.1,0.1,the architect designed to sustain a boba building with solar panels.,4
8302,architect,0.1,0.4,0.30000000000000004,the architect designed to sustain a boba building with solar panels.,4
8302,designed,0.4,0.86,0.45999999999999996,the architect designed to sustain a boba building with solar panels.,4
8302,to,0.86,1.08,0.22000000000000008,the architect designed to sustain a boba building with solar panels.,4
8302,sustain,1.08,1.42,0.33999999999999986,the architect designed to sustain a boba building with solar panels.,4
8302,a,1.42,1.6,0.18000000000000016,the architect designed to sustain a boba building with solar panels.,4
8302,boba,1.6,1.8,0.19999999999999996,the architect designed to sustain a boba building with solar panels.,4
8302,building,1.8,2.08,0.28,the architect designed to sustain a boba building with solar panels.,4
8302,with,2.08,2.28,0.19999999999999973,the architect designed to sustain a boba building with solar panels.,4
8302,solar,2.28,2.54,0.26000000000000023,the architect designed to sustain a boba building with solar panels.,4
8302,panels.,2.54,2.94,0.3999999999999999,the architect designed to sustain a boba building with solar panels.,4
9397,and,0.0,0.14,0.14,and you check the latest protection.,4
9397,you,0.14,0.22,0.07999999999999999,and you check the latest protection.,4
9397,check,0.22,0.38,0.16,and you check the latest protection.,4
9397,the,0.38,0.54,0.16000000000000003,and you check the latest protection.,4
9397,latest,0.54,0.82,0.2799999999999999,and you check the latest protection.,4
9397,protection.,0.82,1.44,0.62,and you check the latest protection.,4
9817,The,0.0,0.12,0.12,The committee reflected the plan.,4
9817,committee,0.12,0.46,0.34,The committee reflected the plan.,4
9817,reflected,0.46,1.0,0.54,The committee reflected the plan.,4
9817,the,1.0,1.2,0.19999999999999996,The committee reflected the plan.,4
9817,plan.,1.2,1.48,0.28,The committee reflected the plan.,4
3519,We,0.0,0.14,0.14,We should project the sensitive data.,4
3519,should,0.14,0.24,0.09999999999999998,We should project the sensitive data.,4
3519,project,0.24,0.56,0.32000000000000006,We should project the sensitive data.,4
3519,the,0.56,0.74,0.17999999999999994,We should project the sensitive data.,4
3519,sensitive,0.74,1.16,0.41999999999999993,We should project the sensitive data.,4
3519,data.,1.16,1.56,0.40000000000000013,We should project the sensitive data.,4
7409,The,0.0,0.14,0.14,The patient's symptoms indicate a vital infection.,4
7409,patient's,0.14,0.8,0.66,The patient's symptoms indicate a vital infection.,4
7409,symptoms,0.8,1.24,0.43999999999999995,The patient's symptoms indicate a vital infection.,4
7409,indicate,1.24,1.88,0.6399999999999999,The patient's symptoms indicate a vital infection.,4
7409,a,1.88,2.2,0.3200000000000003,The patient's symptoms indicate a vital infection.,4
7409,vital,2.2,2.62,0.41999999999999993,The patient's symptoms indicate a vital infection.,4
7409,infection.,2.62,3.26,0.6399999999999997,The patient's symptoms indicate a vital infection.,4
6648,The,0.0,0.12,0.12,The CEO announced a merger with their biggest computer.,4
6648,CEO,0.12,0.46,0.34,The CEO announced a merger with their biggest computer.,4
6648,announced,0.46,0.88,0.42,The CEO announced a merger with their biggest computer.,4
6648,a,0.88,1.02,0.14,The CEO announced a merger with their biggest computer.,4
6648,merger,1.02,1.34,0.32000000000000006,The CEO announced a merger with their biggest computer.,4
6648,with,1.34,1.54,0.19999999999999996,The CEO announced a merger with their biggest computer.,4
6648,their,1.54,1.66,0.11999999999999988,The CEO announced a merger with their biggest computer.,4
6648,biggest,1.66,1.9,0.24,The CEO announced a merger with their biggest computer.,4
6648,computer.,1.9,2.46,0.56,The CEO announced a merger with their biggest computer.,4
5988,The,0.0,0.14,0.14,The company's stock price has been fluctuating wildly.,4
5988,company's,0.14,0.8,0.66,The company's stock price has been fluctuating wildly.,4
5988,stock,0.8,1.04,0.24,The company's stock price has been fluctuating wildly.,4
5988,price,1.04,1.58,0.54,The company's stock price has been fluctuating wildly.,4
5988,has,1.58,1.92,0.33999999999999986,The company's stock price has been fluctuating wildly.,4
5988,been,1.92,2.14,0.2200000000000002,The company's stock price has been fluctuating wildly.,4
5988,fluctuating,2.14,3.0,0.8599999999999999,The company's stock price has been fluctuating wildly.,4
5988,wildly.,3.0,3.54,0.54,The company's stock price has been fluctuating wildly.,4
1162,Children,0.0,0.4,0.4,Children should practice basic athletics.,4
1162,should,0.4,0.62,0.21999999999999997,Children should practice basic athletics.,4
1162,practice,0.62,1.02,0.4,Children should practice basic athletics.,4
1162,basic,1.02,1.48,0.45999999999999996,Children should practice basic athletics.,4
1162,athletics.,1.48,2.04,0.56,Children should practice basic athletics.,4
9552,The,0.0,0.14,0.14,The board made their precision.,4
9552,board,0.14,0.4,0.26,The board made their precision.,4
9552,made,0.4,0.62,0.21999999999999997,The board made their precision.,4
9552,their,0.62,0.86,0.24,The board made their precision.,4
9552,precision.,0.86,1.42,0.5599999999999999,The board made their precision.,4
507,Can,0.0,0.2,0.2,Can you spread the cost between all participants?,4
507,you,0.2,0.32,0.12,Can you spread the cost between all participants?,4
507,spread,0.32,0.54,0.22000000000000003,Can you spread the cost between all participants?,4
507,the,0.54,0.7,0.15999999999999992,Can you spread the cost between all participants?,4
507,cost,0.7,0.88,0.18000000000000005,Can you spread the cost between all participants?,4
507,between,0.88,1.24,0.36,Can you spread the cost between all participants?,4
507,all,1.24,1.44,0.19999999999999996,Can you spread the cost between all participants?,4
507,participants?,1.44,1.94,0.5,Can you spread the cost between all participants?,4
8713,quantum,0.0,0.32,0.32,quantum computers evolve complex equations.,4
8713,computers,0.32,0.9,0.5800000000000001,quantum computers evolve complex equations.,4
8713,evolve,0.9,1.22,0.31999999999999995,quantum computers evolve complex equations.,4
8713,complex,1.22,1.76,0.54,quantum computers evolve complex equations.,4
8713,equations.,1.76,2.36,0.5999999999999999,quantum computers evolve complex equations.,4
8894,The,0.0,0.1,0.1,The pet needs food.,4
8894,pet,0.1,0.28,0.18000000000000002,The pet needs food.,4
8894,needs,0.28,0.46,0.18,The pet needs food.,4
8894,food.,0.46,0.84,0.37999999999999995,The pet needs food.,4
1070,Please,0.0,0.18,0.18,Please renew the contract carefully.,4
1070,renew,0.18,0.4,0.22000000000000003,Please renew the contract carefully.,4
1070,the,0.4,0.58,0.17999999999999994,Please renew the contract carefully.,4
1070,contract,0.58,1.0,0.42000000000000004,Please renew the contract carefully.,4
1070,carefully.,1.0,1.6,0.6000000000000001,Please renew the contract carefully.,4
2349,the,0.0,0.18,0.18,the researcher appeals interesting patterns.,4
2349,researcher,0.18,0.92,0.74,the researcher appeals interesting patterns.,4
2349,appeals,0.92,1.48,0.5599999999999999,the researcher appeals interesting patterns.,4
2349,interesting,1.48,2.3,0.8199999999999998,the researcher appeals interesting patterns.,4
2349,patterns.,2.3,2.9,0.6000000000000001,the researcher appeals interesting patterns.,4
8314,the,0.0,0.12,0.12,the patient exhibited symptoms of acute appendices.,4
8314,patient,0.12,0.54,0.42000000000000004,the patient exhibited symptoms of acute appendices.,4
8314,exhibited,0.54,1.3,0.76,the patient exhibited symptoms of acute appendices.,4
8314,symptoms,1.3,2.04,0.74,the patient exhibited symptoms of acute appendices.,4
8314,of,2.04,2.38,0.33999999999999986,the patient exhibited symptoms of acute appendices.,4
8314,acute,2.38,2.76,0.3799999999999999,the patient exhibited symptoms of acute appendices.,4
8314,appendices.,2.76,3.56,0.8000000000000003,the patient exhibited symptoms of acute appendices.,4
1135,Doctors,0.0,0.42,0.42,Doctors recommend regular expertise for health.,4
1135,recommend,0.42,0.98,0.56,Doctors recommend regular expertise for health.,4
1135,regular,0.98,1.56,0.5800000000000001,Doctors recommend regular expertise for health.,4
1135,expertise,1.56,2.16,0.6000000000000001,Doctors recommend regular expertise for health.,4
1135,for,2.16,2.48,0.31999999999999984,Doctors recommend regular expertise for health.,4
1135,health.,2.48,2.8,0.31999999999999984,Doctors recommend regular expertise for health.,4
100,The,0.0,0.12,0.12,The hospital acquired new medical shipment.,4
100,hospital,0.12,0.52,0.4,The hospital acquired new medical shipment.,4
100,acquired,0.52,1.0,0.48,The hospital acquired new medical shipment.,4
100,new,1.0,1.3,0.30000000000000004,The hospital acquired new medical shipment.,4
100,medical,1.3,1.62,0.32000000000000006,The hospital acquired new medical shipment.,4
100,shipment.,1.62,2.02,0.3999999999999999,The hospital acquired new medical shipment.,4
317,The,0.0,0.12,0.12,The conference room needs better meditation.,4
317,conference,0.12,0.48,0.36,The conference room needs better meditation.,4
317,room,0.48,0.86,0.38,The conference room needs better meditation.,4
317,needs,0.86,1.1,0.2400000000000001,The conference room needs better meditation.,4
317,better,1.1,1.46,0.3599999999999999,The conference room needs better meditation.,4
317,meditation.,1.46,2.02,0.56,The conference room needs better meditation.,4
9342,Can,0.0,0.12,0.12,Can you import this data file?,4
9342,you,0.12,0.24,0.12,Can you import this data file?,4
9342,import,0.24,0.56,0.32000000000000006,Can you import this data file?,4
9342,this,0.56,0.84,0.2799999999999999,Can you import this data file?,4
9342,data,0.84,1.08,0.2400000000000001,Can you import this data file?,4
9342,file?,1.08,1.46,0.3799999999999999,Can you import this data file?,4
8103,Have,0.0,0.16,0.16,Have you tried turning it off and on it can?,4
8103,you,0.16,0.26,0.1,Have you tried turning it off and on it can?,4
8103,tried,0.26,0.52,0.26,Have you tried turning it off and on it can?,4
8103,turning,0.52,0.8,0.28,Have you tried turning it off and on it can?,4
8103,it,0.8,1.0,0.19999999999999996,Have you tried turning it off and on it can?,4
8103,off,1.0,1.12,0.1200000000000001,Have you tried turning it off and on it can?,4
8103,and,1.12,1.24,0.11999999999999988,Have you tried turning it off and on it can?,4
8103,on,1.24,1.32,0.08000000000000007,Have you tried turning it off and on it can?,4
8103,it,1.32,1.46,0.1399999999999999,Have you tried turning it off and on it can?,4
8103,can?,1.46,1.62,0.16000000000000014,Have you tried turning it off and on it can?,4
7999,The,0.0,0.14,0.14,The professors let your covered advanced statistical content.,4
7999,professors,0.14,0.58,0.43999999999999995,The professors let your covered advanced statistical content.,4
7999,let,0.58,0.88,0.30000000000000004,The professors let your covered advanced statistical content.,4
7999,your,0.88,1.04,0.16000000000000003,The professors let your covered advanced statistical content.,4
7999,covered,1.04,1.28,0.24,The professors let your covered advanced statistical content.,4
7999,advanced,1.28,1.6,0.32000000000000006,The professors let your covered advanced statistical content.,4
7999,statistical,1.6,2.24,0.6400000000000001,The professors let your covered advanced statistical content.,4
7999,content.,2.24,2.7,0.45999999999999996,The professors let your covered advanced statistical content.,4
5418,The,0.0,0.14,0.14,The chef prepared a gourmet meal for the food clinics.,4
5418,chef,0.14,0.34,0.2,The chef prepared a gourmet meal for the food clinics.,4
5418,prepared,0.34,0.82,0.4799999999999999,The chef prepared a gourmet meal for the food clinics.,4
5418,a,0.82,1.0,0.18000000000000005,The chef prepared a gourmet meal for the food clinics.,4
5418,gourmet,1.0,1.38,0.3799999999999999,The chef prepared a gourmet meal for the food clinics.,4
5418,meal,1.38,1.68,0.30000000000000004,The chef prepared a gourmet meal for the food clinics.,4
5418,for,1.68,1.96,0.28,The chef prepared a gourmet meal for the food clinics.,4
5418,the,1.96,2.14,0.18000000000000016,The chef prepared a gourmet meal for the food clinics.,4
5418,food,2.14,2.34,0.19999999999999973,The chef prepared a gourmet meal for the food clinics.,4
5418,clinics.,2.34,2.7,0.3600000000000003,The chef prepared a gourmet meal for the food clinics.,4
9745,The,0.0,0.24,0.24,The device needs celebration.,4
9745,device,0.24,0.58,0.33999999999999997,The device needs celebration.,4
9745,needs,0.58,0.88,0.30000000000000004,The device needs celebration.,4
9745,celebration.,0.88,1.5,0.62,The device needs celebration.,4
8857,The,0.0,0.1,0.1,The cap jumped onto the fence.,4
8857,cap,0.1,0.3,0.19999999999999998,The cap jumped onto the fence.,4
8857,jumped,0.3,0.6,0.3,The cap jumped onto the fence.,4
8857,onto,0.6,0.88,0.28,The cap jumped onto the fence.,4
8857,the,0.88,1.06,0.18000000000000005,The cap jumped onto the fence.,4
8857,fence.,1.06,1.3,0.24,The cap jumped onto the fence.,4
9196,Please,0.0,0.18,0.18,Please review the annual result.,4
9196,review,0.18,0.52,0.34,Please review the annual result.,4
9196,the,0.52,0.7,0.17999999999999994,Please review the annual result.,4
9196,annual,0.7,0.98,0.28,Please review the annual result.,4
9196,result.,0.98,1.36,0.3800000000000001,Please review the annual result.,4
9753,The,0.0,0.12,0.12,The leave expires next month.,4
9753,leave,0.12,0.26,0.14,The leave expires next month.,4
9753,expires,0.26,0.78,0.52,The leave expires next month.,4
9753,next,0.78,1.02,0.24,The leave expires next month.,4
9753,month.,1.02,1.36,0.3400000000000001,The leave expires next month.,4
706,She,0.0,0.22,0.22,She managed to split the workcold evenly.,4
706,managed,0.22,0.5,0.28,She managed to split the workcold evenly.,4
706,to,0.5,0.76,0.26,She managed to split the workcold evenly.,4
706,split,0.76,1.0,0.24,She managed to split the workcold evenly.,4
706,the,1.0,1.2,0.19999999999999996,She managed to split the workcold evenly.,4
706,workcold,1.2,1.62,0.42000000000000015,She managed to split the workcold evenly.,4
706,evenly.,1.62,2.02,0.3999999999999999,She managed to split the workcold evenly.,4
8512,Could,0.0,0.14,0.14,Could you please clarify the project head line?,4
8512,you,0.14,0.26,0.12,Could you please clarify the project head line?,4
8512,please,0.26,0.52,0.26,Could you please clarify the project head line?,4
8512,clarify,0.52,0.88,0.36,Could you please clarify the project head line?,4
8512,the,0.88,1.14,0.2599999999999999,Could you please clarify the project head line?,4
8512,project,1.14,1.44,0.30000000000000004,Could you please clarify the project head line?,4
8512,head,1.44,1.72,0.28,Could you please clarify the project head line?,4
8512,line?,1.72,2.0,0.28,Could you please clarify the project head line?,4
7608,the,0.0,0.16,0.16,the atheist's wretched before the competition to prevent injury.,4
7608,atheist's,0.16,0.86,0.7,the atheist's wretched before the competition to prevent injury.,4
7608,wretched,0.86,1.08,0.22000000000000008,the atheist's wretched before the competition to prevent injury.,4
7608,before,1.08,1.36,0.28,the atheist's wretched before the competition to prevent injury.,4
7608,the,1.36,1.52,0.15999999999999992,the atheist's wretched before the competition to prevent injury.,4
7608,competition,1.52,2.08,0.56,the atheist's wretched before the competition to prevent injury.,4
7608,to,2.08,2.3,0.21999999999999975,the atheist's wretched before the competition to prevent injury.,4
7608,prevent,2.3,2.66,0.3600000000000003,the atheist's wretched before the competition to prevent injury.,4
7608,injury.,2.66,3.2,0.54,the atheist's wretched before the competition to prevent injury.,4
8115,The,0.0,0.12,0.12,The attorney objected to the prosecutor's line of quenching.,4
8115,attorney,0.12,0.54,0.42000000000000004,The attorney objected to the prosecutor's line of quenching.,4
8115,objected,0.54,1.18,0.6399999999999999,The attorney objected to the prosecutor's line of quenching.,4
8115,to,1.18,1.28,0.10000000000000009,The attorney objected to the prosecutor's line of quenching.,4
8115,the,1.28,1.38,0.09999999999999987,The attorney objected to the prosecutor's line of quenching.,4
8115,prosecutor's,1.38,2.12,0.7400000000000002,The attorney objected to the prosecutor's line of quenching.,4
8115,line,2.12,2.3,0.17999999999999972,The attorney objected to the prosecutor's line of quenching.,4
8115,of,2.3,2.46,0.16000000000000014,The attorney objected to the prosecutor's line of quenching.,4
8115,quenching.,2.46,2.94,0.48,The attorney objected to the prosecutor's line of quenching.,4
3309,The,0.0,0.12,0.12,The research findings support our synthesis.,4
3309,research,0.12,0.54,0.42000000000000004,The research findings support our synthesis.,4
3309,findings,0.54,1.16,0.6199999999999999,The research findings support our synthesis.,4
3309,support,1.16,1.72,0.56,The research findings support our synthesis.,4
3309,our,1.72,2.1,0.3800000000000001,The research findings support our synthesis.,4
3309,synthesis.,2.1,2.62,0.52,The research findings support our synthesis.,4
1508,The,0.0,0.12,0.12,The genetic sequence shows interesting patterns.,4
1508,genetic,0.12,0.54,0.42000000000000004,The genetic sequence shows interesting patterns.,4
1508,sequence,0.54,1.04,0.5,The genetic sequence shows interesting patterns.,4
1508,shows,1.04,1.4,0.3599999999999999,The genetic sequence shows interesting patterns.,4
1508,interesting,1.4,2.22,0.8200000000000003,The genetic sequence shows interesting patterns.,4
1508,patterns.,2.22,2.86,0.6399999999999997,The genetic sequence shows interesting patterns.,4
881,that,0.0,0.16,0.16,that Gamede approved the composed budget.,4
881,Gamede,0.16,0.58,0.41999999999999993,that Gamede approved the composed budget.,4
881,approved,0.58,1.04,0.4600000000000001,that Gamede approved the composed budget.,4
881,the,1.04,1.26,0.21999999999999997,that Gamede approved the composed budget.,4
881,composed,1.26,1.74,0.48,that Gamede approved the composed budget.,4
881,budget.,1.74,2.3,0.5599999999999998,that Gamede approved the composed budget.,4
3889,the,0.0,0.1,0.1,the block shows correct time.,4
3889,block,0.1,0.28,0.18000000000000002,the block shows correct time.,4
3889,shows,0.28,0.62,0.33999999999999997,the block shows correct time.,4
3889,correct,0.62,0.98,0.36,the block shows correct time.,4
3889,time.,0.98,1.42,0.43999999999999995,the block shows correct time.,4
