audio_id,word,start,end,duration,text,label
1209,The,0.0,0.08,0.08,The marketing team and the sales department let in the strategy meeting.,2
1209,marketing,0.08,0.3,0.2199999999999999,The marketing team and the sales department let in the strategy meeting.,2
1209,team,0.3,0.64,0.34,The marketing team and the sales department let in the strategy meeting.,2
1209,and,0.64,0.8,0.16,The marketing team and the sales department let in the strategy meeting.,2
1209,the,0.8,0.88,0.0799999999999999,The marketing team and the sales department let in the strategy meeting.,2
1209,sales,0.88,1.08,0.2,The marketing team and the sales department let in the strategy meeting.,2
1209,department,1.08,1.56,0.48,The marketing team and the sales department let in the strategy meeting.,2
1209,let,1.56,1.78,0.2199999999999999,The marketing team and the sales department let in the strategy meeting.,2
1209,in,1.78,2.0,0.2199999999999999,The marketing team and the sales department let in the strategy meeting.,2
1209,the,2.0,2.12,0.1200000000000001,The marketing team and the sales department let in the strategy meeting.,2
1209,strategy,2.12,2.46,0.3399999999999998,The marketing team and the sales department let in the strategy meeting.,2
1209,meeting.,2.46,2.88,0.4199999999999999,The marketing team and the sales department let in the strategy meeting.,2
1065,The,0.0,0.12,0.12,The teacher explained the project would be due at the end of the month.,2
1065,teacher,0.12,0.4,0.28,The teacher explained the project would be due at the end of the month.,2
1065,explained,0.4,0.86,0.4599999999999999,The teacher explained the project would be due at the end of the month.,2
1065,the,0.86,1.02,0.16,The teacher explained the project would be due at the end of the month.,2
1065,project,1.02,1.36,0.3400000000000001,The teacher explained the project would be due at the end of the month.,2
1065,would,1.36,1.58,0.2199999999999999,The teacher explained the project would be due at the end of the month.,2
1065,be,1.58,1.74,0.1599999999999999,The teacher explained the project would be due at the end of the month.,2
1065,due,1.74,1.88,0.1399999999999999,The teacher explained the project would be due at the end of the month.,2
1065,at,1.88,2.02,0.1400000000000001,The teacher explained the project would be due at the end of the month.,2
1065,the,2.02,2.1,0.08,The teacher explained the project would be due at the end of the month.,2
1065,end,2.1,2.26,0.1599999999999997,The teacher explained the project would be due at the end of the month.,2
1065,of,2.26,2.38,0.1200000000000001,The teacher explained the project would be due at the end of the month.,2
1065,the,2.38,2.5,0.1200000000000001,The teacher explained the project would be due at the end of the month.,2
1065,month.,2.5,2.72,0.2200000000000002,The teacher explained the project would be due at the end of the month.,2
1136,The,0.0,0.14,0.14,The students were excited about the coming field trip to the museum.,2
1136,students,0.14,0.46,0.32,The students were excited about the coming field trip to the museum.,2
1136,were,0.46,0.72,0.2599999999999999,The students were excited about the coming field trip to the museum.,2
1136,excited,0.72,1.04,0.32,The students were excited about the coming field trip to the museum.,2
1136,about,1.04,1.3,0.26,The students were excited about the coming field trip to the museum.,2
1136,the,1.3,1.42,0.1199999999999998,The students were excited about the coming field trip to the museum.,2
1136,coming,1.42,1.68,0.26,The students were excited about the coming field trip to the museum.,2
1136,field,1.68,1.96,0.28,The students were excited about the coming field trip to the museum.,2
1136,trip,1.96,2.18,0.2200000000000002,The students were excited about the coming field trip to the museum.,2
1136,to,2.18,2.36,0.1799999999999997,The students were excited about the coming field trip to the museum.,2
1136,the,2.36,2.46,0.1,The students were excited about the coming field trip to the museum.,2
1136,museum.,2.46,2.74,0.2800000000000002,The students were excited about the coming field trip to the museum.,2
103,the,0.0,0.08,0.08,the documentary highlights importance of Bader Vs. T in maintaining ecological balance.,2
103,documentary,0.08,0.52,0.44,the documentary highlights importance of Bader Vs. T in maintaining ecological balance.,2
103,highlights,0.52,1.14,0.6199999999999999,the documentary highlights importance of Bader Vs. T in maintaining ecological balance.,2
103,importance,1.14,1.76,0.6200000000000001,the documentary highlights importance of Bader Vs. T in maintaining ecological balance.,2
103,of,1.76,2.1,0.3400000000000001,the documentary highlights importance of Bader Vs. T in maintaining ecological balance.,2
103,Bader,2.1,2.44,0.3399999999999998,the documentary highlights importance of Bader Vs. T in maintaining ecological balance.,2
103,Vs.,2.44,2.9,0.4599999999999999,the documentary highlights importance of Bader Vs. T in maintaining ecological balance.,2
103,T,3.06,3.12,0.06,the documentary highlights importance of Bader Vs. T in maintaining ecological balance.,2
103,in,3.12,3.26,0.1399999999999996,the documentary highlights importance of Bader Vs. T in maintaining ecological balance.,2
103,maintaining,3.26,3.7,0.4400000000000004,the documentary highlights importance of Bader Vs. T in maintaining ecological balance.,2
103,ecological,3.7,4.22,0.5199999999999996,the documentary highlights importance of Bader Vs. T in maintaining ecological balance.,2
103,balance.,4.22,4.88,0.6600000000000001,the documentary highlights importance of Bader Vs. T in maintaining ecological balance.,2
1053,She,0.0,0.28,0.28,She asked him whether he finished the report that was due by the end of the day.,2
1053,asked,0.28,0.54,0.26,She asked him whether he finished the report that was due by the end of the day.,2
1053,him,0.54,0.72,0.1799999999999999,She asked him whether he finished the report that was due by the end of the day.,2
1053,whether,0.72,1.0,0.28,She asked him whether he finished the report that was due by the end of the day.,2
1053,he,1.0,1.18,0.1799999999999999,She asked him whether he finished the report that was due by the end of the day.,2
1053,finished,1.18,1.48,0.3,She asked him whether he finished the report that was due by the end of the day.,2
1053,the,1.48,1.72,0.24,She asked him whether he finished the report that was due by the end of the day.,2
1053,report,1.72,2.1,0.3800000000000001,She asked him whether he finished the report that was due by the end of the day.,2
1053,that,2.1,2.42,0.3199999999999998,She asked him whether he finished the report that was due by the end of the day.,2
1053,was,2.42,2.58,0.1600000000000001,She asked him whether he finished the report that was due by the end of the day.,2
1053,due,2.58,2.82,0.2399999999999997,She asked him whether he finished the report that was due by the end of the day.,2
1053,by,2.82,3.02,0.2000000000000001,She asked him whether he finished the report that was due by the end of the day.,2
1053,the,3.02,3.14,0.1200000000000001,She asked him whether he finished the report that was due by the end of the day.,2
1053,end,3.14,3.3,0.1599999999999997,She asked him whether he finished the report that was due by the end of the day.,2
1053,of,3.3,3.42,0.1200000000000001,She asked him whether he finished the report that was due by the end of the day.,2
1053,the,3.42,3.54,0.1200000000000001,She asked him whether he finished the report that was due by the end of the day.,2
1053,day.,3.54,3.72,0.1800000000000001,She asked him whether he finished the report that was due by the end of the day.,2
123,The,0.0,0.14,0.14,The engineering team made substantial progress and developed in the new product prototype.,2
123,engineering,0.14,0.72,0.58,The engineering team made substantial progress and developed in the new product prototype.,2
123,team,0.72,1.14,0.4199999999999999,The engineering team made substantial progress and developed in the new product prototype.,2
123,made,1.14,1.4,0.26,The engineering team made substantial progress and developed in the new product prototype.,2
123,substantial,1.4,2.3,0.8999999999999999,The engineering team made substantial progress and developed in the new product prototype.,2
123,progress,2.3,2.88,0.5800000000000001,The engineering team made substantial progress and developed in the new product prototype.,2
123,and,2.88,3.32,0.4399999999999999,The engineering team made substantial progress and developed in the new product prototype.,2
123,developed,3.32,3.76,0.4399999999999999,The engineering team made substantial progress and developed in the new product prototype.,2
123,in,3.76,4.08,0.3200000000000003,The engineering team made substantial progress and developed in the new product prototype.,2
123,the,4.08,4.26,0.1799999999999997,The engineering team made substantial progress and developed in the new product prototype.,2
123,new,4.26,4.54,0.2800000000000002,The engineering team made substantial progress and developed in the new product prototype.,2
123,product,4.54,4.94,0.4000000000000003,The engineering team made substantial progress and developed in the new product prototype.,2
123,prototype.,4.94,5.86,0.92,The engineering team made substantial progress and developed in the new product prototype.,2
1045,The,0.0,0.1,0.1,The professor explained the exam which cover all the material discussed in class this semester.,2
1045,professor,0.1,0.46,0.36,The professor explained the exam which cover all the material discussed in class this semester.,2
1045,explained,0.46,1.02,0.56,The professor explained the exam which cover all the material discussed in class this semester.,2
1045,the,1.02,1.24,0.2199999999999999,The professor explained the exam which cover all the material discussed in class this semester.,2
1045,exam,1.24,1.5,0.26,The professor explained the exam which cover all the material discussed in class this semester.,2
1045,which,1.5,1.7,0.1999999999999999,The professor explained the exam which cover all the material discussed in class this semester.,2
1045,cover,1.7,1.98,0.28,The professor explained the exam which cover all the material discussed in class this semester.,2
1045,all,1.98,2.24,0.2600000000000002,The professor explained the exam which cover all the material discussed in class this semester.,2
1045,the,2.24,2.4,0.1599999999999997,The professor explained the exam which cover all the material discussed in class this semester.,2
1045,material,2.4,2.8,0.3999999999999999,The professor explained the exam which cover all the material discussed in class this semester.,2
1045,discussed,2.8,3.22,0.4200000000000004,The professor explained the exam which cover all the material discussed in class this semester.,2
1045,in,3.22,3.52,0.2999999999999998,The professor explained the exam which cover all the material discussed in class this semester.,2
1045,class,3.52,3.8,0.2799999999999998,The professor explained the exam which cover all the material discussed in class this semester.,2
1045,this,3.8,4.08,0.2800000000000002,The professor explained the exam which cover all the material discussed in class this semester.,2
1045,semester.,4.08,4.54,0.4599999999999999,The professor explained the exam which cover all the material discussed in class this semester.,2
1012,I,0.0,0.14,0.14,I have working on this project for three months and this finally nearing completion.,2
1012,have,0.14,0.24,0.0999999999999999,I have working on this project for three months and this finally nearing completion.,2
1012,working,0.24,0.48,0.24,I have working on this project for three months and this finally nearing completion.,2
1012,on,0.48,0.64,0.16,I have working on this project for three months and this finally nearing completion.,2
1012,this,0.64,0.8,0.16,I have working on this project for three months and this finally nearing completion.,2
1012,project,0.8,1.12,0.32,I have working on this project for three months and this finally nearing completion.,2
1012,for,1.12,1.32,0.1999999999999999,I have working on this project for three months and this finally nearing completion.,2
1012,three,1.32,1.54,0.2199999999999999,I have working on this project for three months and this finally nearing completion.,2
1012,months,1.54,1.86,0.32,I have working on this project for three months and this finally nearing completion.,2
1012,and,1.86,2.2,0.3400000000000001,I have working on this project for three months and this finally nearing completion.,2
1012,this,2.2,2.32,0.1199999999999996,I have working on this project for three months and this finally nearing completion.,2
1012,finally,2.32,2.64,0.3200000000000003,I have working on this project for three months and this finally nearing completion.,2
1012,nearing,2.64,2.92,0.2799999999999998,I have working on this project for three months and this finally nearing completion.,2
1012,completion.,2.92,3.4,0.48,I have working on this project for three months and this finally nearing completion.,2
1013,The,0.0,0.14,0.14,The new restaurant downtown's so it's most delicious Italian food I've ever tasted.,2
1013,new,0.14,0.28,0.14,The new restaurant downtown's so it's most delicious Italian food I've ever tasted.,2
1013,restaurant,0.28,0.54,0.26,The new restaurant downtown's so it's most delicious Italian food I've ever tasted.,2
1013,downtown's,0.54,1.24,0.7,The new restaurant downtown's so it's most delicious Italian food I've ever tasted.,2
1013,so,1.24,1.32,0.08,The new restaurant downtown's so it's most delicious Italian food I've ever tasted.,2
1013,it's,1.32,1.44,0.1199999999999998,The new restaurant downtown's so it's most delicious Italian food I've ever tasted.,2
1013,most,1.44,1.58,0.1400000000000001,The new restaurant downtown's so it's most delicious Italian food I've ever tasted.,2
1013,delicious,1.58,2.04,0.4599999999999999,The new restaurant downtown's so it's most delicious Italian food I've ever tasted.,2
1013,Italian,2.04,2.5,0.4599999999999999,The new restaurant downtown's so it's most delicious Italian food I've ever tasted.,2
1013,food,2.5,2.86,0.3599999999999999,The new restaurant downtown's so it's most delicious Italian food I've ever tasted.,2
1013,I've,2.86,3.08,0.2200000000000002,The new restaurant downtown's so it's most delicious Italian food I've ever tasted.,2
1013,ever,3.08,3.18,0.1,The new restaurant downtown's so it's most delicious Italian food I've ever tasted.,2
1013,tasted.,3.18,3.66,0.48,The new restaurant downtown's so it's most delicious Italian food I've ever tasted.,2
1101,She,0.0,0.12,0.12,She asked I wanted to join her for lunch tomorrow.,2
1101,asked,0.12,0.34,0.22,She asked I wanted to join her for lunch tomorrow.,2
1101,I,0.34,0.56,0.22,She asked I wanted to join her for lunch tomorrow.,2
1101,wanted,0.56,0.84,0.2799999999999999,She asked I wanted to join her for lunch tomorrow.,2
1101,to,0.84,1.0,0.16,She asked I wanted to join her for lunch tomorrow.,2
1101,join,1.0,1.22,0.2199999999999999,She asked I wanted to join her for lunch tomorrow.,2
1101,her,1.22,1.38,0.1599999999999999,She asked I wanted to join her for lunch tomorrow.,2
1101,for,1.38,1.5,0.1200000000000001,She asked I wanted to join her for lunch tomorrow.,2
1101,lunch,1.5,1.72,0.2199999999999999,She asked I wanted to join her for lunch tomorrow.,2
1101,tomorrow.,1.72,2.02,0.3,She asked I wanted to join her for lunch tomorrow.,2
1117,The,0.0,0.14,0.14,"The weather forecast was sunny, it ended up raining all day.",2
1117,weather,0.14,0.38,0.24,"The weather forecast was sunny, it ended up raining all day.",2
1117,forecast,0.38,0.84,0.4599999999999999,"The weather forecast was sunny, it ended up raining all day.",2
1117,was,0.84,1.24,0.4,"The weather forecast was sunny, it ended up raining all day.",2
1117,"sunny,",1.24,1.58,0.3400000000000001,"The weather forecast was sunny, it ended up raining all day.",2
1117,it,1.78,1.86,0.08,"The weather forecast was sunny, it ended up raining all day.",2
1117,ended,1.86,2.18,0.32,"The weather forecast was sunny, it ended up raining all day.",2
1117,up,2.18,2.36,0.1799999999999997,"The weather forecast was sunny, it ended up raining all day.",2
1117,raining,2.36,2.68,0.3200000000000003,"The weather forecast was sunny, it ended up raining all day.",2
1117,all,2.68,3.06,0.3799999999999999,"The weather forecast was sunny, it ended up raining all day.",2
1117,day.,3.06,3.36,0.2999999999999998,"The weather forecast was sunny, it ended up raining all day.",2
1087,She,0.0,0.22,0.22,She asked I had seen her lost keys anywhere.,2
1087,asked,0.22,0.46,0.24,She asked I had seen her lost keys anywhere.,2
1087,I,0.46,0.66,0.2,She asked I had seen her lost keys anywhere.,2
1087,had,0.66,0.78,0.12,She asked I had seen her lost keys anywhere.,2
1087,seen,0.78,0.98,0.1999999999999999,She asked I had seen her lost keys anywhere.,2
1087,her,0.98,1.2,0.2199999999999999,She asked I had seen her lost keys anywhere.,2
1087,lost,1.2,1.4,0.1999999999999999,She asked I had seen her lost keys anywhere.,2
1087,keys,1.4,1.68,0.28,She asked I had seen her lost keys anywhere.,2
1087,anywhere.,1.68,2.16,0.4800000000000002,She asked I had seen her lost keys anywhere.,2
1160,I've,0.0,0.2,0.2,I've been working on this project for three weeks now.,2
1160,been,0.2,0.26,0.06,I've been working on this project for three weeks now.,2
1160,working,0.26,0.5,0.24,I've been working on this project for three weeks now.,2
1160,on,0.5,0.7,0.1999999999999999,I've been working on this project for three weeks now.,2
1160,this,0.7,0.84,0.14,I've been working on this project for three weeks now.,2
1160,project,0.84,1.18,0.3399999999999999,I've been working on this project for three weeks now.,2
1160,for,1.18,1.38,0.1999999999999999,I've been working on this project for three weeks now.,2
1160,three,1.38,1.52,0.1400000000000001,I've been working on this project for three weeks now.,2
1160,weeks,1.52,1.72,0.1999999999999999,I've been working on this project for three weeks now.,2
1160,now.,1.72,2.02,0.3,I've been working on this project for three weeks now.,2
1033,She,0.0,0.2,0.2,She is working as a volunteer at the animal shelter for over five years now.,2
1033,is,0.2,0.32,0.12,She is working as a volunteer at the animal shelter for over five years now.,2
1033,working,0.32,0.66,0.34,She is working as a volunteer at the animal shelter for over five years now.,2
1033,as,0.66,0.86,0.1999999999999999,She is working as a volunteer at the animal shelter for over five years now.,2
1033,a,0.86,0.94,0.0799999999999999,She is working as a volunteer at the animal shelter for over five years now.,2
1033,volunteer,0.94,1.38,0.4399999999999999,She is working as a volunteer at the animal shelter for over five years now.,2
1033,at,1.38,1.64,0.26,She is working as a volunteer at the animal shelter for over five years now.,2
1033,the,1.64,1.7,0.06,She is working as a volunteer at the animal shelter for over five years now.,2
1033,animal,1.7,1.92,0.2199999999999999,She is working as a volunteer at the animal shelter for over five years now.,2
1033,shelter,1.92,2.38,0.4599999999999999,She is working as a volunteer at the animal shelter for over five years now.,2
1033,for,2.38,2.58,0.2000000000000001,She is working as a volunteer at the animal shelter for over five years now.,2
1033,over,2.58,2.84,0.2599999999999998,She is working as a volunteer at the animal shelter for over five years now.,2
1033,five,2.84,3.24,0.4000000000000003,She is working as a volunteer at the animal shelter for over five years now.,2
1033,years,3.24,3.48,0.2399999999999997,She is working as a volunteer at the animal shelter for over five years now.,2
1033,now.,3.48,3.8,0.3199999999999998,She is working as a volunteer at the animal shelter for over five years now.,2
114,She,0.0,0.26,0.26,She wondered she should pursue a graduate degree or enter the job market.,2
114,wondered,0.26,0.64,0.38,She wondered she should pursue a graduate degree or enter the job market.,2
114,she,0.64,0.98,0.3399999999999999,She wondered she should pursue a graduate degree or enter the job market.,2
114,should,0.98,1.22,0.24,She wondered she should pursue a graduate degree or enter the job market.,2
114,pursue,1.22,1.62,0.4000000000000001,She wondered she should pursue a graduate degree or enter the job market.,2
114,a,1.62,1.84,0.2199999999999999,She wondered she should pursue a graduate degree or enter the job market.,2
114,graduate,1.84,2.28,0.4399999999999997,She wondered she should pursue a graduate degree or enter the job market.,2
114,degree,2.28,2.82,0.54,She wondered she should pursue a graduate degree or enter the job market.,2
114,or,2.82,3.2,0.3800000000000003,She wondered she should pursue a graduate degree or enter the job market.,2
114,enter,3.2,3.64,0.4399999999999999,She wondered she should pursue a graduate degree or enter the job market.,2
114,the,3.64,3.82,0.1799999999999997,She wondered she should pursue a graduate degree or enter the job market.,2
114,job,3.82,4.08,0.2600000000000002,She wondered she should pursue a graduate degree or enter the job market.,2
114,market.,4.08,4.5,0.4199999999999999,She wondered she should pursue a graduate degree or enter the job market.,2
1121,The,0.0,0.12,0.12,The students were eager to start summer internships next week.,2
1121,students,0.12,0.52,0.4,The students were eager to start summer internships next week.,2
1121,were,0.52,0.8,0.28,The students were eager to start summer internships next week.,2
1121,eager,0.8,1.0,0.1999999999999999,The students were eager to start summer internships next week.,2
1121,to,1.0,1.24,0.24,The students were eager to start summer internships next week.,2
1121,start,1.24,1.54,0.3,The students were eager to start summer internships next week.,2
1121,summer,1.54,1.96,0.4199999999999999,The students were eager to start summer internships next week.,2
1121,internships,1.96,2.38,0.4199999999999999,The students were eager to start summer internships next week.,2
1121,next,2.38,2.76,0.3799999999999999,The students were eager to start summer internships next week.,2
1121,week.,2.76,3.14,0.3800000000000003,The students were eager to start summer internships next week.,2
1079,The,0.0,0.12,0.12,The new product has become very popular to its innovative design and affordability.,2
1079,new,0.12,0.34,0.22,The new product has become very popular to its innovative design and affordability.,2
1079,product,0.34,0.64,0.3,The new product has become very popular to its innovative design and affordability.,2
1079,has,0.64,0.86,0.2199999999999999,The new product has become very popular to its innovative design and affordability.,2
1079,become,0.86,1.14,0.2799999999999999,The new product has become very popular to its innovative design and affordability.,2
1079,very,1.14,1.44,0.3,The new product has become very popular to its innovative design and affordability.,2
1079,popular,1.44,1.86,0.4200000000000001,The new product has become very popular to its innovative design and affordability.,2
1079,to,1.86,2.08,0.2199999999999999,The new product has become very popular to its innovative design and affordability.,2
1079,its,2.08,2.26,0.1799999999999997,The new product has become very popular to its innovative design and affordability.,2
1079,innovative,2.26,2.54,0.2800000000000002,The new product has become very popular to its innovative design and affordability.,2
1079,design,2.54,3.0,0.4599999999999999,The new product has become very popular to its innovative design and affordability.,2
1079,and,3.0,3.36,0.3599999999999999,The new product has become very popular to its innovative design and affordability.,2
1079,affordability.,3.36,4.12,0.7600000000000002,The new product has become very popular to its innovative design and affordability.,2
1055,I'm,0.0,0.22,0.22,I'm not sure whether I should take bus or walk to the office tomorrow morning.,2
1055,not,0.22,0.28,0.06,I'm not sure whether I should take bus or walk to the office tomorrow morning.,2
1055,sure,0.28,0.5,0.2199999999999999,I'm not sure whether I should take bus or walk to the office tomorrow morning.,2
1055,whether,0.5,0.84,0.3399999999999999,I'm not sure whether I should take bus or walk to the office tomorrow morning.,2
1055,I,0.84,0.98,0.14,I'm not sure whether I should take bus or walk to the office tomorrow morning.,2
1055,should,0.98,1.1,0.1200000000000001,I'm not sure whether I should take bus or walk to the office tomorrow morning.,2
1055,take,1.1,1.32,0.2199999999999999,I'm not sure whether I should take bus or walk to the office tomorrow morning.,2
1055,bus,1.32,1.46,0.1399999999999999,I'm not sure whether I should take bus or walk to the office tomorrow morning.,2
1055,or,1.46,1.6,0.1400000000000001,I'm not sure whether I should take bus or walk to the office tomorrow morning.,2
1055,walk,1.6,1.82,0.2199999999999999,I'm not sure whether I should take bus or walk to the office tomorrow morning.,2
1055,to,1.82,2.04,0.2199999999999999,I'm not sure whether I should take bus or walk to the office tomorrow morning.,2
1055,the,2.04,2.14,0.1,I'm not sure whether I should take bus or walk to the office tomorrow morning.,2
1055,office,2.14,2.4,0.2599999999999998,I'm not sure whether I should take bus or walk to the office tomorrow morning.,2
1055,tomorrow,2.4,2.66,0.2600000000000002,I'm not sure whether I should take bus or walk to the office tomorrow morning.,2
1055,morning.,2.66,3.04,0.3799999999999999,I'm not sure whether I should take bus or walk to the office tomorrow morning.,2
1063,The,0.0,0.14,0.14,The movie was so captivating I didn't even notice how quickly the time had passed.,2
1063,movie,0.14,0.4,0.26,The movie was so captivating I didn't even notice how quickly the time had passed.,2
1063,was,0.4,0.62,0.2199999999999999,The movie was so captivating I didn't even notice how quickly the time had passed.,2
1063,so,0.62,0.78,0.16,The movie was so captivating I didn't even notice how quickly the time had passed.,2
1063,captivating,0.78,1.5,0.72,The movie was so captivating I didn't even notice how quickly the time had passed.,2
1063,I,1.5,1.66,0.1599999999999999,The movie was so captivating I didn't even notice how quickly the time had passed.,2
1063,didn't,1.66,1.98,0.32,The movie was so captivating I didn't even notice how quickly the time had passed.,2
1063,even,1.98,2.16,0.1800000000000001,The movie was so captivating I didn't even notice how quickly the time had passed.,2
1063,notice,2.16,2.54,0.3799999999999999,The movie was so captivating I didn't even notice how quickly the time had passed.,2
1063,how,2.54,2.78,0.2399999999999997,The movie was so captivating I didn't even notice how quickly the time had passed.,2
1063,quickly,2.78,3.2,0.4200000000000004,The movie was so captivating I didn't even notice how quickly the time had passed.,2
1063,the,3.2,3.42,0.2199999999999997,The movie was so captivating I didn't even notice how quickly the time had passed.,2
1063,time,3.42,3.7,0.2800000000000002,The movie was so captivating I didn't even notice how quickly the time had passed.,2
1063,had,3.7,3.9,0.1999999999999997,The movie was so captivating I didn't even notice how quickly the time had passed.,2
1063,passed.,3.9,4.46,0.56,The movie was so captivating I didn't even notice how quickly the time had passed.,2
1171,She,0.0,0.18,0.18,She wondered the restaurant would be open on Christmas Day.,2
1171,wondered,0.18,0.48,0.3,She wondered the restaurant would be open on Christmas Day.,2
1171,the,0.48,0.72,0.24,She wondered the restaurant would be open on Christmas Day.,2
1171,restaurant,0.72,1.08,0.3600000000000001,She wondered the restaurant would be open on Christmas Day.,2
1171,would,1.08,1.34,0.26,She wondered the restaurant would be open on Christmas Day.,2
1171,be,1.34,1.48,0.1399999999999999,She wondered the restaurant would be open on Christmas Day.,2
1171,open,1.48,1.78,0.3,She wondered the restaurant would be open on Christmas Day.,2
1171,on,1.78,1.94,0.1599999999999999,She wondered the restaurant would be open on Christmas Day.,2
1171,Christmas,1.94,2.3,0.3599999999999999,She wondered the restaurant would be open on Christmas Day.,2
1171,Day.,2.3,2.62,0.3200000000000003,She wondered the restaurant would be open on Christmas Day.,2
1034,the,0.0,0.12,0.12,the students were asked to submit their essays by end of the week for grading.,2
1034,students,0.12,0.48,0.36,the students were asked to submit their essays by end of the week for grading.,2
1034,were,0.48,0.8,0.32,the students were asked to submit their essays by end of the week for grading.,2
1034,asked,0.8,1.02,0.2199999999999999,the students were asked to submit their essays by end of the week for grading.,2
1034,to,1.02,1.16,0.1399999999999999,the students were asked to submit their essays by end of the week for grading.,2
1034,submit,1.16,1.5,0.3400000000000001,the students were asked to submit their essays by end of the week for grading.,2
1034,their,1.5,1.74,0.24,the students were asked to submit their essays by end of the week for grading.,2
1034,essays,1.74,2.08,0.3400000000000001,the students were asked to submit their essays by end of the week for grading.,2
1034,by,2.08,2.4,0.3199999999999998,the students were asked to submit their essays by end of the week for grading.,2
1034,end,2.4,2.68,0.2800000000000002,the students were asked to submit their essays by end of the week for grading.,2
1034,of,2.68,2.9,0.2199999999999997,the students were asked to submit their essays by end of the week for grading.,2
1034,the,2.9,3.0,0.1,the students were asked to submit their essays by end of the week for grading.,2
1034,week,3.0,3.2,0.2000000000000001,the students were asked to submit their essays by end of the week for grading.,2
1034,for,3.2,3.44,0.2399999999999997,the students were asked to submit their essays by end of the week for grading.,2
1034,grading.,3.44,3.82,0.3799999999999999,the students were asked to submit their essays by end of the week for grading.,2
1022,The,0.0,0.14,0.14,The company's new policy states all employees must attend a safety training session.,2
1022,company's,0.14,0.66,0.52,The company's new policy states all employees must attend a safety training session.,2
1022,new,0.66,0.8,0.14,The company's new policy states all employees must attend a safety training session.,2
1022,policy,0.8,1.18,0.3799999999999999,The company's new policy states all employees must attend a safety training session.,2
1022,states,1.18,1.58,0.4000000000000001,The company's new policy states all employees must attend a safety training session.,2
1022,all,1.58,1.86,0.28,The company's new policy states all employees must attend a safety training session.,2
1022,employees,1.86,2.32,0.4599999999999997,The company's new policy states all employees must attend a safety training session.,2
1022,must,2.32,2.58,0.2600000000000002,The company's new policy states all employees must attend a safety training session.,2
1022,attend,2.58,3.0,0.4199999999999999,The company's new policy states all employees must attend a safety training session.,2
1022,a,3.0,3.2,0.2000000000000001,The company's new policy states all employees must attend a safety training session.,2
1022,safety,3.2,3.5,0.2999999999999998,The company's new policy states all employees must attend a safety training session.,2
1022,training,3.5,3.92,0.4199999999999999,The company's new policy states all employees must attend a safety training session.,2
1022,session.,3.92,4.36,0.4400000000000004,The company's new policy states all employees must attend a safety training session.,2
1075,The,0.0,0.18,0.18,The symposium all attended by renowned experts from various fields of medical research.,2
1075,symposium,0.18,0.8,0.6200000000000001,The symposium all attended by renowned experts from various fields of medical research.,2
1075,all,0.8,0.98,0.1799999999999999,The symposium all attended by renowned experts from various fields of medical research.,2
1075,attended,0.98,1.38,0.3999999999999999,The symposium all attended by renowned experts from various fields of medical research.,2
1075,by,1.38,1.64,0.26,The symposium all attended by renowned experts from various fields of medical research.,2
1075,renowned,1.64,1.9,0.26,The symposium all attended by renowned experts from various fields of medical research.,2
1075,experts,1.9,2.38,0.48,The symposium all attended by renowned experts from various fields of medical research.,2
1075,from,2.38,2.64,0.2600000000000002,The symposium all attended by renowned experts from various fields of medical research.,2
1075,various,2.64,2.96,0.3199999999999998,The symposium all attended by renowned experts from various fields of medical research.,2
1075,fields,2.96,3.26,0.2999999999999998,The symposium all attended by renowned experts from various fields of medical research.,2
1075,of,3.26,3.44,0.1800000000000001,The symposium all attended by renowned experts from various fields of medical research.,2
1075,medical,3.44,3.68,0.2400000000000002,The symposium all attended by renowned experts from various fields of medical research.,2
1075,research.,3.68,4.3,0.6199999999999997,The symposium all attended by renowned experts from various fields of medical research.,2
1059,We,0.0,0.12,0.12,We need to ensure all the necessary equipment is available before starting the experiment.,2
1059,need,0.12,0.3,0.18,We need to ensure all the necessary equipment is available before starting the experiment.,2
1059,to,0.3,0.44,0.14,We need to ensure all the necessary equipment is available before starting the experiment.,2
1059,ensure,0.44,0.66,0.22,We need to ensure all the necessary equipment is available before starting the experiment.,2
1059,all,0.66,0.9,0.24,We need to ensure all the necessary equipment is available before starting the experiment.,2
1059,the,0.9,1.0,0.0999999999999999,We need to ensure all the necessary equipment is available before starting the experiment.,2
1059,necessary,1.0,1.44,0.4399999999999999,We need to ensure all the necessary equipment is available before starting the experiment.,2
1059,equipment,1.44,1.88,0.4399999999999999,We need to ensure all the necessary equipment is available before starting the experiment.,2
1059,is,1.88,2.12,0.2400000000000002,We need to ensure all the necessary equipment is available before starting the experiment.,2
1059,available,2.12,2.46,0.3399999999999998,We need to ensure all the necessary equipment is available before starting the experiment.,2
1059,before,2.46,2.86,0.3999999999999999,We need to ensure all the necessary equipment is available before starting the experiment.,2
1059,starting,2.86,3.4,0.54,We need to ensure all the necessary equipment is available before starting the experiment.,2
1059,the,3.4,3.6,0.2000000000000001,We need to ensure all the necessary equipment is available before starting the experiment.,2
1059,experiment.,3.6,4.14,0.5399999999999996,We need to ensure all the necessary equipment is available before starting the experiment.,2
1019,I'm,0.0,0.22,0.22,I'm not sure whether should accept the job offer or continue looking for other opportunities.,2
1019,not,0.22,0.34,0.12,I'm not sure whether should accept the job offer or continue looking for other opportunities.,2
1019,sure,0.34,0.66,0.32,I'm not sure whether should accept the job offer or continue looking for other opportunities.,2
1019,whether,0.66,1.04,0.38,I'm not sure whether should accept the job offer or continue looking for other opportunities.,2
1019,should,1.04,1.28,0.24,I'm not sure whether should accept the job offer or continue looking for other opportunities.,2
1019,accept,1.28,1.68,0.3999999999999999,I'm not sure whether should accept the job offer or continue looking for other opportunities.,2
1019,the,1.68,1.86,0.1800000000000001,I'm not sure whether should accept the job offer or continue looking for other opportunities.,2
1019,job,1.86,2.06,0.1999999999999999,I'm not sure whether should accept the job offer or continue looking for other opportunities.,2
1019,offer,2.06,2.46,0.3999999999999999,I'm not sure whether should accept the job offer or continue looking for other opportunities.,2
1019,or,2.46,2.7,0.2400000000000002,I'm not sure whether should accept the job offer or continue looking for other opportunities.,2
1019,continue,2.7,3.12,0.4199999999999999,I'm not sure whether should accept the job offer or continue looking for other opportunities.,2
1019,looking,3.12,3.52,0.3999999999999999,I'm not sure whether should accept the job offer or continue looking for other opportunities.,2
1019,for,3.52,3.82,0.2999999999999998,I'm not sure whether should accept the job offer or continue looking for other opportunities.,2
1019,other,3.82,4.1,0.2799999999999998,I'm not sure whether should accept the job offer or continue looking for other opportunities.,2
1019,opportunities.,4.1,4.86,0.7600000000000007,I'm not sure whether should accept the job offer or continue looking for other opportunities.,2
1023,We're,0.0,0.16,0.16,We're planning to go on road trip across the country during our summer vacation.,2
1023,planning,0.16,0.4,0.24,We're planning to go on road trip across the country during our summer vacation.,2
1023,to,0.4,0.64,0.24,We're planning to go on road trip across the country during our summer vacation.,2
1023,go,0.64,0.8,0.16,We're planning to go on road trip across the country during our summer vacation.,2
1023,on,0.8,1.0,0.1999999999999999,We're planning to go on road trip across the country during our summer vacation.,2
1023,road,1.0,1.18,0.1799999999999999,We're planning to go on road trip across the country during our summer vacation.,2
1023,trip,1.18,1.38,0.1999999999999999,We're planning to go on road trip across the country during our summer vacation.,2
1023,across,1.38,1.68,0.3,We're planning to go on road trip across the country during our summer vacation.,2
1023,the,1.68,1.88,0.1999999999999999,We're planning to go on road trip across the country during our summer vacation.,2
1023,country,1.88,2.22,0.3400000000000003,We're planning to go on road trip across the country during our summer vacation.,2
1023,during,2.22,2.6,0.3799999999999999,We're planning to go on road trip across the country during our summer vacation.,2
1023,our,2.6,2.82,0.2199999999999997,We're planning to go on road trip across the country during our summer vacation.,2
1023,summer,2.82,3.12,0.3000000000000002,We're planning to go on road trip across the country during our summer vacation.,2
1023,vacation.,3.12,3.72,0.6000000000000001,We're planning to go on road trip across the country during our summer vacation.,2
112,Have,0.0,0.14,0.14,Have you thought about how the new regulations impact our international trade?,2
112,you,0.14,0.22,0.0799999999999999,Have you thought about how the new regulations impact our international trade?,2
112,thought,0.22,0.38,0.16,Have you thought about how the new regulations impact our international trade?,2
112,about,0.38,0.66,0.28,Have you thought about how the new regulations impact our international trade?,2
112,how,0.66,0.82,0.1599999999999999,Have you thought about how the new regulations impact our international trade?,2
112,the,0.82,0.92,0.1,Have you thought about how the new regulations impact our international trade?,2
112,new,0.92,1.02,0.0999999999999999,Have you thought about how the new regulations impact our international trade?,2
112,regulations,1.02,1.5,0.48,Have you thought about how the new regulations impact our international trade?,2
112,impact,1.5,1.98,0.48,Have you thought about how the new regulations impact our international trade?,2
112,our,1.98,2.2,0.2200000000000002,Have you thought about how the new regulations impact our international trade?,2
112,international,2.2,2.5,0.2999999999999998,Have you thought about how the new regulations impact our international trade?,2
112,trade?,2.5,3.1,0.6000000000000001,Have you thought about how the new regulations impact our international trade?,2
1015,She,0.0,0.14,0.14,She asked me if I could pick up some milk on my home from work.,2
1015,asked,0.14,0.4,0.26,She asked me if I could pick up some milk on my home from work.,2
1015,me,0.4,0.54,0.14,She asked me if I could pick up some milk on my home from work.,2
1015,if,0.54,0.68,0.14,She asked me if I could pick up some milk on my home from work.,2
1015,I,0.68,0.82,0.1399999999999999,She asked me if I could pick up some milk on my home from work.,2
1015,could,0.82,0.98,0.16,She asked me if I could pick up some milk on my home from work.,2
1015,pick,0.98,1.2,0.2199999999999999,She asked me if I could pick up some milk on my home from work.,2
1015,up,1.2,1.32,0.1200000000000001,She asked me if I could pick up some milk on my home from work.,2
1015,some,1.32,1.52,0.1999999999999999,She asked me if I could pick up some milk on my home from work.,2
1015,milk,1.52,1.74,0.2199999999999999,She asked me if I could pick up some milk on my home from work.,2
1015,on,1.74,1.9,0.1599999999999999,She asked me if I could pick up some milk on my home from work.,2
1015,my,1.9,2.04,0.1400000000000001,She asked me if I could pick up some milk on my home from work.,2
1015,home,2.04,2.26,0.2199999999999997,She asked me if I could pick up some milk on my home from work.,2
1015,from,2.26,2.44,0.1800000000000001,She asked me if I could pick up some milk on my home from work.,2
1015,work.,2.44,2.64,0.2000000000000001,She asked me if I could pick up some milk on my home from work.,2
1003,She,0.0,0.18,0.18,She always brings Reese Buschop in bag to the store to reduce plastic waste.,2
1003,always,0.18,0.44,0.26,She always brings Reese Buschop in bag to the store to reduce plastic waste.,2
1003,brings,0.44,0.74,0.3,She always brings Reese Buschop in bag to the store to reduce plastic waste.,2
1003,Reese,0.74,1.1,0.3600000000000001,She always brings Reese Buschop in bag to the store to reduce plastic waste.,2
1003,Buschop,1.1,1.52,0.4199999999999999,She always brings Reese Buschop in bag to the store to reduce plastic waste.,2
1003,in,1.52,1.68,0.1599999999999999,She always brings Reese Buschop in bag to the store to reduce plastic waste.,2
1003,bag,1.68,1.98,0.3,She always brings Reese Buschop in bag to the store to reduce plastic waste.,2
1003,to,1.98,2.24,0.2600000000000002,She always brings Reese Buschop in bag to the store to reduce plastic waste.,2
1003,the,2.24,2.38,0.1399999999999996,She always brings Reese Buschop in bag to the store to reduce plastic waste.,2
1003,store,2.38,2.62,0.2400000000000002,She always brings Reese Buschop in bag to the store to reduce plastic waste.,2
1003,to,2.62,2.8,0.1799999999999997,She always brings Reese Buschop in bag to the store to reduce plastic waste.,2
1003,reduce,2.8,3.12,0.3200000000000003,She always brings Reese Buschop in bag to the store to reduce plastic waste.,2
1003,plastic,3.12,3.62,0.5,She always brings Reese Buschop in bag to the store to reduce plastic waste.,2
1003,waste.,3.62,3.92,0.2999999999999998,She always brings Reese Buschop in bag to the store to reduce plastic waste.,2
1185,The,0.0,0.14,0.14,The research is conducting experiments on renewable energy sources.,2
1185,research,0.14,0.58,0.4399999999999999,The research is conducting experiments on renewable energy sources.,2
1185,is,0.58,0.84,0.26,The research is conducting experiments on renewable energy sources.,2
1185,conducting,0.84,1.26,0.42,The research is conducting experiments on renewable energy sources.,2
1185,experiments,1.26,2.12,0.8600000000000001,The research is conducting experiments on renewable energy sources.,2
1185,on,2.12,2.34,0.2199999999999997,The research is conducting experiments on renewable energy sources.,2
1185,renewable,2.34,2.7,0.3600000000000003,The research is conducting experiments on renewable energy sources.,2
1185,energy,2.7,3.2,0.5,The research is conducting experiments on renewable energy sources.,2
1185,sources.,3.2,3.86,0.6599999999999997,The research is conducting experiments on renewable energy sources.,2
1039,The,0.0,0.12,0.12,The company's new policy requires all employees complete a training course on cybersecurity.,2
1039,company's,0.12,0.76,0.64,The company's new policy requires all employees complete a training course on cybersecurity.,2
1039,new,0.76,0.92,0.16,The company's new policy requires all employees complete a training course on cybersecurity.,2
1039,policy,0.92,1.46,0.5399999999999999,The company's new policy requires all employees complete a training course on cybersecurity.,2
1039,requires,1.46,2.16,0.7000000000000002,The company's new policy requires all employees complete a training course on cybersecurity.,2
1039,all,2.16,2.54,0.3799999999999999,The company's new policy requires all employees complete a training course on cybersecurity.,2
1039,employees,2.54,3.02,0.48,The company's new policy requires all employees complete a training course on cybersecurity.,2
1039,complete,3.02,3.48,0.4599999999999999,The company's new policy requires all employees complete a training course on cybersecurity.,2
1039,a,3.48,3.72,0.2400000000000002,The company's new policy requires all employees complete a training course on cybersecurity.,2
1039,training,3.72,4.1,0.3799999999999994,The company's new policy requires all employees complete a training course on cybersecurity.,2
1039,course,4.1,4.62,0.5200000000000005,The company's new policy requires all employees complete a training course on cybersecurity.,2
1039,on,4.62,4.88,0.2599999999999998,The company's new policy requires all employees complete a training course on cybersecurity.,2
1039,cybersecurity.,4.88,5.52,0.6399999999999997,The company's new policy requires all employees complete a training course on cybersecurity.,2
1081,The,0.0,0.14,0.14,The students have been studying for their final exams all week.,2
1081,students,0.14,0.46,0.32,The students have been studying for their final exams all week.,2
1081,have,0.46,0.7,0.2399999999999999,The students have been studying for their final exams all week.,2
1081,been,0.7,0.78,0.08,The students have been studying for their final exams all week.,2
1081,studying,0.78,1.08,0.3,The students have been studying for their final exams all week.,2
1081,for,1.08,1.34,0.26,The students have been studying for their final exams all week.,2
1081,their,1.34,1.44,0.0999999999999998,The students have been studying for their final exams all week.,2
1081,final,1.44,1.74,0.3,The students have been studying for their final exams all week.,2
1081,exams,1.74,2.1,0.3600000000000001,The students have been studying for their final exams all week.,2
1081,all,2.1,2.34,0.2399999999999997,The students have been studying for their final exams all week.,2
1081,week.,2.34,2.56,0.2200000000000002,The students have been studying for their final exams all week.,2
1057,She,0.0,0.2,0.2,She explained that she would late for the meeting because of the heavy traffic on the,2
1057,explained,0.2,0.52,0.32,She explained that she would late for the meeting because of the heavy traffic on the,2
1057,that,0.52,0.74,0.2199999999999999,She explained that she would late for the meeting because of the heavy traffic on the,2
1057,she,0.74,0.9,0.16,She explained that she would late for the meeting because of the heavy traffic on the,2
1057,would,0.9,1.02,0.12,She explained that she would late for the meeting because of the heavy traffic on the,2
1057,late,1.02,1.22,0.1999999999999999,She explained that she would late for the meeting because of the heavy traffic on the,2
1057,for,1.22,1.48,0.26,She explained that she would late for the meeting because of the heavy traffic on the,2
1057,the,1.48,1.56,0.08,She explained that she would late for the meeting because of the heavy traffic on the,2
1057,meeting,1.56,1.82,0.26,She explained that she would late for the meeting because of the heavy traffic on the,2
1057,because,1.82,2.16,0.3400000000000001,She explained that she would late for the meeting because of the heavy traffic on the,2
1057,of,2.16,2.34,0.1799999999999997,She explained that she would late for the meeting because of the heavy traffic on the,2
1057,the,2.34,2.42,0.08,She explained that she would late for the meeting because of the heavy traffic on the,2
1057,heavy,2.42,2.58,0.1600000000000001,She explained that she would late for the meeting because of the heavy traffic on the,2
1057,traffic,2.58,3.02,0.4399999999999999,She explained that she would late for the meeting because of the heavy traffic on the,2
1057,on,3.02,3.28,0.2599999999999998,She explained that she would late for the meeting because of the heavy traffic on the,2
1057,the,3.28,3.38,0.1,She explained that she would late for the meeting because of the heavy traffic on the,2
1057,freeway.,3.38,3.78,0.3999999999999999,freeway.,2
1201,The,0.0,0.14,0.14,The professor suggests his students review their notes before the final exam.,2
1201,professor,0.14,0.6,0.4599999999999999,The professor suggests his students review their notes before the final exam.,2
1201,suggests,0.6,1.06,0.4600000000000001,The professor suggests his students review their notes before the final exam.,2
1201,his,1.06,1.46,0.3999999999999999,The professor suggests his students review their notes before the final exam.,2
1201,students,1.46,1.78,0.32,The professor suggests his students review their notes before the final exam.,2
1201,review,1.78,2.3,0.5199999999999998,The professor suggests his students review their notes before the final exam.,2
1201,their,2.3,2.54,0.2400000000000002,The professor suggests his students review their notes before the final exam.,2
1201,notes,2.54,2.8,0.2599999999999998,The professor suggests his students review their notes before the final exam.,2
1201,before,2.8,3.2,0.4000000000000003,The professor suggests his students review their notes before the final exam.,2
1201,the,3.2,3.44,0.2399999999999997,The professor suggests his students review their notes before the final exam.,2
1201,final,3.44,3.78,0.3399999999999998,The professor suggests his students review their notes before the final exam.,2
1201,exam.,3.78,4.1,0.3199999999999998,The professor suggests his students review their notes before the final exam.,2
1108,The,0.0,0.12,0.12,The new policy implemented by the management last month.,2
1108,new,0.12,0.26,0.14,The new policy implemented by the management last month.,2
1108,policy,0.26,0.72,0.4599999999999999,The new policy implemented by the management last month.,2
1108,implemented,0.72,1.36,0.6400000000000001,The new policy implemented by the management last month.,2
1108,by,1.36,1.6,0.24,The new policy implemented by the management last month.,2
1108,the,1.6,1.7,0.0999999999999998,The new policy implemented by the management last month.,2
1108,management,1.7,2.12,0.4200000000000001,The new policy implemented by the management last month.,2
1108,last,2.12,2.42,0.2999999999999998,The new policy implemented by the management last month.,2
1108,month.,2.42,2.76,0.3399999999999998,The new policy implemented by the management last month.,2
1124,The,0.0,0.18,0.18,The exam and the contractor cited to negotiate better times.,2
1124,exam,0.18,0.52,0.34,The exam and the contractor cited to negotiate better times.,2
1124,and,0.52,0.74,0.2199999999999999,The exam and the contractor cited to negotiate better times.,2
1124,the,0.74,0.86,0.12,The exam and the contractor cited to negotiate better times.,2
1124,contractor,0.86,1.2,0.3399999999999999,The exam and the contractor cited to negotiate better times.,2
1124,cited,1.2,1.68,0.48,The exam and the contractor cited to negotiate better times.,2
1124,to,1.68,1.86,0.1800000000000001,The exam and the contractor cited to negotiate better times.,2
1124,negotiate,1.86,2.26,0.3999999999999997,The exam and the contractor cited to negotiate better times.,2
1124,better,2.26,2.66,0.4000000000000003,The exam and the contractor cited to negotiate better times.,2
1124,times.,2.66,3.12,0.4599999999999999,The exam and the contractor cited to negotiate better times.,2
106,Not,0.0,0.16,0.16,"Not only did she win the competition, she also broke the previous record.",2
106,only,0.16,0.4,0.24,"Not only did she win the competition, she also broke the previous record.",2
106,did,0.4,0.58,0.1799999999999999,"Not only did she win the competition, she also broke the previous record.",2
106,she,0.58,0.78,0.2,"Not only did she win the competition, she also broke the previous record.",2
106,win,0.78,1.0,0.2199999999999999,"Not only did she win the competition, she also broke the previous record.",2
106,the,1.0,1.14,0.1399999999999999,"Not only did she win the competition, she also broke the previous record.",2
106,"competition,",1.14,1.68,0.54,"Not only did she win the competition, she also broke the previous record.",2
106,she,2.26,2.44,0.1800000000000001,"Not only did she win the competition, she also broke the previous record.",2
106,also,2.44,2.62,0.1800000000000001,"Not only did she win the competition, she also broke the previous record.",2
106,broke,2.62,2.88,0.2599999999999998,"Not only did she win the competition, she also broke the previous record.",2
106,the,2.88,3.08,0.2000000000000001,"Not only did she win the competition, she also broke the previous record.",2
106,previous,3.08,3.38,0.2999999999999998,"Not only did she win the competition, she also broke the previous record.",2
106,record.,3.38,3.8,0.4199999999999999,"Not only did she win the competition, she also broke the previous record.",2
1109,og,0.0,0.2,0.2,og talon aolutions o'n byn ond lle i mewn i wneudン ac bas刚.,2
1109,talon,0.2,0.4,0.2,og talon aolutions o'n byn ond lle i mewn i wneudン ac bas刚.,2
1109,aolutions,0.4,1.0,0.6,og talon aolutions o'n byn ond lle i mewn i wneudン ac bas刚.,2
1109,o,1.0,1.3,0.3,og talon aolutions o'n byn ond lle i mewn i wneudン ac bas刚.,2
1109,'n,1.3,1.58,0.28,og talon aolutions o'n byn ond lle i mewn i wneudン ac bas刚.,2
1109,byn,1.58,1.84,0.26,og talon aolutions o'n byn ond lle i mewn i wneudン ac bas刚.,2
1109,ond,1.84,1.84,0.0,og talon aolutions o'n byn ond lle i mewn i wneudン ac bas刚.,2
1109,lle,1.84,1.84,0.0,og talon aolutions o'n byn ond lle i mewn i wneudン ac bas刚.,2
1109,i,1.84,1.84,0.0,og talon aolutions o'n byn ond lle i mewn i wneudン ac bas刚.,2
1109,mewn,1.84,2.16,0.32,og talon aolutions o'n byn ond lle i mewn i wneudン ac bas刚.,2
1109,i,2.16,2.16,0.0,og talon aolutions o'n byn ond lle i mewn i wneudン ac bas刚.,2
1109,wneudン,2.16,3.36,1.1999999999999995,og talon aolutions o'n byn ond lle i mewn i wneudン ac bas刚.,2
1109,ac,3.36,3.44,0.08,og talon aolutions o'n byn ond lle i mewn i wneudン ac bas刚.,2
1109,bas刚.,3.44,3.44,0.0,og talon aolutions o'n byn ond lle i mewn i wneudン ac bas刚.,2
1159,The,0.0,0.1,0.1,The guide explained the ancient civilization had built such impressive structures.,2
1159,guide,0.1,0.32,0.22,The guide explained the ancient civilization had built such impressive structures.,2
1159,explained,0.32,0.76,0.44,The guide explained the ancient civilization had built such impressive structures.,2
1159,the,0.76,1.0,0.24,The guide explained the ancient civilization had built such impressive structures.,2
1159,ancient,1.0,1.28,0.28,The guide explained the ancient civilization had built such impressive structures.,2
1159,civilization,1.28,1.88,0.5999999999999999,The guide explained the ancient civilization had built such impressive structures.,2
1159,had,1.88,2.26,0.3799999999999999,The guide explained the ancient civilization had built such impressive structures.,2
1159,built,2.26,2.44,0.1800000000000001,The guide explained the ancient civilization had built such impressive structures.,2
1159,such,2.44,2.72,0.2800000000000002,The guide explained the ancient civilization had built such impressive structures.,2
1159,impressive,2.72,3.24,0.52,The guide explained the ancient civilization had built such impressive structures.,2
1159,structures.,3.24,3.72,0.48,The guide explained the ancient civilization had built such impressive structures.,2
1227,the,0.0,0.12,0.12,the Environmental Impact Study conducted by an independent research group.,2
1227,Environmental,0.12,0.54,0.42,the Environmental Impact Study conducted by an independent research group.,2
1227,Impact,0.54,1.12,0.5800000000000001,the Environmental Impact Study conducted by an independent research group.,2
1227,Study,1.12,1.54,0.4199999999999999,the Environmental Impact Study conducted by an independent research group.,2
1227,conducted,1.54,2.06,0.52,the Environmental Impact Study conducted by an independent research group.,2
1227,by,2.06,2.34,0.2799999999999998,the Environmental Impact Study conducted by an independent research group.,2
1227,an,2.34,2.58,0.2400000000000002,the Environmental Impact Study conducted by an independent research group.,2
1227,independent,2.58,3.12,0.54,the Environmental Impact Study conducted by an independent research group.,2
1227,research,3.12,3.54,0.4199999999999999,the Environmental Impact Study conducted by an independent research group.,2
1227,group.,3.54,3.96,0.4199999999999999,the Environmental Impact Study conducted by an independent research group.,2
1118,We,0.0,0.14,0.14,We need to finalize budget for the upcoming fiscal year.,2
1118,need,0.14,0.24,0.0999999999999999,We need to finalize budget for the upcoming fiscal year.,2
1118,to,0.24,0.38,0.14,We need to finalize budget for the upcoming fiscal year.,2
1118,finalize,0.38,0.92,0.54,We need to finalize budget for the upcoming fiscal year.,2
1118,budget,0.92,1.26,0.3399999999999999,We need to finalize budget for the upcoming fiscal year.,2
1118,for,1.26,1.5,0.24,We need to finalize budget for the upcoming fiscal year.,2
1118,the,1.5,1.64,0.1399999999999999,We need to finalize budget for the upcoming fiscal year.,2
1118,upcoming,1.64,2.0,0.3600000000000001,We need to finalize budget for the upcoming fiscal year.,2
1118,fiscal,2.0,2.46,0.4599999999999999,We need to finalize budget for the upcoming fiscal year.,2
1118,year.,2.46,2.8,0.3399999999999998,We need to finalize budget for the upcoming fiscal year.,2
1071,The,0.0,0.12,0.12,The historic building was deemed unsafe in schedule to undergo extensive renovations.,2
1071,historic,0.12,0.68,0.56,The historic building was deemed unsafe in schedule to undergo extensive renovations.,2
1071,building,0.68,1.16,0.4799999999999998,The historic building was deemed unsafe in schedule to undergo extensive renovations.,2
1071,was,1.16,1.54,0.3800000000000001,The historic building was deemed unsafe in schedule to undergo extensive renovations.,2
1071,deemed,1.54,1.94,0.3999999999999999,The historic building was deemed unsafe in schedule to undergo extensive renovations.,2
1071,unsafe,1.94,2.58,0.6400000000000001,The historic building was deemed unsafe in schedule to undergo extensive renovations.,2
1071,in,2.58,2.94,0.3599999999999999,The historic building was deemed unsafe in schedule to undergo extensive renovations.,2
1071,schedule,2.94,3.32,0.3799999999999999,The historic building was deemed unsafe in schedule to undergo extensive renovations.,2
1071,to,3.32,3.58,0.2600000000000002,The historic building was deemed unsafe in schedule to undergo extensive renovations.,2
1071,undergo,3.58,4.02,0.4399999999999995,The historic building was deemed unsafe in schedule to undergo extensive renovations.,2
1071,extensive,4.02,4.7,0.6800000000000006,The historic building was deemed unsafe in schedule to undergo extensive renovations.,2
1071,renovations.,4.7,5.7,1.0,The historic building was deemed unsafe in schedule to undergo extensive renovations.,2
1026,The,0.0,0.12,0.12,The chef demonstrated how properly prepare and cook the exotic dish during the class.,2
1026,chef,0.12,0.36,0.24,The chef demonstrated how properly prepare and cook the exotic dish during the class.,2
1026,demonstrated,0.36,0.96,0.6,The chef demonstrated how properly prepare and cook the exotic dish during the class.,2
1026,how,0.96,1.2,0.24,The chef demonstrated how properly prepare and cook the exotic dish during the class.,2
1026,properly,1.2,1.6,0.4000000000000001,The chef demonstrated how properly prepare and cook the exotic dish during the class.,2
1026,prepare,1.6,2.02,0.4199999999999999,The chef demonstrated how properly prepare and cook the exotic dish during the class.,2
1026,and,2.02,2.26,0.2399999999999997,The chef demonstrated how properly prepare and cook the exotic dish during the class.,2
1026,cook,2.26,2.42,0.1600000000000001,The chef demonstrated how properly prepare and cook the exotic dish during the class.,2
1026,the,2.42,2.6,0.1800000000000001,The chef demonstrated how properly prepare and cook the exotic dish during the class.,2
1026,exotic,2.6,2.92,0.3199999999999998,The chef demonstrated how properly prepare and cook the exotic dish during the class.,2
1026,dish,2.92,3.18,0.2600000000000002,The chef demonstrated how properly prepare and cook the exotic dish during the class.,2
1026,during,3.18,3.38,0.1999999999999997,The chef demonstrated how properly prepare and cook the exotic dish during the class.,2
1026,the,3.38,3.5,0.1200000000000001,The chef demonstrated how properly prepare and cook the exotic dish during the class.,2
1026,class.,3.5,3.74,0.2400000000000002,The chef demonstrated how properly prepare and cook the exotic dish during the class.,2
1163,More,0.0,0.22,0.22,More master 5 finished my homework before going out with friends.,2
1163,master,0.22,0.66,0.44,More master 5 finished my homework before going out with friends.,2
1163,5,0.66,0.92,0.26,More master 5 finished my homework before going out with friends.,2
1163,finished,0.92,1.38,0.4599999999999998,More master 5 finished my homework before going out with friends.,2
1163,my,1.38,1.68,0.3,More master 5 finished my homework before going out with friends.,2
1163,homework,1.68,1.98,0.3,More master 5 finished my homework before going out with friends.,2
1163,before,1.98,2.4,0.4199999999999999,More master 5 finished my homework before going out with friends.,2
1163,going,2.4,2.82,0.4199999999999999,More master 5 finished my homework before going out with friends.,2
1163,out,2.82,3.02,0.2000000000000001,More master 5 finished my homework before going out with friends.,2
1163,with,3.02,3.28,0.2599999999999998,More master 5 finished my homework before going out with friends.,2
1163,friends.,3.28,3.58,0.3000000000000002,More master 5 finished my homework before going out with friends.,2
1175,The,0.0,0.12,0.12,The committee is considering to approve the proposed budget for next year.,2
1175,committee,0.12,0.54,0.42,The committee is considering to approve the proposed budget for next year.,2
1175,is,0.54,0.92,0.38,The committee is considering to approve the proposed budget for next year.,2
1175,considering,0.92,1.46,0.5399999999999999,The committee is considering to approve the proposed budget for next year.,2
1175,to,1.46,1.7,0.24,The committee is considering to approve the proposed budget for next year.,2
1175,approve,1.7,2.0,0.3,The committee is considering to approve the proposed budget for next year.,2
1175,the,2.0,2.2,0.2000000000000001,The committee is considering to approve the proposed budget for next year.,2
1175,proposed,2.2,2.62,0.4199999999999999,The committee is considering to approve the proposed budget for next year.,2
1175,budget,2.62,3.02,0.3999999999999999,The committee is considering to approve the proposed budget for next year.,2
1175,for,3.02,3.22,0.2000000000000001,The committee is considering to approve the proposed budget for next year.,2
1175,next,3.22,3.44,0.2199999999999997,The committee is considering to approve the proposed budget for next year.,2
1175,year.,3.44,3.7,0.2600000000000002,The committee is considering to approve the proposed budget for next year.,2
117,the,0.0,0.14,0.14,the patient instructed to take the medication twice daily for 10 days.,2
117,patient,0.14,0.54,0.4,the patient instructed to take the medication twice daily for 10 days.,2
117,instructed,0.54,1.18,0.6399999999999999,the patient instructed to take the medication twice daily for 10 days.,2
117,to,1.18,1.38,0.1999999999999999,the patient instructed to take the medication twice daily for 10 days.,2
117,take,1.38,1.64,0.26,the patient instructed to take the medication twice daily for 10 days.,2
117,the,1.64,1.82,0.1800000000000001,the patient instructed to take the medication twice daily for 10 days.,2
117,medication,1.82,2.2,0.3800000000000001,the patient instructed to take the medication twice daily for 10 days.,2
117,twice,2.2,2.82,0.6199999999999997,the patient instructed to take the medication twice daily for 10 days.,2
117,daily,2.82,3.26,0.4399999999999999,the patient instructed to take the medication twice daily for 10 days.,2
117,for,3.26,3.54,0.2800000000000002,the patient instructed to take the medication twice daily for 10 days.,2
117,10,3.54,3.78,0.2399999999999997,the patient instructed to take the medication twice daily for 10 days.,2
117,days.,3.78,4.06,0.2799999999999998,the patient instructed to take the medication twice daily for 10 days.,2
1122,Econ,0.0,0.38,0.38,Econ contemplated he should pursue a career in medicine or law.,2
1122,contemplated,0.38,1.1,0.7200000000000001,Econ contemplated he should pursue a career in medicine or law.,2
1122,he,1.1,1.3,0.1999999999999999,Econ contemplated he should pursue a career in medicine or law.,2
1122,should,1.3,1.54,0.24,Econ contemplated he should pursue a career in medicine or law.,2
1122,pursue,1.54,1.88,0.3399999999999998,Econ contemplated he should pursue a career in medicine or law.,2
1122,a,1.88,2.1,0.2200000000000002,Econ contemplated he should pursue a career in medicine or law.,2
1122,career,2.1,2.54,0.4399999999999999,Econ contemplated he should pursue a career in medicine or law.,2
1122,in,2.54,2.78,0.2399999999999997,Econ contemplated he should pursue a career in medicine or law.,2
1122,medicine,2.78,3.26,0.48,Econ contemplated he should pursue a career in medicine or law.,2
1122,or,3.26,3.74,0.4800000000000004,Econ contemplated he should pursue a career in medicine or law.,2
1122,law.,3.74,4.04,0.2999999999999998,Econ contemplated he should pursue a career in medicine or law.,2
1088,The,0.0,0.12,0.12,"The teachers explained the concept, the students still didn't understand.",2
1088,teachers,0.12,0.54,0.42,"The teachers explained the concept, the students still didn't understand.",2
1088,explained,0.54,1.08,0.54,"The teachers explained the concept, the students still didn't understand.",2
1088,the,1.08,1.34,0.26,"The teachers explained the concept, the students still didn't understand.",2
1088,"concept,",1.34,1.88,0.5399999999999998,"The teachers explained the concept, the students still didn't understand.",2
1088,the,2.3,2.38,0.08,"The teachers explained the concept, the students still didn't understand.",2
1088,students,2.38,2.76,0.3799999999999999,"The teachers explained the concept, the students still didn't understand.",2
1088,still,2.76,3.18,0.4200000000000004,"The teachers explained the concept, the students still didn't understand.",2
1088,didn't,3.18,3.62,0.4399999999999999,"The teachers explained the concept, the students still didn't understand.",2
1088,understand.,3.62,4.16,0.54,"The teachers explained the concept, the students still didn't understand.",2
1006,The,0.0,0.1,0.1,The company is offering referral bonus to employees who recommend successful job candidates.,2
1006,company,0.1,0.42,0.3199999999999999,The company is offering referral bonus to employees who recommend successful job candidates.,2
1006,is,0.42,0.66,0.24,The company is offering referral bonus to employees who recommend successful job candidates.,2
1006,offering,0.66,0.98,0.3199999999999999,The company is offering referral bonus to employees who recommend successful job candidates.,2
1006,referral,0.98,1.3,0.32,The company is offering referral bonus to employees who recommend successful job candidates.,2
1006,bonus,1.3,1.66,0.3599999999999999,The company is offering referral bonus to employees who recommend successful job candidates.,2
1006,to,1.66,1.88,0.2199999999999999,The company is offering referral bonus to employees who recommend successful job candidates.,2
1006,employees,1.88,2.3,0.4199999999999999,The company is offering referral bonus to employees who recommend successful job candidates.,2
1006,who,2.3,2.54,0.2400000000000002,The company is offering referral bonus to employees who recommend successful job candidates.,2
1006,recommend,2.54,2.92,0.3799999999999999,The company is offering referral bonus to employees who recommend successful job candidates.,2
1006,successful,2.92,3.58,0.6600000000000001,The company is offering referral bonus to employees who recommend successful job candidates.,2
1006,job,3.58,3.92,0.3399999999999998,The company is offering referral bonus to employees who recommend successful job candidates.,2
1006,candidates.,3.92,4.46,0.54,The company is offering referral bonus to employees who recommend successful job candidates.,2
1180,The,0.0,0.1,0.1,The project team working on the new design for the company website.,2
1180,project,0.1,0.4,0.3,The project team working on the new design for the company website.,2
1180,team,0.4,0.7,0.2999999999999999,The project team working on the new design for the company website.,2
1180,working,0.7,1.08,0.3800000000000001,The project team working on the new design for the company website.,2
1180,on,1.08,1.26,0.1799999999999999,The project team working on the new design for the company website.,2
1180,the,1.26,1.4,0.1399999999999999,The project team working on the new design for the company website.,2
1180,new,1.4,1.54,0.1400000000000001,The project team working on the new design for the company website.,2
1180,design,1.54,1.98,0.4399999999999999,The project team working on the new design for the company website.,2
1180,for,1.98,2.28,0.2999999999999998,The project team working on the new design for the company website.,2
1180,the,2.28,2.4,0.1200000000000001,The project team working on the new design for the company website.,2
1180,company,2.4,2.7,0.3000000000000002,The project team working on the new design for the company website.,2
1180,website.,2.7,3.28,0.5799999999999996,The project team working on the new design for the company website.,2
1085,they,0.0,0.14,0.14,they were discussing to go to the beach or the mountains.,2
1085,were,0.14,0.24,0.0999999999999999,they were discussing to go to the beach or the mountains.,2
1085,discussing,0.24,0.76,0.52,they were discussing to go to the beach or the mountains.,2
1085,to,0.76,1.04,0.28,they were discussing to go to the beach or the mountains.,2
1085,go,1.04,1.22,0.1799999999999999,they were discussing to go to the beach or the mountains.,2
1085,to,1.22,1.42,0.1999999999999999,they were discussing to go to the beach or the mountains.,2
1085,the,1.42,1.52,0.1,they were discussing to go to the beach or the mountains.,2
1085,beach,1.52,1.88,0.3599999999999999,they were discussing to go to the beach or the mountains.,2
1085,or,1.88,2.04,0.1600000000000001,they were discussing to go to the beach or the mountains.,2
1085,the,2.04,2.14,0.1,they were discussing to go to the beach or the mountains.,2
1085,mountains.,2.14,2.52,0.3799999999999999,they were discussing to go to the beach or the mountains.,2
120,If,0.0,0.2,0.2,"If you had invested in that stock last year, you have seen significant returns.",2
120,you,0.2,0.3,0.0999999999999999,"If you had invested in that stock last year, you have seen significant returns.",2
120,had,0.3,0.46,0.16,"If you had invested in that stock last year, you have seen significant returns.",2
120,invested,0.46,0.9,0.44,"If you had invested in that stock last year, you have seen significant returns.",2
120,in,0.9,1.14,0.2399999999999998,"If you had invested in that stock last year, you have seen significant returns.",2
120,that,1.14,1.28,0.1400000000000001,"If you had invested in that stock last year, you have seen significant returns.",2
120,stock,1.28,1.56,0.28,"If you had invested in that stock last year, you have seen significant returns.",2
120,last,1.56,1.92,0.3599999999999999,"If you had invested in that stock last year, you have seen significant returns.",2
120,"year,",1.92,2.3,0.3799999999999999,"If you had invested in that stock last year, you have seen significant returns.",2
120,you,2.56,2.7,0.1400000000000001,"If you had invested in that stock last year, you have seen significant returns.",2
120,have,2.7,2.84,0.1399999999999996,"If you had invested in that stock last year, you have seen significant returns.",2
120,seen,2.84,3.08,0.2400000000000002,"If you had invested in that stock last year, you have seen significant returns.",2
120,significant,3.08,3.7,0.6200000000000001,"If you had invested in that stock last year, you have seen significant returns.",2
120,returns.,3.7,4.6,0.8999999999999995,"If you had invested in that stock last year, you have seen significant returns.",2
1103,We,0.0,0.12,0.12,We need to submit report by the end of this week.,2
1103,need,0.12,0.26,0.14,We need to submit report by the end of this week.,2
1103,to,0.26,0.4,0.14,We need to submit report by the end of this week.,2
1103,submit,0.4,0.62,0.2199999999999999,We need to submit report by the end of this week.,2
1103,report,0.62,0.96,0.3399999999999999,We need to submit report by the end of this week.,2
1103,by,0.96,1.18,0.2199999999999999,We need to submit report by the end of this week.,2
1103,the,1.18,1.32,0.1400000000000001,We need to submit report by the end of this week.,2
1103,end,1.32,1.54,0.2199999999999999,We need to submit report by the end of this week.,2
1103,of,1.54,1.68,0.1399999999999999,We need to submit report by the end of this week.,2
1103,this,1.68,1.88,0.1999999999999999,We need to submit report by the end of this week.,2
1103,week.,1.88,2.14,0.2600000000000002,We need to submit report by the end of this week.,2
1123,The,0.0,0.12,0.12,The new security measures implemented by the Department last week.,2
1123,new,0.12,0.3,0.18,The new security measures implemented by the Department last week.,2
1123,security,0.3,0.98,0.6799999999999999,The new security measures implemented by the Department last week.,2
1123,measures,0.98,1.28,0.3,The new security measures implemented by the Department last week.,2
1123,implemented,1.28,1.88,0.5999999999999999,The new security measures implemented by the Department last week.,2
1123,by,1.88,2.22,0.3400000000000003,The new security measures implemented by the Department last week.,2
1123,the,2.22,2.36,0.1399999999999996,The new security measures implemented by the Department last week.,2
1123,Department,2.36,2.76,0.3999999999999999,The new security measures implemented by the Department last week.,2
1123,last,2.76,3.12,0.3600000000000003,The new security measures implemented by the Department last week.,2
1123,week.,3.12,3.46,0.3399999999999998,The new security measures implemented by the Department last week.,2
1174,He,0.0,0.14,0.14,He asked I had seen the latest episode of the popular TV series.,2
1174,asked,0.14,0.42,0.2799999999999999,He asked I had seen the latest episode of the popular TV series.,2
1174,I,0.42,0.62,0.2,He asked I had seen the latest episode of the popular TV series.,2
1174,had,0.62,0.84,0.2199999999999999,He asked I had seen the latest episode of the popular TV series.,2
1174,seen,0.84,1.1,0.2600000000000001,He asked I had seen the latest episode of the popular TV series.,2
1174,the,1.1,1.32,0.2199999999999999,He asked I had seen the latest episode of the popular TV series.,2
1174,latest,1.32,1.62,0.3,He asked I had seen the latest episode of the popular TV series.,2
1174,episode,1.62,2.18,0.56,He asked I had seen the latest episode of the popular TV series.,2
1174,of,2.18,2.34,0.1599999999999997,He asked I had seen the latest episode of the popular TV series.,2
1174,the,2.34,2.42,0.08,He asked I had seen the latest episode of the popular TV series.,2
1174,popular,2.42,2.86,0.4399999999999999,He asked I had seen the latest episode of the popular TV series.,2
1174,TV,2.86,3.24,0.3800000000000003,He asked I had seen the latest episode of the popular TV series.,2
1174,series.,3.24,3.86,0.6199999999999997,He asked I had seen the latest episode of the popular TV series.,2
1027,We,0.0,0.12,0.12,We need to find solution to this problem before it gets out to FAND.,2
1027,need,0.12,0.22,0.1,We need to find solution to this problem before it gets out to FAND.,2
1027,to,0.22,0.38,0.16,We need to find solution to this problem before it gets out to FAND.,2
1027,find,0.38,0.58,0.1999999999999999,We need to find solution to this problem before it gets out to FAND.,2
1027,solution,0.58,1.04,0.4600000000000001,We need to find solution to this problem before it gets out to FAND.,2
1027,to,1.04,1.32,0.28,We need to find solution to this problem before it gets out to FAND.,2
1027,this,1.32,1.48,0.1599999999999999,We need to find solution to this problem before it gets out to FAND.,2
1027,problem,1.48,1.84,0.3600000000000001,We need to find solution to this problem before it gets out to FAND.,2
1027,before,1.84,2.2,0.3600000000000001,We need to find solution to this problem before it gets out to FAND.,2
1027,it,2.2,2.42,0.2199999999999997,We need to find solution to this problem before it gets out to FAND.,2
1027,gets,2.42,2.58,0.1600000000000001,We need to find solution to this problem before it gets out to FAND.,2
1027,out,2.58,2.8,0.2199999999999997,We need to find solution to this problem before it gets out to FAND.,2
1027,to,2.8,2.94,0.1400000000000001,We need to find solution to this problem before it gets out to FAND.,2
1027,FAND.,2.94,3.28,0.3399999999999998,We need to find solution to this problem before it gets out to FAND.,2
1162,He,0.0,0.12,0.12,He considered the potential impact of artificial intelligence on job markets.,2
1162,considered,0.12,0.66,0.54,He considered the potential impact of artificial intelligence on job markets.,2
1162,the,0.66,0.86,0.1999999999999999,He considered the potential impact of artificial intelligence on job markets.,2
1162,potential,0.86,1.3,0.44,He considered the potential impact of artificial intelligence on job markets.,2
1162,impact,1.3,1.78,0.48,He considered the potential impact of artificial intelligence on job markets.,2
1162,of,1.78,2.06,0.28,He considered the potential impact of artificial intelligence on job markets.,2
1162,artificial,2.06,2.58,0.52,He considered the potential impact of artificial intelligence on job markets.,2
1162,intelligence,2.58,3.5,0.92,He considered the potential impact of artificial intelligence on job markets.,2
1162,on,3.5,3.94,0.4399999999999999,He considered the potential impact of artificial intelligence on job markets.,2
1162,job,3.94,4.16,0.2200000000000002,He considered the potential impact of artificial intelligence on job markets.,2
1162,markets.,4.16,4.58,0.4199999999999999,He considered the potential impact of artificial intelligence on job markets.,2
1135,They're,0.0,0.24,0.24,They're planning this trip for every year now.,2
1135,planning,0.24,0.46,0.22,They're planning this trip for every year now.,2
1135,this,0.46,0.74,0.2799999999999999,They're planning this trip for every year now.,2
1135,trip,0.74,0.96,0.2199999999999999,They're planning this trip for every year now.,2
1135,for,0.96,1.16,0.1999999999999999,They're planning this trip for every year now.,2
1135,every,1.16,1.42,0.26,They're planning this trip for every year now.,2
1135,year,1.42,1.76,0.3400000000000001,They're planning this trip for every year now.,2
1135,now.,1.76,2.02,0.26,They're planning this trip for every year now.,2
1230,The,0.0,0.08,0.08,The research team discovered a potential cure for the red disease.,2
1230,research,0.08,0.3,0.2199999999999999,The research team discovered a potential cure for the red disease.,2
1230,team,0.3,0.62,0.32,The research team discovered a potential cure for the red disease.,2
1230,discovered,0.62,1.06,0.44,The research team discovered a potential cure for the red disease.,2
1230,a,1.06,1.2,0.1399999999999999,The research team discovered a potential cure for the red disease.,2
1230,potential,1.2,1.44,0.24,The research team discovered a potential cure for the red disease.,2
1230,cure,1.44,1.82,0.3800000000000001,The research team discovered a potential cure for the red disease.,2
1230,for,1.82,1.98,0.1599999999999999,The research team discovered a potential cure for the red disease.,2
1230,the,1.98,2.08,0.1,The research team discovered a potential cure for the red disease.,2
1230,red,2.08,2.22,0.1400000000000001,The research team discovered a potential cure for the red disease.,2
1230,disease.,2.22,2.56,0.3399999999999998,The research team discovered a potential cure for the red disease.,2
1158,She,0.0,0.2,0.2,She leans the world and caught her breath after the long run.,2
1158,leans,0.2,0.62,0.42,She leans the world and caught her breath after the long run.,2
1158,the,0.62,0.94,0.3199999999999999,She leans the world and caught her breath after the long run.,2
1158,world,0.94,1.22,0.28,She leans the world and caught her breath after the long run.,2
1158,and,1.22,1.46,0.24,She leans the world and caught her breath after the long run.,2
1158,caught,1.46,1.72,0.26,She leans the world and caught her breath after the long run.,2
1158,her,1.72,2.0,0.28,She leans the world and caught her breath after the long run.,2
1158,breath,2.0,2.3,0.2999999999999998,She leans the world and caught her breath after the long run.,2
1158,after,2.3,2.84,0.54,She leans the world and caught her breath after the long run.,2
1158,the,2.84,2.98,0.1400000000000001,She leans the world and caught her breath after the long run.,2
1158,long,2.98,3.26,0.2799999999999998,She leans the world and caught her breath after the long run.,2
1158,run.,3.26,3.6,0.3400000000000003,She leans the world and caught her breath after the long run.,2
10019,The,0.0,0.14,0.14,"The latest electric car model Bose arranged that, that exceeds 300 miles on a single charge.",0
10019,latest,0.14,0.54,0.4,"The latest electric car model Bose arranged that, that exceeds 300 miles on a single charge.",0
10019,electric,0.54,1.14,0.5999999999999999,"The latest electric car model Bose arranged that, that exceeds 300 miles on a single charge.",0
10019,car,1.14,1.52,0.3800000000000001,"The latest electric car model Bose arranged that, that exceeds 300 miles on a single charge.",0
10019,model,1.52,1.84,0.32,"The latest electric car model Bose arranged that, that exceeds 300 miles on a single charge.",0
10019,Bose,1.84,2.2,0.3600000000000001,"The latest electric car model Bose arranged that, that exceeds 300 miles on a single charge.",0
10019,arranged,2.2,2.68,0.48,"The latest electric car model Bose arranged that, that exceeds 300 miles on a single charge.",0
10019,"that,",2.68,3.04,0.3599999999999999,"The latest electric car model Bose arranged that, that exceeds 300 miles on a single charge.",0
10019,that,3.22,3.36,0.1399999999999996,"The latest electric car model Bose arranged that, that exceeds 300 miles on a single charge.",0
10019,exceeds,3.36,3.74,0.3800000000000003,"The latest electric car model Bose arranged that, that exceeds 300 miles on a single charge.",0
10019,300,3.74,4.64,0.8999999999999995,"The latest electric car model Bose arranged that, that exceeds 300 miles on a single charge.",0
10019,miles,4.64,5.02,0.3799999999999999,"The latest electric car model Bose arranged that, that exceeds 300 miles on a single charge.",0
10019,on,5.02,5.32,0.3000000000000007,"The latest electric car model Bose arranged that, that exceeds 300 miles on a single charge.",0
10019,a,5.32,5.44,0.1200000000000001,"The latest electric car model Bose arranged that, that exceeds 300 miles on a single charge.",0
10019,single,5.44,5.76,0.3199999999999994,"The latest electric car model Bose arranged that, that exceeds 300 miles on a single charge.",0
10019,charge.,5.76,6.22,0.4599999999999999,"The latest electric car model Bose arranged that, that exceeds 300 miles on a single charge.",0
10058,The,0.0,0.12,0.12,The new smartphone features a larger screen and improved battery life.,0
10058,new,0.12,0.28,0.16,The new smartphone features a larger screen and improved battery life.,0
10058,smartphone,0.28,0.82,0.5399999999999999,The new smartphone features a larger screen and improved battery life.,0
10058,features,0.82,1.42,0.6,The new smartphone features a larger screen and improved battery life.,0
10058,a,1.42,1.74,0.32,The new smartphone features a larger screen and improved battery life.,0
10058,larger,1.74,2.0,0.26,The new smartphone features a larger screen and improved battery life.,0
10058,screen,2.0,2.4,0.3999999999999999,The new smartphone features a larger screen and improved battery life.,0
10058,and,2.4,2.56,0.1600000000000001,The new smartphone features a larger screen and improved battery life.,0
10058,improved,2.56,3.22,0.6600000000000001,The new smartphone features a larger screen and improved battery life.,0
10058,battery,3.22,4.14,0.9199999999999996,The new smartphone features a larger screen and improved battery life.,0
10058,life.,4.14,4.76,0.6200000000000001,The new smartphone features a larger screen and improved battery life.,0
10074,How,0.0,0.16,0.16,How do you think technological advancements will shape the job market in the coming decades?,0
10074,do,0.16,0.32,0.16,How do you think technological advancements will shape the job market in the coming decades?,0
10074,you,0.32,0.4,0.08,How do you think technological advancements will shape the job market in the coming decades?,0
10074,think,0.4,0.58,0.1799999999999999,How do you think technological advancements will shape the job market in the coming decades?,0
10074,technological,0.58,1.18,0.6,How do you think technological advancements will shape the job market in the coming decades?,0
10074,advancements,1.18,2.14,0.9600000000000002,How do you think technological advancements will shape the job market in the coming decades?,0
10074,will,2.14,2.26,0.1199999999999996,How do you think technological advancements will shape the job market in the coming decades?,0
10074,shape,2.26,2.58,0.3200000000000003,How do you think technological advancements will shape the job market in the coming decades?,0
10074,the,2.58,2.9,0.3199999999999998,How do you think technological advancements will shape the job market in the coming decades?,0
10074,job,2.9,3.34,0.4399999999999999,How do you think technological advancements will shape the job market in the coming decades?,0
10074,market,3.34,3.76,0.4199999999999999,How do you think technological advancements will shape the job market in the coming decades?,0
10074,in,3.76,3.96,0.2000000000000001,How do you think technological advancements will shape the job market in the coming decades?,0
10074,the,3.96,4.08,0.1200000000000001,How do you think technological advancements will shape the job market in the coming decades?,0
10074,coming,4.08,4.38,0.2999999999999998,How do you think technological advancements will shape the job market in the coming decades?,0
10074,decades?,4.38,4.9,0.5200000000000005,How do you think technological advancements will shape the job market in the coming decades?,0
10062,By,0.0,0.16,0.16,"By optimizing our supplied chain, we can reduce costs and improve delivery, delivery times significantly.",0
10062,optimizing,0.16,0.9,0.74,"By optimizing our supplied chain, we can reduce costs and improve delivery, delivery times significantly.",0
10062,our,0.9,1.16,0.2599999999999999,"By optimizing our supplied chain, we can reduce costs and improve delivery, delivery times significantly.",0
10062,supplied,1.16,1.56,0.4000000000000001,"By optimizing our supplied chain, we can reduce costs and improve delivery, delivery times significantly.",0
10062,"chain,",1.56,2.0,0.4399999999999999,"By optimizing our supplied chain, we can reduce costs and improve delivery, delivery times significantly.",0
10062,we,2.22,2.3,0.0799999999999996,"By optimizing our supplied chain, we can reduce costs and improve delivery, delivery times significantly.",0
10062,can,2.3,2.46,0.1600000000000001,"By optimizing our supplied chain, we can reduce costs and improve delivery, delivery times significantly.",0
10062,reduce,2.46,2.78,0.3199999999999998,"By optimizing our supplied chain, we can reduce costs and improve delivery, delivery times significantly.",0
10062,costs,2.78,3.16,0.3800000000000003,"By optimizing our supplied chain, we can reduce costs and improve delivery, delivery times significantly.",0
10062,and,3.16,3.4,0.2399999999999997,"By optimizing our supplied chain, we can reduce costs and improve delivery, delivery times significantly.",0
10062,improve,3.4,3.76,0.3599999999999999,"By optimizing our supplied chain, we can reduce costs and improve delivery, delivery times significantly.",0
10062,"delivery,",3.76,4.38,0.6200000000000001,"By optimizing our supplied chain, we can reduce costs and improve delivery, delivery times significantly.",0
10062,delivery,4.68,5.1,0.4199999999999999,"By optimizing our supplied chain, we can reduce costs and improve delivery, delivery times significantly.",0
10062,times,5.1,5.6,0.5,"By optimizing our supplied chain, we can reduce costs and improve delivery, delivery times significantly.",0
10062,significantly.,5.6,6.32,0.7200000000000006,"By optimizing our supplied chain, we can reduce costs and improve delivery, delivery times significantly.",0
10146,If,0.0,0.2,0.2,"If we implement these process improvements, we should see a notable increase in efficiency.",0
10146,we,0.2,0.28,0.08,"If we implement these process improvements, we should see a notable increase in efficiency.",0
10146,implement,0.28,0.58,0.2999999999999999,"If we implement these process improvements, we should see a notable increase in efficiency.",0
10146,these,0.58,0.8,0.22,"If we implement these process improvements, we should see a notable increase in efficiency.",0
10146,process,0.8,1.2,0.3999999999999999,"If we implement these process improvements, we should see a notable increase in efficiency.",0
10146,"improvements,",1.2,1.72,0.52,"If we implement these process improvements, we should see a notable increase in efficiency.",0
10146,we,2.38,2.66,0.2800000000000002,"If we implement these process improvements, we should see a notable increase in efficiency.",0
10146,should,2.66,2.78,0.1199999999999996,"If we implement these process improvements, we should see a notable increase in efficiency.",0
10146,see,2.78,2.92,0.1400000000000001,"If we implement these process improvements, we should see a notable increase in efficiency.",0
10146,a,2.92,3.0,0.08,"If we implement these process improvements, we should see a notable increase in efficiency.",0
10146,notable,3.0,3.36,0.3599999999999999,"If we implement these process improvements, we should see a notable increase in efficiency.",0
10146,increase,3.36,3.8,0.4399999999999999,"If we implement these process improvements, we should see a notable increase in efficiency.",0
10146,in,3.8,4.14,0.3399999999999998,"If we implement these process improvements, we should see a notable increase in efficiency.",0
10146,efficiency.,4.14,4.88,0.7400000000000002,"If we implement these process improvements, we should see a notable increase in efficiency.",0
10078,companies',0.0,0.66,0.66,companies' innovative approach as revolutionized the way we think about sustainable energy.,0
10078,innovative,0.88,1.24,0.36,companies' innovative approach as revolutionized the way we think about sustainable energy.,0
10078,approach,1.24,1.7,0.4599999999999999,companies' innovative approach as revolutionized the way we think about sustainable energy.,0
10078,as,1.7,2.0,0.3,companies' innovative approach as revolutionized the way we think about sustainable energy.,0
10078,revolutionized,2.0,2.84,0.8399999999999999,companies' innovative approach as revolutionized the way we think about sustainable energy.,0
10078,the,2.84,3.0,0.1600000000000001,companies' innovative approach as revolutionized the way we think about sustainable energy.,0
10078,way,3.0,3.16,0.1600000000000001,companies' innovative approach as revolutionized the way we think about sustainable energy.,0
10078,we,3.16,3.38,0.2199999999999997,companies' innovative approach as revolutionized the way we think about sustainable energy.,0
10078,think,3.38,3.84,0.4599999999999999,companies' innovative approach as revolutionized the way we think about sustainable energy.,0
10078,about,3.84,4.24,0.4000000000000003,companies' innovative approach as revolutionized the way we think about sustainable energy.,0
10078,sustainable,4.24,4.96,0.7199999999999998,companies' innovative approach as revolutionized the way we think about sustainable energy.,0
10078,energy.,4.96,5.56,0.5999999999999996,companies' innovative approach as revolutionized the way we think about sustainable energy.,0
1012,They,0.0,0.14,0.14,They will will arrive tomorrow.,0
1012,will,0.14,0.4,0.26,They will will arrive tomorrow.,0
1012,will,0.4,0.7,0.2999999999999999,They will will arrive tomorrow.,0
1012,arrive,0.7,1.0,0.3,They will will arrive tomorrow.,0
1012,tomorrow.,1.0,1.36,0.3600000000000001,They will will arrive tomorrow.,0
10038,The,0.0,0.14,0.14,"The committee will review all, or proposals before making a final decision.",0
10038,committee,0.14,0.54,0.4,"The committee will review all, or proposals before making a final decision.",0
10038,will,0.54,0.78,0.24,"The committee will review all, or proposals before making a final decision.",0
10038,review,0.78,1.08,0.3,"The committee will review all, or proposals before making a final decision.",0
10038,"all,",1.08,1.44,0.3599999999999999,"The committee will review all, or proposals before making a final decision.",0
10038,or,1.84,1.96,0.1199999999999998,"The committee will review all, or proposals before making a final decision.",0
10038,proposals,1.96,2.44,0.48,"The committee will review all, or proposals before making a final decision.",0
10038,before,2.44,2.86,0.4199999999999999,"The committee will review all, or proposals before making a final decision.",0
10038,making,2.86,3.22,0.3600000000000003,"The committee will review all, or proposals before making a final decision.",0
10038,a,3.22,3.4,0.1799999999999997,"The committee will review all, or proposals before making a final decision.",0
10038,final,3.4,3.68,0.2800000000000002,"The committee will review all, or proposals before making a final decision.",0
10038,decision.,3.68,4.18,0.4999999999999995,"The committee will review all, or proposals before making a final decision.",0
10096,How,0.0,0.22,0.22,How can we effectively measure the impact of our marketing campaigns on consumer behavior?,0
10096,can,0.22,0.38,0.16,How can we effectively measure the impact of our marketing campaigns on consumer behavior?,0
10096,we,0.38,0.6,0.2199999999999999,How can we effectively measure the impact of our marketing campaigns on consumer behavior?,0
10096,effectively,0.6,1.0,0.4,How can we effectively measure the impact of our marketing campaigns on consumer behavior?,0
10096,measure,1.0,1.52,0.52,How can we effectively measure the impact of our marketing campaigns on consumer behavior?,0
10096,the,1.52,1.78,0.26,How can we effectively measure the impact of our marketing campaigns on consumer behavior?,0
10096,impact,1.78,2.1,0.32,How can we effectively measure the impact of our marketing campaigns on consumer behavior?,0
10096,of,2.1,2.34,0.2399999999999997,How can we effectively measure the impact of our marketing campaigns on consumer behavior?,0
10096,our,2.34,2.44,0.1,How can we effectively measure the impact of our marketing campaigns on consumer behavior?,0
10096,marketing,2.44,2.84,0.3999999999999999,How can we effectively measure the impact of our marketing campaigns on consumer behavior?,0
10096,campaigns,2.84,3.38,0.54,How can we effectively measure the impact of our marketing campaigns on consumer behavior?,0
10096,on,3.38,3.9,0.52,How can we effectively measure the impact of our marketing campaigns on consumer behavior?,0
10096,consumer,3.9,4.6,0.6999999999999997,How can we effectively measure the impact of our marketing campaigns on consumer behavior?,0
10096,behavior?,4.6,5.18,0.5800000000000001,How can we effectively measure the impact of our marketing campaigns on consumer behavior?,0
10281,The,0.0,0.1,0.1,The latest software update should resolve this issue.,0
10281,latest,0.1,0.4,0.3,The latest software update should resolve this issue.,0
10281,software,0.4,0.96,0.5599999999999999,The latest software update should resolve this issue.,0
10281,update,0.96,1.38,0.4199999999999999,The latest software update should resolve this issue.,0
10281,should,1.38,1.82,0.4400000000000001,The latest software update should resolve this issue.,0
10281,resolve,1.82,2.9,1.0799999999999998,The latest software update should resolve this issue.,0
10281,this,2.9,3.22,0.3200000000000003,The latest software update should resolve this issue.,0
10281,issue.,3.22,3.6,0.3799999999999999,The latest software update should resolve this issue.,0
10126,The,0.0,0.12,0.12,The new employee orientation program will be conducted,0
10126,new,0.12,0.3,0.18,The new employee orientation program will be conducted,0
10126,employee,0.3,0.82,0.52,The new employee orientation program will be conducted,0
10126,orientation,0.82,1.46,0.64,The new employee orientation program will be conducted,0
10126,program,1.46,2.22,0.7600000000000002,The new employee orientation program will be conducted,0
10126,will,2.22,2.42,0.1999999999999997,The new employee orientation program will be conducted,0
10126,be,2.42,2.54,0.1200000000000001,The new employee orientation program will be conducted,0
10126,conducted,2.54,3.02,0.48,The new employee orientation program will be conducted,0
10126,virtually,3.02,3.5,0.48,virtually due to current circumstances.,0
10126,due,3.5,3.86,0.3599999999999999,virtually due to current circumstances.,0
10126,to,3.86,4.36,0.5000000000000004,virtually due to current circumstances.,0
10126,current,4.36,4.98,0.6200000000000001,virtually due to current circumstances.,0
10126,circumstances.,4.98,5.92,0.9399999999999996,virtually due to current circumstances.,0
10022,If,0.0,0.16,0.16,"If we had invested in that startup, we would have seen significant returns by now.",0
10022,we,0.16,0.26,0.1,"If we had invested in that startup, we would have seen significant returns by now.",0
10022,had,0.26,0.38,0.12,"If we had invested in that startup, we would have seen significant returns by now.",0
10022,invested,0.38,0.86,0.48,"If we had invested in that startup, we would have seen significant returns by now.",0
10022,in,0.86,1.1,0.2400000000000001,"If we had invested in that startup, we would have seen significant returns by now.",0
10022,that,1.1,1.26,0.1599999999999999,"If we had invested in that startup, we would have seen significant returns by now.",0
10022,"startup,",1.26,1.78,0.52,"If we had invested in that startup, we would have seen significant returns by now.",0
10022,we,2.26,2.34,0.08,"If we had invested in that startup, we would have seen significant returns by now.",0
10022,would,2.34,2.6,0.2600000000000002,"If we had invested in that startup, we would have seen significant returns by now.",0
10022,have,2.6,2.9,0.2999999999999998,"If we had invested in that startup, we would have seen significant returns by now.",0
10022,seen,2.9,3.78,0.8799999999999999,"If we had invested in that startup, we would have seen significant returns by now.",0
10022,significant,3.78,4.42,0.6400000000000001,"If we had invested in that startup, we would have seen significant returns by now.",0
10022,returns,4.42,4.98,0.5600000000000005,"If we had invested in that startup, we would have seen significant returns by now.",0
10022,by,4.98,5.2,0.2199999999999997,"If we had invested in that startup, we would have seen significant returns by now.",0
10022,now.,5.2,5.48,0.2800000000000002,"If we had invested in that startup, we would have seen significant returns by now.",0
10101,that,0.0,0.14,0.14,that companies commitment to sustainability has resulted in significant reductions in,0
10101,companies,0.14,0.6,0.4599999999999999,that companies commitment to sustainability has resulted in significant reductions in,0
10101,commitment,0.6,1.24,0.64,that companies commitment to sustainability has resulted in significant reductions in,0
10101,to,1.24,1.52,0.28,that companies commitment to sustainability has resulted in significant reductions in,0
10101,sustainability,1.52,2.3,0.7799999999999998,that companies commitment to sustainability has resulted in significant reductions in,0
10101,has,2.3,2.86,0.56,that companies commitment to sustainability has resulted in significant reductions in,0
10101,resulted,2.86,3.44,0.5800000000000001,that companies commitment to sustainability has resulted in significant reductions in,0
10101,in,3.44,3.68,0.2400000000000002,that companies commitment to sustainability has resulted in significant reductions in,0
10101,significant,3.68,4.3,0.6199999999999997,that companies commitment to sustainability has resulted in significant reductions in,0
10101,reductions,4.3,5.04,0.7400000000000002,that companies commitment to sustainability has resulted in significant reductions in,0
10101,in,5.04,5.46,0.4199999999999999,that companies commitment to sustainability has resulted in significant reductions in,0
10101,carbon,5.46,6.26,0.7999999999999998,carbon emissions.,0
10101,emissions.,6.26,6.64,0.3799999999999999,carbon emissions.,0
10,darad,0.0,0.18,0.18,darad wneud yr temp ar ffyniad cael ei ard ..,0
10,wneud,0.18,0.78,0.6000000000000001,darad wneud yr temp ar ffyniad cael ei ard ..,0
10,yr,0.78,0.84,0.0599999999999999,darad wneud yr temp ar ffyniad cael ei ard ..,0
10,temp,0.84,1.16,0.3199999999999999,darad wneud yr temp ar ffyniad cael ei ard ..,0
10,ar,1.16,1.16,0.0,darad wneud yr temp ar ffyniad cael ei ard ..,0
10,ffyniad,1.16,1.54,0.3800000000000001,darad wneud yr temp ar ffyniad cael ei ard ..,0
10,cael,1.54,1.54,0.0,darad wneud yr temp ar ffyniad cael ei ard ..,0
10,ei,1.54,1.54,0.0,darad wneud yr temp ar ffyniad cael ei ard ..,0
10,ard,1.54,1.54,0.0,darad wneud yr temp ar ffyniad cael ei ard ..,0
10,..,1.54,1.54,0.0,darad wneud yr temp ar ffyniad cael ei ard ..,0
10117,The,0.0,0.14,0.14,The company CEO announced that they would be expanding into new markets next year.,0
10117,company,0.14,0.52,0.38,The company CEO announced that they would be expanding into new markets next year.,0
10117,CEO,0.52,0.98,0.4599999999999999,The company CEO announced that they would be expanding into new markets next year.,0
10117,announced,0.98,1.28,0.3,The company CEO announced that they would be expanding into new markets next year.,0
10117,that,1.28,1.54,0.26,The company CEO announced that they would be expanding into new markets next year.,0
10117,they,1.54,1.68,0.1399999999999999,The company CEO announced that they would be expanding into new markets next year.,0
10117,would,1.68,1.82,0.1400000000000001,The company CEO announced that they would be expanding into new markets next year.,0
10117,be,1.82,2.0,0.1799999999999999,The company CEO announced that they would be expanding into new markets next year.,0
10117,expanding,2.0,2.52,0.52,The company CEO announced that they would be expanding into new markets next year.,0
10117,into,2.52,3.62,1.1,The company CEO announced that they would be expanding into new markets next year.,0
10117,new,3.62,3.88,0.2599999999999998,The company CEO announced that they would be expanding into new markets next year.,0
10117,markets,3.88,4.3,0.4199999999999999,The company CEO announced that they would be expanding into new markets next year.,0
10117,next,4.3,4.62,0.3200000000000003,The company CEO announced that they would be expanding into new markets next year.,0
10117,year.,4.62,4.96,0.3399999999999998,The company CEO announced that they would be expanding into new markets next year.,0
10245,Could,0.0,0.16,0.16,Could you please provide more information about the project requirements?,0
10245,you,0.16,0.28,0.12,Could you please provide more information about the project requirements?,0
10245,please,0.28,0.54,0.26,Could you please provide more information about the project requirements?,0
10245,provide,0.54,0.96,0.4199999999999999,Could you please provide more information about the project requirements?,0
10245,more,0.96,1.4,0.4399999999999999,Could you please provide more information about the project requirements?,0
10245,information,1.4,2.6,1.2000000000000002,Could you please provide more information about the project requirements?,0
10245,about,2.6,3.0,0.3999999999999999,Could you please provide more information about the project requirements?,0
10245,the,3.0,3.14,0.1400000000000001,Could you please provide more information about the project requirements?,0
10245,project,3.14,3.54,0.3999999999999999,Could you please provide more information about the project requirements?,0
10245,requirements?,3.54,4.24,0.7000000000000002,Could you please provide more information about the project requirements?,0
10212,Climate,0.0,0.24,0.24,Climate change climate change is affecting biodiversity and ecosystems on a global scale.,0
10212,change,0.24,0.66,0.42,Climate change climate change is affecting biodiversity and ecosystems on a global scale.,0
10212,climate,0.66,1.06,0.4,Climate change climate change is affecting biodiversity and ecosystems on a global scale.,0
10212,change,1.06,1.48,0.4199999999999999,Climate change climate change is affecting biodiversity and ecosystems on a global scale.,0
10212,is,1.48,1.66,0.1799999999999999,Climate change climate change is affecting biodiversity and ecosystems on a global scale.,0
10212,affecting,1.66,2.1,0.4400000000000001,Climate change climate change is affecting biodiversity and ecosystems on a global scale.,0
10212,biodiversity,2.1,2.72,0.6200000000000001,Climate change climate change is affecting biodiversity and ecosystems on a global scale.,0
10212,and,2.72,3.38,0.6599999999999997,Climate change climate change is affecting biodiversity and ecosystems on a global scale.,0
10212,ecosystems,3.38,3.72,0.3400000000000003,Climate change climate change is affecting biodiversity and ecosystems on a global scale.,0
10212,on,3.72,4.26,0.5399999999999996,Climate change climate change is affecting biodiversity and ecosystems on a global scale.,0
10212,a,4.26,4.36,0.1000000000000005,Climate change climate change is affecting biodiversity and ecosystems on a global scale.,0
10212,global,4.36,4.64,0.2799999999999993,Climate change climate change is affecting biodiversity and ecosystems on a global scale.,0
10212,scale.,4.64,5.1,0.4599999999999999,Climate change climate change is affecting biodiversity and ecosystems on a global scale.,0
1034,The,0.0,0.12,0.12,The letter was was sent by Currier.,0
1034,letter,0.12,0.46,0.34,The letter was was sent by Currier.,0
1034,was,0.46,0.82,0.3599999999999999,The letter was was sent by Currier.,0
1034,was,0.82,1.14,0.3199999999999999,The letter was was sent by Currier.,0
1034,sent,1.14,1.44,0.3,The letter was was sent by Currier.,0
1034,by,1.44,1.7,0.26,The letter was was sent by Currier.,0
1034,Currier.,1.7,2.28,0.5799999999999998,The letter was was sent by Currier.,0
10025,The,0.0,0.16,0.16,The new energy policy aims to promote renewable sources and reduce fossil fuel dependence.,0
10025,new,0.16,0.36,0.1999999999999999,The new energy policy aims to promote renewable sources and reduce fossil fuel dependence.,0
10025,energy,0.36,0.82,0.4599999999999999,The new energy policy aims to promote renewable sources and reduce fossil fuel dependence.,0
10025,policy,0.82,1.4,0.58,The new energy policy aims to promote renewable sources and reduce fossil fuel dependence.,0
10025,aims,1.4,1.78,0.3800000000000001,The new energy policy aims to promote renewable sources and reduce fossil fuel dependence.,0
10025,to,1.78,2.1,0.32,The new energy policy aims to promote renewable sources and reduce fossil fuel dependence.,0
10025,promote,2.1,2.46,0.3599999999999999,The new energy policy aims to promote renewable sources and reduce fossil fuel dependence.,0
10025,renewable,2.46,2.94,0.48,The new energy policy aims to promote renewable sources and reduce fossil fuel dependence.,0
10025,sources,2.94,3.52,0.5800000000000001,The new energy policy aims to promote renewable sources and reduce fossil fuel dependence.,0
10025,and,3.52,3.98,0.4599999999999999,The new energy policy aims to promote renewable sources and reduce fossil fuel dependence.,0
10025,reduce,3.98,4.56,0.5799999999999996,The new energy policy aims to promote renewable sources and reduce fossil fuel dependence.,0
10025,fossil,4.56,5.18,0.6200000000000001,The new energy policy aims to promote renewable sources and reduce fossil fuel dependence.,0
10025,fuel,5.18,5.5,0.3200000000000003,The new energy policy aims to promote renewable sources and reduce fossil fuel dependence.,0
10025,dependence.,5.5,6.14,0.6399999999999997,The new energy policy aims to promote renewable sources and reduce fossil fuel dependence.,0
10249,The,0.0,0.1,0.1,The report was comprehensive and well-earched.,0
10249,report,0.1,0.44,0.3399999999999999,The report was comprehensive and well-earched.,0
10249,was,0.44,0.9,0.46,The report was comprehensive and well-earched.,0
10249,comprehensive,0.9,1.54,0.64,The report was comprehensive and well-earched.,0
10249,and,1.54,2.42,0.8799999999999999,The report was comprehensive and well-earched.,0
10249,well,2.42,2.8,0.3799999999999999,The report was comprehensive and well-earched.,0
10249,-earched.,2.8,3.84,1.04,The report was comprehensive and well-earched.,0
10032,Pwa,0.0,0.46,0.46,Pwa köfr selected has had undes flawed since then.,0
10032,köfr,0.46,0.76,0.3,Pwa köfr selected has had undes flawed since then.,0
10032,selected,0.76,0.84,0.0799999999999999,Pwa köfr selected has had undes flawed since then.,0
10032,has,0.84,1.66,0.82,Pwa köfr selected has had undes flawed since then.,0
10032,had,1.66,2.2,0.5400000000000003,Pwa köfr selected has had undes flawed since then.,0
10032,undes,2.2,2.72,0.52,Pwa köfr selected has had undes flawed since then.,0
10032,flawed,2.72,2.88,0.1599999999999997,Pwa köfr selected has had undes flawed since then.,0
10032,since,2.88,4.16,1.2800000000000002,Pwa köfr selected has had undes flawed since then.,0
10032,then.,4.16,4.54,0.3799999999999999,Pwa köfr selected has had undes flawed since then.,0
10136,The,0.0,0.16,0.16,"The new software update, which includes several security enhancements, will be released",0
10136,new,0.16,0.34,0.18,"The new software update, which includes several security enhancements, will be released",0
10136,software,0.34,0.76,0.42,"The new software update, which includes several security enhancements, will be released",0
10136,"update,",0.76,1.26,0.5,"The new software update, which includes several security enhancements, will be released",0
10136,which,1.58,1.82,0.24,"The new software update, which includes several security enhancements, will be released",0
10136,includes,1.82,2.28,0.4599999999999997,"The new software update, which includes several security enhancements, will be released",0
10136,several,2.28,2.62,0.3400000000000003,"The new software update, which includes several security enhancements, will be released",0
10136,security,2.62,3.28,0.6599999999999997,"The new software update, which includes several security enhancements, will be released",0
10136,"enhancements,",3.28,4.22,0.94,"The new software update, which includes several security enhancements, will be released",0
10136,will,4.4,4.72,0.3199999999999994,"The new software update, which includes several security enhancements, will be released",0
10136,be,4.72,4.92,0.2000000000000001,"The new software update, which includes several security enhancements, will be released",0
10136,released,4.92,5.4,0.4800000000000004,"The new software update, which includes several security enhancements, will be released",0
10233,Not,0.0,0.22,0.22,"Not only did the campaign exceed its fundraising goal, but it also raised awareness for the cause.",0
10233,only,0.22,0.58,0.36,"Not only did the campaign exceed its fundraising goal, but it also raised awareness for the cause.",0
10233,did,0.58,0.8,0.22,"Not only did the campaign exceed its fundraising goal, but it also raised awareness for the cause.",0
10233,the,0.8,0.96,0.1599999999999999,"Not only did the campaign exceed its fundraising goal, but it also raised awareness for the cause.",0
10233,campaign,0.96,1.4,0.4399999999999999,"Not only did the campaign exceed its fundraising goal, but it also raised awareness for the cause.",0
10233,exceed,1.4,1.84,0.4400000000000001,"Not only did the campaign exceed its fundraising goal, but it also raised awareness for the cause.",0
10233,its,1.84,2.1,0.26,"Not only did the campaign exceed its fundraising goal, but it also raised awareness for the cause.",0
10233,fundraising,2.1,2.5,0.3999999999999999,"Not only did the campaign exceed its fundraising goal, but it also raised awareness for the cause.",0
10233,"goal,",2.5,3.02,0.52,"Not only did the campaign exceed its fundraising goal, but it also raised awareness for the cause.",0
10233,but,4.0,4.14,0.1399999999999996,"Not only did the campaign exceed its fundraising goal, but it also raised awareness for the cause.",0
10233,it,4.14,5.02,0.8799999999999999,"Not only did the campaign exceed its fundraising goal, but it also raised awareness for the cause.",0
10233,also,5.02,5.34,0.3200000000000003,"Not only did the campaign exceed its fundraising goal, but it also raised awareness for the cause.",0
10233,raised,5.34,5.66,0.3200000000000003,"Not only did the campaign exceed its fundraising goal, but it also raised awareness for the cause.",0
10233,awareness,5.66,6.06,0.3999999999999994,"Not only did the campaign exceed its fundraising goal, but it also raised awareness for the cause.",0
10233,for,6.06,6.4,0.3400000000000007,"Not only did the campaign exceed its fundraising goal, but it also raised awareness for the cause.",0
10233,the,6.4,6.5,0.0999999999999996,"Not only did the campaign exceed its fundraising goal, but it also raised awareness for the cause.",0
10233,cause.,6.5,6.84,0.3399999999999998,"Not only did the campaign exceed its fundraising goal, but it also raised awareness for the cause.",0
10053,The,0.0,0.12,0.12,"The museum's new exhibit features artifacts from ancient, ancient civilizations.",0
10053,museum's,0.12,0.6,0.48,"The museum's new exhibit features artifacts from ancient, ancient civilizations.",0
10053,new,0.6,0.72,0.12,"The museum's new exhibit features artifacts from ancient, ancient civilizations.",0
10053,exhibit,0.72,1.08,0.3600000000000001,"The museum's new exhibit features artifacts from ancient, ancient civilizations.",0
10053,features,1.08,1.5,0.4199999999999999,"The museum's new exhibit features artifacts from ancient, ancient civilizations.",0
10053,artifacts,1.5,2.04,0.54,"The museum's new exhibit features artifacts from ancient, ancient civilizations.",0
10053,from,2.04,2.44,0.3999999999999999,"The museum's new exhibit features artifacts from ancient, ancient civilizations.",0
10053,"ancient,",2.44,2.96,0.52,"The museum's new exhibit features artifacts from ancient, ancient civilizations.",0
10053,ancient,3.24,3.56,0.3199999999999998,"The museum's new exhibit features artifacts from ancient, ancient civilizations.",0
10053,civilizations.,3.56,4.28,0.7200000000000002,"The museum's new exhibit features artifacts from ancient, ancient civilizations.",0
10004,The,0.0,0.14,0.14,The company's sales have increased by 20% compared to last quarter's results.,0
10004,company's,0.14,1.06,0.92,The company's sales have increased by 20% compared to last quarter's results.,0
10004,sales,1.06,1.34,0.28,The company's sales have increased by 20% compared to last quarter's results.,0
10004,have,1.34,1.66,0.3199999999999998,The company's sales have increased by 20% compared to last quarter's results.,0
10004,increased,1.66,2.14,0.4800000000000002,The company's sales have increased by 20% compared to last quarter's results.,0
10004,by,2.14,2.58,0.4399999999999999,The company's sales have increased by 20% compared to last quarter's results.,0
10004,20,2.58,3.18,0.6000000000000001,The company's sales have increased by 20% compared to last quarter's results.,0
10004,%,3.18,3.76,0.5799999999999996,The company's sales have increased by 20% compared to last quarter's results.,0
10004,compared,3.76,4.34,0.5800000000000001,The company's sales have increased by 20% compared to last quarter's results.,0
10004,to,4.34,4.9,0.5600000000000005,The company's sales have increased by 20% compared to last quarter's results.,0
10004,last,4.9,5.88,0.9799999999999996,The company's sales have increased by 20% compared to last quarter's results.,0
10004,quarter's,5.88,6.76,0.8799999999999999,The company's sales have increased by 20% compared to last quarter's results.,0
10004,results.,6.76,7.26,0.5,The company's sales have increased by 20% compared to last quarter's results.,0
10012,The,0.0,0.14,0.14,The documentary which explores environmental issues will be aired next week.,0
10012,documentary,0.14,0.82,0.6799999999999999,The documentary which explores environmental issues will be aired next week.,0
10012,which,0.82,1.44,0.62,The documentary which explores environmental issues will be aired next week.,0
10012,explores,1.44,1.98,0.54,The documentary which explores environmental issues will be aired next week.,0
10012,environmental,1.98,2.64,0.6600000000000001,The documentary which explores environmental issues will be aired next week.,0
10012,issues,2.64,3.5,0.8599999999999999,The documentary which explores environmental issues will be aired next week.,0
10012,will,3.5,3.9,0.3999999999999999,The documentary which explores environmental issues will be aired next week.,0
10012,be,3.9,4.12,0.2200000000000002,The documentary which explores environmental issues will be aired next week.,0
10012,aired,4.12,5.42,1.2999999999999998,The documentary which explores environmental issues will be aired next week.,0
10012,next,5.42,5.86,0.4400000000000004,The documentary which explores environmental issues will be aired next week.,0
10012,week.,5.86,6.18,0.3199999999999994,The documentary which explores environmental issues will be aired next week.,0
10045,The,0.0,0.14,0.14,The restaurant offers a wide variety of vegetarian and vegan options.,0
10045,restaurant,0.14,0.6,0.4599999999999999,The restaurant offers a wide variety of vegetarian and vegan options.,0
10045,offers,0.6,1.16,0.5599999999999999,The restaurant offers a wide variety of vegetarian and vegan options.,0
10045,a,1.16,1.6,0.4400000000000001,The restaurant offers a wide variety of vegetarian and vegan options.,0
10045,wide,1.6,1.98,0.3799999999999999,The restaurant offers a wide variety of vegetarian and vegan options.,0
10045,variety,1.98,2.56,0.5800000000000001,The restaurant offers a wide variety of vegetarian and vegan options.,0
10045,of,2.56,2.88,0.3199999999999998,The restaurant offers a wide variety of vegetarian and vegan options.,0
10045,vegetarian,2.88,3.54,0.6600000000000001,The restaurant offers a wide variety of vegetarian and vegan options.,0
10045,and,3.54,4.18,0.6399999999999997,The restaurant offers a wide variety of vegetarian and vegan options.,0
10045,vegan,4.18,5.12,0.9400000000000004,The restaurant offers a wide variety of vegetarian and vegan options.,0
10045,options.,5.12,5.76,0.6399999999999997,The restaurant offers a wide variety of vegetarian and vegan options.,0
10178,Our,0.0,0.22,0.22,"Our teams, our teams, innovative approach has revolutionized the industry.",0
10178,"teams,",0.22,0.6,0.38,"Our teams, our teams, innovative approach has revolutionized the industry.",0
10178,our,0.6,0.86,0.26,"Our teams, our teams, innovative approach has revolutionized the industry.",0
10178,"teams,",0.86,1.34,0.4800000000000001,"Our teams, our teams, innovative approach has revolutionized the industry.",0
10178,innovative,1.6,1.92,0.3199999999999998,"Our teams, our teams, innovative approach has revolutionized the industry.",0
10178,approach,1.92,2.54,0.6200000000000001,"Our teams, our teams, innovative approach has revolutionized the industry.",0
10178,has,2.54,2.9,0.3599999999999999,"Our teams, our teams, innovative approach has revolutionized the industry.",0
10178,revolutionized,2.9,3.76,0.8599999999999999,"Our teams, our teams, innovative approach has revolutionized the industry.",0
10178,the,3.76,3.96,0.2000000000000001,"Our teams, our teams, innovative approach has revolutionized the industry.",0
10178,industry.,3.96,4.54,0.5800000000000001,"Our teams, our teams, innovative approach has revolutionized the industry.",0
10085,How,0.0,0.12,0.12,How do you think artificial intelligence will impact the job market in the coming years?,0
10085,do,0.12,0.22,0.1,How do you think artificial intelligence will impact the job market in the coming years?,0
10085,you,0.22,0.32,0.1,How do you think artificial intelligence will impact the job market in the coming years?,0
10085,think,0.32,0.54,0.22,How do you think artificial intelligence will impact the job market in the coming years?,0
10085,artificial,0.54,1.02,0.48,How do you think artificial intelligence will impact the job market in the coming years?,0
10085,intelligence,1.02,1.8,0.78,How do you think artificial intelligence will impact the job market in the coming years?,0
10085,will,1.8,2.02,0.2199999999999999,How do you think artificial intelligence will impact the job market in the coming years?,0
10085,impact,2.02,2.4,0.3799999999999999,How do you think artificial intelligence will impact the job market in the coming years?,0
10085,the,2.4,2.58,0.1800000000000001,How do you think artificial intelligence will impact the job market in the coming years?,0
10085,job,2.58,2.72,0.1400000000000001,How do you think artificial intelligence will impact the job market in the coming years?,0
10085,market,2.72,3.02,0.2999999999999998,How do you think artificial intelligence will impact the job market in the coming years?,0
10085,in,3.02,3.28,0.2599999999999998,How do you think artificial intelligence will impact the job market in the coming years?,0
10085,the,3.28,3.6,0.3200000000000003,How do you think artificial intelligence will impact the job market in the coming years?,0
10085,coming,3.6,4.4,0.8000000000000003,How do you think artificial intelligence will impact the job market in the coming years?,0
10085,years?,4.4,4.78,0.3799999999999999,How do you think artificial intelligence will impact the job market in the coming years?,0
10247,Did,0.0,0.14,0.14,Did the CEO announce a new strategic partnership yesterday?,0
10247,the,0.14,0.3,0.1599999999999999,Did the CEO announce a new strategic partnership yesterday?,0
10247,CEO,0.3,0.64,0.34,Did the CEO announce a new strategic partnership yesterday?,0
10247,announce,0.64,1.04,0.4,Did the CEO announce a new strategic partnership yesterday?,0
10247,a,1.04,1.3,0.26,Did the CEO announce a new strategic partnership yesterday?,0
10247,new,1.3,1.44,0.1399999999999999,Did the CEO announce a new strategic partnership yesterday?,0
10247,strategic,1.44,1.96,0.52,Did the CEO announce a new strategic partnership yesterday?,0
10247,partnership,1.96,2.46,0.5,Did the CEO announce a new strategic partnership yesterday?,0
10247,yesterday?,2.46,3.08,0.6200000000000001,Did the CEO announce a new strategic partnership yesterday?,0
10154,If,0.0,0.14,0.14,"If you had submitted your proposal earlier, we could have included it in the current, current budget.",0
10154,you,0.14,0.2,0.06,"If you had submitted your proposal earlier, we could have included it in the current, current budget.",0
10154,had,0.2,0.28,0.08,"If you had submitted your proposal earlier, we could have included it in the current, current budget.",0
10154,submitted,0.28,0.46,0.18,"If you had submitted your proposal earlier, we could have included it in the current, current budget.",0
10154,your,0.46,0.7,0.2399999999999999,"If you had submitted your proposal earlier, we could have included it in the current, current budget.",0
10154,proposal,0.7,1.04,0.3400000000000001,"If you had submitted your proposal earlier, we could have included it in the current, current budget.",0
10154,"earlier,",1.04,1.46,0.4199999999999999,"If you had submitted your proposal earlier, we could have included it in the current, current budget.",0
10154,we,1.88,1.94,0.06,"If you had submitted your proposal earlier, we could have included it in the current, current budget.",0
10154,could,1.94,2.04,0.1,"If you had submitted your proposal earlier, we could have included it in the current, current budget.",0
10154,have,2.04,2.12,0.08,"If you had submitted your proposal earlier, we could have included it in the current, current budget.",0
10154,included,2.12,2.38,0.2599999999999998,"If you had submitted your proposal earlier, we could have included it in the current, current budget.",0
10154,it,2.38,2.54,0.1600000000000001,"If you had submitted your proposal earlier, we could have included it in the current, current budget.",0
10154,in,2.54,2.64,0.1,"If you had submitted your proposal earlier, we could have included it in the current, current budget.",0
10154,the,2.64,2.74,0.1,"If you had submitted your proposal earlier, we could have included it in the current, current budget.",0
10154,"current,",2.74,2.98,0.2399999999999997,"If you had submitted your proposal earlier, we could have included it in the current, current budget.",0
10154,current,3.36,3.72,0.3600000000000003,"If you had submitted your proposal earlier, we could have included it in the current, current budget.",0
10154,budget.,3.72,4.02,0.2999999999999994,"If you had submitted your proposal earlier, we could have included it in the current, current budget.",0
10123,Despite,0.0,0.38,0.38,"Despite the challenging market conditions our company has maintained steady, steady growth.",0
10123,the,0.38,0.62,0.24,"Despite the challenging market conditions our company has maintained steady, steady growth.",0
10123,challenging,0.62,1.04,0.42,"Despite the challenging market conditions our company has maintained steady, steady growth.",0
10123,market,1.04,1.5,0.4599999999999999,"Despite the challenging market conditions our company has maintained steady, steady growth.",0
10123,conditions,1.5,2.16,0.6600000000000001,"Despite the challenging market conditions our company has maintained steady, steady growth.",0
10123,our,2.16,2.6,0.4399999999999999,"Despite the challenging market conditions our company has maintained steady, steady growth.",0
10123,company,2.6,3.06,0.4599999999999999,"Despite the challenging market conditions our company has maintained steady, steady growth.",0
10123,has,3.06,3.38,0.3199999999999998,"Despite the challenging market conditions our company has maintained steady, steady growth.",0
10123,maintained,3.38,3.9,0.52,"Despite the challenging market conditions our company has maintained steady, steady growth.",0
10123,"steady,",3.9,4.5,0.6000000000000001,"Despite the challenging market conditions our company has maintained steady, steady growth.",0
10123,steady,4.8,5.68,0.8799999999999999,"Despite the challenging market conditions our company has maintained steady, steady growth.",0
10123,growth.,5.68,6.04,0.3600000000000003,"Despite the challenging market conditions our company has maintained steady, steady growth.",0
10027,She,0.0,0.2,0.2,She asked whether I had received the invitation to the conference.,0
10027,asked,0.2,0.58,0.3799999999999999,She asked whether I had received the invitation to the conference.,0
10027,whether,0.58,0.9,0.32,She asked whether I had received the invitation to the conference.,0
10027,I,0.9,1.44,0.5399999999999999,She asked whether I had received the invitation to the conference.,0
10027,had,1.44,2.14,0.7000000000000002,She asked whether I had received the invitation to the conference.,0
10027,received,2.14,2.54,0.3999999999999999,She asked whether I had received the invitation to the conference.,0
10027,the,2.54,2.84,0.2999999999999998,She asked whether I had received the invitation to the conference.,0
10027,invitation,2.84,3.42,0.5800000000000001,She asked whether I had received the invitation to the conference.,0
10027,to,3.42,4.08,0.6600000000000001,She asked whether I had received the invitation to the conference.,0
10027,the,4.08,4.2,0.1200000000000001,She asked whether I had received the invitation to the conference.,0
10027,conference.,4.2,4.76,0.5599999999999996,She asked whether I had received the invitation to the conference.,0
10288,The,0.0,0.12,0.12,The results of the experiment were more significant than expected.,0
10288,results,0.12,0.4,0.28,The results of the experiment were more significant than expected.,0
10288,of,0.4,0.74,0.3399999999999999,The results of the experiment were more significant than expected.,0
10288,the,0.74,0.88,0.14,The results of the experiment were more significant than expected.,0
10288,experiment,0.88,1.44,0.5599999999999999,The results of the experiment were more significant than expected.,0
10288,were,1.44,1.82,0.3800000000000001,The results of the experiment were more significant than expected.,0
10288,more,1.82,2.32,0.4999999999999998,The results of the experiment were more significant than expected.,0
10288,significant,2.32,3.82,1.5,The results of the experiment were more significant than expected.,0
10288,than,3.82,4.18,0.3599999999999999,The results of the experiment were more significant than expected.,0
10288,expected.,4.18,4.7,0.5200000000000005,The results of the experiment were more significant than expected.,0
1021,your,0.0,0.12,0.12,your flight departs out at noon.,0
1021,flight,0.12,0.44,0.32,your flight departs out at noon.,0
1021,departs,0.44,1.16,0.72,your flight departs out at noon.,0
1021,out,1.16,1.42,0.26,your flight departs out at noon.,0
1021,at,1.42,1.64,0.2199999999999999,your flight departs out at noon.,0
1021,noon.,1.64,1.98,0.3400000000000001,your flight departs out at noon.,0
10323,When,0.0,0.16,0.16,"When travelling abroad, it's important to respect local customs and traditions.",0
10323,travelling,0.16,0.56,0.4,"When travelling abroad, it's important to respect local customs and traditions.",0
10323,"abroad,",0.56,0.94,0.3799999999999999,"When travelling abroad, it's important to respect local customs and traditions.",0
10323,it's,1.28,1.44,0.1599999999999999,"When travelling abroad, it's important to respect local customs and traditions.",0
10323,important,1.44,1.74,0.3,"When travelling abroad, it's important to respect local customs and traditions.",0
10323,to,1.74,1.92,0.1799999999999999,"When travelling abroad, it's important to respect local customs and traditions.",0
10323,respect,1.92,2.2,0.2800000000000002,"When travelling abroad, it's important to respect local customs and traditions.",0
10323,local,2.2,2.56,0.3599999999999999,"When travelling abroad, it's important to respect local customs and traditions.",0
10323,customs,2.56,3.14,0.5800000000000001,"When travelling abroad, it's important to respect local customs and traditions.",0
10323,and,3.14,3.66,0.52,"When travelling abroad, it's important to respect local customs and traditions.",0
10323,traditions.,3.66,4.42,0.7599999999999998,"When travelling abroad, it's important to respect local customs and traditions.",0
10067,She,0.0,0.24,0.24,She explained that the project would require additional funding to me its objectives.,0
10067,explained,0.24,0.66,0.42,She explained that the project would require additional funding to me its objectives.,0
10067,that,0.66,0.92,0.26,She explained that the project would require additional funding to me its objectives.,0
10067,the,0.92,1.04,0.12,She explained that the project would require additional funding to me its objectives.,0
10067,project,1.04,1.36,0.32,She explained that the project would require additional funding to me its objectives.,0
10067,would,1.36,1.58,0.2199999999999999,She explained that the project would require additional funding to me its objectives.,0
10067,require,1.58,1.96,0.3799999999999999,She explained that the project would require additional funding to me its objectives.,0
10067,additional,1.96,2.54,0.5800000000000001,She explained that the project would require additional funding to me its objectives.,0
10067,funding,2.54,2.92,0.3799999999999999,She explained that the project would require additional funding to me its objectives.,0
10067,to,2.92,3.24,0.3200000000000003,She explained that the project would require additional funding to me its objectives.,0
10067,me,3.24,3.7,0.4599999999999999,She explained that the project would require additional funding to me its objectives.,0
10067,its,3.7,3.9,0.1999999999999997,She explained that the project would require additional funding to me its objectives.,0
10067,objectives.,3.9,4.48,0.5800000000000005,She explained that the project would require additional funding to me its objectives.,0
10088,The,0.0,0.12,0.12,The study found a strong correlation between regular exercise and,0
10088,study,0.12,0.46,0.34,The study found a strong correlation between regular exercise and,0
10088,found,0.46,0.84,0.3799999999999999,The study found a strong correlation between regular exercise and,0
10088,a,0.84,1.06,0.22,The study found a strong correlation between regular exercise and,0
10088,strong,1.06,1.24,0.1799999999999999,The study found a strong correlation between regular exercise and,0
10088,correlation,1.24,1.82,0.5800000000000001,The study found a strong correlation between regular exercise and,0
10088,between,1.82,2.38,0.5599999999999998,The study found a strong correlation between regular exercise and,0
10088,regular,2.38,2.86,0.48,The study found a strong correlation between regular exercise and,0
10088,exercise,2.86,3.52,0.6600000000000001,The study found a strong correlation between regular exercise and,0
10088,and,3.52,3.86,0.3399999999999998,The study found a strong correlation between regular exercise and,0
10088,and,3.86,3.86,0.0,and improvement mental mental health.,0
10088,improvement,3.86,4.32,0.4600000000000004,and improvement mental mental health.,0
10088,mental,4.32,4.66,0.3399999999999998,and improvement mental mental health.,0
10088,mental,4.66,5.38,0.7199999999999998,and improvement mental mental health.,0
10088,health.,5.38,5.78,0.4000000000000003,and improvement mental mental health.,0
10319,The,0.0,0.1,0.1,The quarterly report indicates a 15%-15% increase in revenue.,0
10319,quarterly,0.1,0.58,0.48,The quarterly report indicates a 15%-15% increase in revenue.,0
10319,report,0.58,1.18,0.6,The quarterly report indicates a 15%-15% increase in revenue.,0
10319,indicates,1.18,1.9,0.72,The quarterly report indicates a 15%-15% increase in revenue.,0
10319,a,1.9,2.2,0.3000000000000002,The quarterly report indicates a 15%-15% increase in revenue.,0
10319,15,2.2,2.68,0.48,The quarterly report indicates a 15%-15% increase in revenue.,0
10319,%,2.68,3.2,0.52,The quarterly report indicates a 15%-15% increase in revenue.,0
10319,-15,3.2,3.9,0.6999999999999997,The quarterly report indicates a 15%-15% increase in revenue.,0
10319,%,3.9,4.34,0.4399999999999999,The quarterly report indicates a 15%-15% increase in revenue.,0
10319,increase,4.34,4.82,0.4800000000000004,The quarterly report indicates a 15%-15% increase in revenue.,0
10319,in,4.82,5.14,0.3199999999999994,The quarterly report indicates a 15%-15% increase in revenue.,0
10319,revenue.,5.14,5.64,0.5,The quarterly report indicates a 15%-15% increase in revenue.,0
10102,Could,0.0,0.14,0.14,Could you please provide more details about the proposed changes to the company's organizational structure?,0
10102,you,0.14,0.26,0.12,Could you please provide more details about the proposed changes to the company's organizational structure?,0
10102,please,0.26,0.5,0.24,Could you please provide more details about the proposed changes to the company's organizational structure?,0
10102,provide,0.5,0.88,0.38,Could you please provide more details about the proposed changes to the company's organizational structure?,0
10102,more,0.88,1.2,0.3199999999999999,Could you please provide more details about the proposed changes to the company's organizational structure?,0
10102,details,1.2,1.64,0.4399999999999999,Could you please provide more details about the proposed changes to the company's organizational structure?,0
10102,about,1.64,2.08,0.4400000000000001,Could you please provide more details about the proposed changes to the company's organizational structure?,0
10102,the,2.08,2.26,0.1799999999999997,Could you please provide more details about the proposed changes to the company's organizational structure?,0
10102,proposed,2.26,2.52,0.2600000000000002,Could you please provide more details about the proposed changes to the company's organizational structure?,0
10102,changes,2.52,2.94,0.4199999999999999,Could you please provide more details about the proposed changes to the company's organizational structure?,0
10102,to,2.94,3.16,0.2200000000000002,Could you please provide more details about the proposed changes to the company's organizational structure?,0
10102,the,3.16,3.36,0.1999999999999997,Could you please provide more details about the proposed changes to the company's organizational structure?,0
10102,company's,3.36,4.62,1.2600000000000002,Could you please provide more details about the proposed changes to the company's organizational structure?,0
10102,organizational,4.62,5.34,0.7199999999999998,Could you please provide more details about the proposed changes to the company's organizational structure?,0
10102,structure?,5.34,5.76,0.4199999999999999,Could you please provide more details about the proposed changes to the company's organizational structure?,0
10010,The,0.0,0.12,0.12,"The ancient artifact, which was discovered last year, is being studied by archaeologists.",0
10010,ancient,0.12,0.42,0.3,"The ancient artifact, which was discovered last year, is being studied by archaeologists.",0
10010,"artifact,",0.42,0.96,0.54,"The ancient artifact, which was discovered last year, is being studied by archaeologists.",0
10010,which,1.36,1.5,0.1399999999999999,"The ancient artifact, which was discovered last year, is being studied by archaeologists.",0
10010,was,1.5,1.66,0.1599999999999999,"The ancient artifact, which was discovered last year, is being studied by archaeologists.",0
10010,discovered,1.66,2.12,0.4600000000000002,"The ancient artifact, which was discovered last year, is being studied by archaeologists.",0
10010,last,2.12,2.5,0.3799999999999999,"The ancient artifact, which was discovered last year, is being studied by archaeologists.",0
10010,"year,",2.5,2.92,0.4199999999999999,"The ancient artifact, which was discovered last year, is being studied by archaeologists.",0
10010,is,3.24,3.24,0.0,"The ancient artifact, which was discovered last year, is being studied by archaeologists.",0
10010,being,3.24,3.68,0.4399999999999999,"The ancient artifact, which was discovered last year, is being studied by archaeologists.",0
10010,studied,3.68,4.24,0.56,"The ancient artifact, which was discovered last year, is being studied by archaeologists.",0
10010,by,4.24,4.56,0.3199999999999994,"The ancient artifact, which was discovered last year, is being studied by archaeologists.",0
10010,archaeologists.,4.56,5.66,1.1000000000000003,"The ancient artifact, which was discovered last year, is being studied by archaeologists.",0
10092,The,0.0,0.14,0.14,The company's commitment to innovation has resulted in several groundbreaking products.,0
10092,company's,0.14,0.82,0.6799999999999999,The company's commitment to innovation has resulted in several groundbreaking products.,0
10092,commitment,0.82,1.22,0.4,The company's commitment to innovation has resulted in several groundbreaking products.,0
10092,to,1.22,1.5,0.28,The company's commitment to innovation has resulted in several groundbreaking products.,0
10092,innovation,1.5,1.9,0.3999999999999999,The company's commitment to innovation has resulted in several groundbreaking products.,0
10092,has,1.9,2.24,0.3400000000000003,The company's commitment to innovation has resulted in several groundbreaking products.,0
10092,resulted,2.24,2.74,0.5,The company's commitment to innovation has resulted in several groundbreaking products.,0
10092,in,2.74,3.02,0.2799999999999998,The company's commitment to innovation has resulted in several groundbreaking products.,0
10092,several,3.02,3.32,0.2999999999999998,The company's commitment to innovation has resulted in several groundbreaking products.,0
10092,groundbreaking,3.32,3.9,0.5800000000000001,The company's commitment to innovation has resulted in several groundbreaking products.,0
10092,products.,3.9,5.2,1.3000000000000005,The company's commitment to innovation has resulted in several groundbreaking products.,0
10133,Can,0.0,0.2,0.2,Can you explain why the experiment failed to produce that the expected results?,0
10133,you,0.2,0.38,0.18,Can you explain why the experiment failed to produce that the expected results?,0
10133,explain,0.38,0.8,0.42,Can you explain why the experiment failed to produce that the expected results?,0
10133,why,0.8,1.1,0.3,Can you explain why the experiment failed to produce that the expected results?,0
10133,the,1.1,1.28,0.1799999999999999,Can you explain why the experiment failed to produce that the expected results?,0
10133,experiment,1.28,1.84,0.56,Can you explain why the experiment failed to produce that the expected results?,0
10133,failed,1.84,2.32,0.4799999999999997,Can you explain why the experiment failed to produce that the expected results?,0
10133,to,2.32,2.56,0.2400000000000002,Can you explain why the experiment failed to produce that the expected results?,0
10133,produce,2.56,2.92,0.3599999999999999,Can you explain why the experiment failed to produce that the expected results?,0
10133,that,2.92,3.16,0.2400000000000002,Can you explain why the experiment failed to produce that the expected results?,0
10133,the,3.16,3.34,0.1799999999999997,Can you explain why the experiment failed to produce that the expected results?,0
10133,expected,3.34,3.86,0.52,Can you explain why the experiment failed to produce that the expected results?,0
10133,results?,3.86,4.46,0.6000000000000001,Can you explain why the experiment failed to produce that the expected results?,0
10236,I've,0.0,0.22,0.22,I've been trying to reach customer service for hours.,0
10236,been,0.22,0.34,0.12,I've been trying to reach customer service for hours.,0
10236,trying,0.34,0.58,0.2399999999999999,I've been trying to reach customer service for hours.,0
10236,to,0.58,0.9,0.32,I've been trying to reach customer service for hours.,0
10236,reach,0.9,1.38,0.4799999999999998,I've been trying to reach customer service for hours.,0
10236,customer,1.38,1.9,0.52,I've been trying to reach customer service for hours.,0
10236,service,1.9,2.32,0.4199999999999999,I've been trying to reach customer service for hours.,0
10236,for,2.32,2.6,0.2800000000000002,I've been trying to reach customer service for hours.,0
10236,hours.,2.6,2.92,0.3199999999999998,I've been trying to reach customer service for hours.,0
1026,I,0.0,0.2,0.2,I have finished my homework.,0
1026,have,0.2,0.48,0.2799999999999999,I have finished my homework.,0
1026,finished,0.48,0.98,0.5,I have finished my homework.,0
1026,my,0.98,1.28,0.3,I have finished my homework.,0
1026,homework.,1.28,1.64,0.3599999999999999,I have finished my homework.,0
10277,Could,0.0,0.18,0.18,"Could you recommend a good, good local restaurant?",0
10277,you,0.18,0.4,0.22,"Could you recommend a good, good local restaurant?",0
10277,recommend,0.4,1.04,0.64,"Could you recommend a good, good local restaurant?",0
10277,a,1.04,1.32,0.28,"Could you recommend a good, good local restaurant?",0
10277,"good,",1.32,1.7,0.3799999999999999,"Could you recommend a good, good local restaurant?",0
10277,good,2.28,2.6,0.3200000000000003,"Could you recommend a good, good local restaurant?",0
10277,local,2.6,3.08,0.48,"Could you recommend a good, good local restaurant?",0
10277,restaurant?,3.08,3.72,0.6400000000000001,"Could you recommend a good, good local restaurant?",0
10257,The,0.0,0.12,0.12,The lecture was informative but rather long.,0
10257,lecture,0.12,0.54,0.42,The lecture was informative but rather long.,0
10257,was,0.54,0.86,0.3199999999999999,The lecture was informative but rather long.,0
10257,informative,0.86,1.46,0.6,The lecture was informative but rather long.,0
10257,but,1.46,1.96,0.5,The lecture was informative but rather long.,0
10257,rather,1.96,2.94,0.98,The lecture was informative but rather long.,0
10257,long.,2.94,3.32,0.3799999999999999,The lecture was informative but rather long.,0
10083,researchers,0.0,0.54,0.54,researchers have studied the effects of climate change on marine ecosystems.,0
10083,have,0.54,0.82,0.2799999999999999,researchers have studied the effects of climate change on marine ecosystems.,0
10083,studied,0.82,1.12,0.3000000000000001,researchers have studied the effects of climate change on marine ecosystems.,0
10083,the,1.12,1.3,0.1799999999999999,researchers have studied the effects of climate change on marine ecosystems.,0
10083,effects,1.3,1.54,0.24,researchers have studied the effects of climate change on marine ecosystems.,0
10083,of,1.54,1.74,0.1999999999999999,researchers have studied the effects of climate change on marine ecosystems.,0
10083,climate,1.74,2.02,0.28,researchers have studied the effects of climate change on marine ecosystems.,0
10083,change,2.02,2.46,0.4399999999999999,researchers have studied the effects of climate change on marine ecosystems.,0
10083,on,2.46,2.8,0.3399999999999998,researchers have studied the effects of climate change on marine ecosystems.,0
10083,marine,2.8,3.28,0.48,researchers have studied the effects of climate change on marine ecosystems.,0
10083,ecosystems.,3.28,4.06,0.7799999999999998,researchers have studied the effects of climate change on marine ecosystems.,0
10241,If,0.0,0.16,0.16,"If you had told me earlier, I could have helped you with the project.",0
10241,you,0.16,0.24,0.0799999999999999,"If you had told me earlier, I could have helped you with the project.",0
10241,had,0.24,0.36,0.12,"If you had told me earlier, I could have helped you with the project.",0
10241,told,0.36,0.62,0.26,"If you had told me earlier, I could have helped you with the project.",0
10241,me,0.62,0.8,0.18,"If you had told me earlier, I could have helped you with the project.",0
10241,"earlier,",0.8,1.26,0.4599999999999999,"If you had told me earlier, I could have helped you with the project.",0
10241,I,1.78,1.92,0.1399999999999999,"If you had told me earlier, I could have helped you with the project.",0
10241,could,1.92,2.6,0.6800000000000002,"If you had told me earlier, I could have helped you with the project.",0
10241,have,2.6,2.76,0.1599999999999997,"If you had told me earlier, I could have helped you with the project.",0
10241,helped,2.76,2.96,0.2000000000000001,"If you had told me earlier, I could have helped you with the project.",0
10241,you,2.96,3.18,0.2200000000000002,"If you had told me earlier, I could have helped you with the project.",0
10241,with,3.18,3.34,0.1599999999999997,"If you had told me earlier, I could have helped you with the project.",0
10241,the,3.34,3.42,0.08,"If you had told me earlier, I could have helped you with the project.",0
10241,project.,3.42,3.82,0.3999999999999999,"If you had told me earlier, I could have helped you with the project.",0
10294,we,0.0,0.12,0.12,we should plan a family vacation for next summer.,0
10294,should,0.12,0.26,0.14,we should plan a family vacation for next summer.,0
10294,plan,0.26,0.56,0.3,we should plan a family vacation for next summer.,0
10294,a,0.56,0.82,0.2599999999999999,we should plan a family vacation for next summer.,0
10294,family,0.82,1.4,0.58,we should plan a family vacation for next summer.,0
10294,vacation,1.4,1.98,0.5800000000000001,we should plan a family vacation for next summer.,0
10294,for,1.98,2.3,0.3199999999999998,we should plan a family vacation for next summer.,0
10294,next,2.3,2.52,0.2200000000000002,we should plan a family vacation for next summer.,0
10294,summer.,2.52,2.84,0.3199999999999998,we should plan a family vacation for next summer.,0
10104,We,0.0,0.16,0.16,We need to develop a comprehensive strategy to address the challenges of cybersecurity in,0
10104,need,0.16,0.3,0.1399999999999999,We need to develop a comprehensive strategy to address the challenges of cybersecurity in,0
10104,to,0.3,0.48,0.18,We need to develop a comprehensive strategy to address the challenges of cybersecurity in,0
10104,develop,0.48,0.88,0.4,We need to develop a comprehensive strategy to address the challenges of cybersecurity in,0
10104,a,0.88,1.16,0.2799999999999999,We need to develop a comprehensive strategy to address the challenges of cybersecurity in,0
10104,comprehensive,1.16,1.78,0.6200000000000001,We need to develop a comprehensive strategy to address the challenges of cybersecurity in,0
10104,strategy,1.78,2.36,0.5799999999999998,We need to develop a comprehensive strategy to address the challenges of cybersecurity in,0
10104,to,2.36,2.66,0.3000000000000002,We need to develop a comprehensive strategy to address the challenges of cybersecurity in,0
10104,address,2.66,3.0,0.3399999999999998,We need to develop a comprehensive strategy to address the challenges of cybersecurity in,0
10104,the,3.0,3.3,0.2999999999999998,We need to develop a comprehensive strategy to address the challenges of cybersecurity in,0
10104,challenges,3.3,3.8,0.5,We need to develop a comprehensive strategy to address the challenges of cybersecurity in,0
10104,of,3.8,4.0,0.2000000000000001,We need to develop a comprehensive strategy to address the challenges of cybersecurity in,0
10104,cybersecurity,4.0,4.62,0.6200000000000001,We need to develop a comprehensive strategy to address the challenges of cybersecurity in,0
10104,in,4.62,5.1,0.4799999999999995,We need to develop a comprehensive strategy to address the challenges of cybersecurity in,0
10104,"there,",5.1,5.24,0.1400000000000005,"there, the digital age.",0
10104,the,5.82,5.9,0.08,"there, the digital age.",0
10104,digital,5.9,6.32,0.4199999999999999,"there, the digital age.",0
10104,age.,6.32,6.72,0.3999999999999994,"there, the digital age.",0
10016,The,0.0,0.16,0.16,The employees who contributed to the project received bonuses for the hard work.,0
10016,employees,0.16,0.58,0.4199999999999999,The employees who contributed to the project received bonuses for the hard work.,0
10016,who,0.58,0.88,0.3,The employees who contributed to the project received bonuses for the hard work.,0
10016,contributed,0.88,1.82,0.94,The employees who contributed to the project received bonuses for the hard work.,0
10016,to,1.82,2.16,0.3400000000000001,The employees who contributed to the project received bonuses for the hard work.,0
10016,the,2.16,2.28,0.1199999999999996,The employees who contributed to the project received bonuses for the hard work.,0
10016,project,2.28,2.66,0.3800000000000003,The employees who contributed to the project received bonuses for the hard work.,0
10016,received,2.66,3.24,0.5800000000000001,The employees who contributed to the project received bonuses for the hard work.,0
10016,bonuses,3.24,3.76,0.5199999999999996,The employees who contributed to the project received bonuses for the hard work.,0
10016,for,3.76,4.06,0.2999999999999998,The employees who contributed to the project received bonuses for the hard work.,0
10016,the,4.06,4.2,0.1400000000000005,The employees who contributed to the project received bonuses for the hard work.,0
10016,hard,4.2,4.42,0.2199999999999997,The employees who contributed to the project received bonuses for the hard work.,0
10016,work.,4.42,4.78,0.3600000000000003,The employees who contributed to the project received bonuses for the hard work.,0
10000,The,0.0,0.12,0.12,The latest smartphone model features a camera that takes stunning photos and low light.,0
10000,latest,0.12,0.42,0.3,The latest smartphone model features a camera that takes stunning photos and low light.,0
10000,smartphone,0.42,0.98,0.56,The latest smartphone model features a camera that takes stunning photos and low light.,0
10000,model,0.98,1.4,0.4199999999999999,The latest smartphone model features a camera that takes stunning photos and low light.,0
10000,features,1.4,1.82,0.4200000000000001,The latest smartphone model features a camera that takes stunning photos and low light.,0
10000,a,1.82,2.04,0.2199999999999999,The latest smartphone model features a camera that takes stunning photos and low light.,0
10000,camera,2.04,2.34,0.2999999999999998,The latest smartphone model features a camera that takes stunning photos and low light.,0
10000,that,2.34,2.58,0.2400000000000002,The latest smartphone model features a camera that takes stunning photos and low light.,0
10000,takes,2.58,3.12,0.54,The latest smartphone model features a camera that takes stunning photos and low light.,0
10000,stunning,3.12,3.52,0.3999999999999999,The latest smartphone model features a camera that takes stunning photos and low light.,0
10000,photos,3.52,4.08,0.56,The latest smartphone model features a camera that takes stunning photos and low light.,0
10000,and,4.08,4.34,0.2599999999999998,The latest smartphone model features a camera that takes stunning photos and low light.,0
10000,low,4.34,4.52,0.1799999999999997,The latest smartphone model features a camera that takes stunning photos and low light.,0
10000,light.,4.52,4.8,0.2800000000000002,The latest smartphone model features a camera that takes stunning photos and low light.,0
10082,The,0.0,0.14,0.14,The company's commitment to diversity and inclusion has has improved in ploy satisfaction.,0
10082,company's,0.14,0.88,0.74,The company's commitment to diversity and inclusion has has improved in ploy satisfaction.,0
10082,commitment,0.88,1.36,0.4800000000000001,The company's commitment to diversity and inclusion has has improved in ploy satisfaction.,0
10082,to,1.36,1.6,0.24,The company's commitment to diversity and inclusion has has improved in ploy satisfaction.,0
10082,diversity,1.6,2.4,0.7999999999999998,The company's commitment to diversity and inclusion has has improved in ploy satisfaction.,0
10082,and,2.4,2.78,0.3799999999999999,The company's commitment to diversity and inclusion has has improved in ploy satisfaction.,0
10082,inclusion,2.78,3.44,0.6600000000000001,The company's commitment to diversity and inclusion has has improved in ploy satisfaction.,0
10082,has,3.44,4.02,0.5799999999999996,The company's commitment to diversity and inclusion has has improved in ploy satisfaction.,0
10082,has,4.02,4.36,0.3400000000000007,The company's commitment to diversity and inclusion has has improved in ploy satisfaction.,0
10082,improved,4.36,4.84,0.4799999999999995,The company's commitment to diversity and inclusion has has improved in ploy satisfaction.,0
10082,in,4.84,5.1,0.2599999999999998,The company's commitment to diversity and inclusion has has improved in ploy satisfaction.,0
10082,ploy,5.1,5.56,0.4599999999999999,The company's commitment to diversity and inclusion has has improved in ploy satisfaction.,0
10082,satisfaction.,5.56,6.16,0.6000000000000005,The company's commitment to diversity and inclusion has has improved in ploy satisfaction.,0
10313,Is,0.0,0.2,0.2,Is it possible to extend our stay for an additional night?,0
10313,it,0.2,0.32,0.12,Is it possible to extend our stay for an additional night?,0
10313,possible,0.32,0.88,0.56,Is it possible to extend our stay for an additional night?,0
10313,to,0.88,1.24,0.36,Is it possible to extend our stay for an additional night?,0
10313,extend,1.24,1.66,0.4199999999999999,Is it possible to extend our stay for an additional night?,0
10313,our,1.66,1.92,0.26,Is it possible to extend our stay for an additional night?,0
10313,stay,1.92,2.26,0.3399999999999998,Is it possible to extend our stay for an additional night?,0
10313,for,2.26,2.54,0.2800000000000002,Is it possible to extend our stay for an additional night?,0
10313,an,2.54,2.84,0.2999999999999998,Is it possible to extend our stay for an additional night?,0
10313,additional,2.84,3.72,0.8800000000000003,Is it possible to extend our stay for an additional night?,0
10313,night?,3.72,4.22,0.4999999999999995,Is it possible to extend our stay for an additional night?,0
10276,What,0.0,0.22,0.22,"What time does our, our flight depart?",0
10276,time,0.22,0.48,0.26,"What time does our, our flight depart?",0
10276,does,0.48,0.82,0.3399999999999999,"What time does our, our flight depart?",0
10276,"our,",0.82,1.02,0.2,"What time does our, our flight depart?",0
10276,our,1.4,1.74,0.3400000000000001,"What time does our, our flight depart?",0
10276,flight,1.74,2.06,0.32,"What time does our, our flight depart?",0
10276,depart?,2.06,2.5,0.4399999999999999,"What time does our, our flight depart?",0
10149,Idd,0.0,0.2,0.2,"Idd ar pr y postnos o faddi doen, llael ar angu beth кожu fas i y w agodaill.",0
10149,ar,0.2,0.6,0.3999999999999999,"Idd ar pr y postnos o faddi doen, llael ar angu beth кожu fas i y w agodaill.",0
10149,pr,0.6,0.6,0.0,"Idd ar pr y postnos o faddi doen, llael ar angu beth кожu fas i y w agodaill.",0
10149,y,0.6,1.3,0.7000000000000001,"Idd ar pr y postnos o faddi doen, llael ar angu beth кожu fas i y w agodaill.",0
10149,postnos,1.3,1.5,0.1999999999999999,"Idd ar pr y postnos o faddi doen, llael ar angu beth кожu fas i y w agodaill.",0
10149,o,1.5,1.72,0.2199999999999999,"Idd ar pr y postnos o faddi doen, llael ar angu beth кожu fas i y w agodaill.",0
10149,faddi,1.72,2.4,0.6799999999999999,"Idd ar pr y postnos o faddi doen, llael ar angu beth кожu fas i y w agodaill.",0
10149,"doen,",2.4,2.5,0.1,"Idd ar pr y postnos o faddi doen, llael ar angu beth кожu fas i y w agodaill.",0
10149,llael,2.58,3.22,0.6400000000000001,"Idd ar pr y postnos o faddi doen, llael ar angu beth кожu fas i y w agodaill.",0
10149,ar,3.22,3.36,0.1399999999999996,"Idd ar pr y postnos o faddi doen, llael ar angu beth кожu fas i y w agodaill.",0
10149,angu,3.36,3.62,0.2600000000000002,"Idd ar pr y postnos o faddi doen, llael ar angu beth кожu fas i y w agodaill.",0
10149,beth,3.62,4.14,0.5199999999999996,"Idd ar pr y postnos o faddi doen, llael ar angu beth кожu fas i y w agodaill.",0
10149,кожu,4.14,4.26,0.1200000000000001,"Idd ar pr y postnos o faddi doen, llael ar angu beth кожu fas i y w agodaill.",0
10149,fas,4.26,4.26,0.0,"Idd ar pr y postnos o faddi doen, llael ar angu beth кожu fas i y w agodaill.",0
10149,i,4.26,4.26,0.0,"Idd ar pr y postnos o faddi doen, llael ar angu beth кожu fas i y w agodaill.",0
10149,y,4.26,4.26,0.0,"Idd ar pr y postnos o faddi doen, llael ar angu beth кожu fas i y w agodaill.",0
10149,w,4.26,4.26,0.0,"Idd ar pr y postnos o faddi doen, llael ar angu beth кожu fas i y w agodaill.",0
10149,agodaill.,4.26,5.16,0.9000000000000004,"Idd ar pr y postnos o faddi doen, llael ar angu beth кожu fas i y w agodaill.",0
10260,"Mum,",0.0,0.24,0.24,"Mum, mum asked if we had finished our homework.",0
10260,mum,0.46,0.6,0.1399999999999999,"Mum, mum asked if we had finished our homework.",0
10260,asked,0.6,0.84,0.24,"Mum, mum asked if we had finished our homework.",0
10260,if,0.84,1.0,0.16,"Mum, mum asked if we had finished our homework.",0
10260,we,1.0,1.12,0.1200000000000001,"Mum, mum asked if we had finished our homework.",0
10260,had,1.12,1.26,0.1399999999999999,"Mum, mum asked if we had finished our homework.",0
10260,finished,1.26,1.56,0.3,"Mum, mum asked if we had finished our homework.",0
10260,our,1.56,1.82,0.26,"Mum, mum asked if we had finished our homework.",0
10260,homework.,1.82,2.18,0.3600000000000001,"Mum, mum asked if we had finished our homework.",0
10077,Can,0.0,0.2,0.2,Can you explain the potential benefits and risks of implementing this?,0
10077,you,0.2,0.4,0.2,Can you explain the potential benefits and risks of implementing this?,0
10077,explain,0.4,0.86,0.4599999999999999,Can you explain the potential benefits and risks of implementing this?,0
10077,the,0.86,1.08,0.22,Can you explain the potential benefits and risks of implementing this?,0
10077,potential,1.08,1.58,0.5,Can you explain the potential benefits and risks of implementing this?,0
10077,benefits,1.58,2.22,0.6400000000000001,Can you explain the potential benefits and risks of implementing this?,0
10077,and,2.22,2.58,0.3599999999999999,Can you explain the potential benefits and risks of implementing this?,0
10077,risks,2.58,3.02,0.4399999999999999,Can you explain the potential benefits and risks of implementing this?,0
10077,of,3.02,3.32,0.2999999999999998,Can you explain the potential benefits and risks of implementing this?,0
10077,implementing,3.32,4.04,0.7200000000000002,Can you explain the potential benefits and risks of implementing this?,0
10077,this?,4.04,4.72,0.6799999999999997,Can you explain the potential benefits and risks of implementing this?,0
10077,This,4.96,5.24,0.2800000000000002,This new technology?,0
10077,new,5.24,5.44,0.2000000000000001,This new technology?,0
10077,technology?,5.44,6.16,0.7199999999999998,This new technology?,0
10173,Can,0.0,0.16,0.16,Can you explain how the proposed organizational changes will improve our operational efficiency?,0
10173,you,0.16,0.28,0.12,Can you explain how the proposed organizational changes will improve our operational efficiency?,0
10173,explain,0.28,0.62,0.3399999999999999,Can you explain how the proposed organizational changes will improve our operational efficiency?,0
10173,how,0.62,0.86,0.24,Can you explain how the proposed organizational changes will improve our operational efficiency?,0
10173,the,0.86,1.0,0.14,Can you explain how the proposed organizational changes will improve our operational efficiency?,0
10173,proposed,1.0,1.32,0.32,Can you explain how the proposed organizational changes will improve our operational efficiency?,0
10173,organizational,1.32,2.1,0.78,Can you explain how the proposed organizational changes will improve our operational efficiency?,0
10173,changes,2.1,2.68,0.5800000000000001,Can you explain how the proposed organizational changes will improve our operational efficiency?,0
10173,will,2.68,2.98,0.2999999999999998,Can you explain how the proposed organizational changes will improve our operational efficiency?,0
10173,improve,2.98,3.96,0.98,Can you explain how the proposed organizational changes will improve our operational efficiency?,0
10173,our,3.96,4.2,0.2400000000000002,Can you explain how the proposed organizational changes will improve our operational efficiency?,0
10173,operational,4.2,4.8,0.5999999999999996,Can you explain how the proposed organizational changes will improve our operational efficiency?,0
10173,efficiency?,4.8,5.36,0.5600000000000005,Can you explain how the proposed organizational changes will improve our operational efficiency?,0
1120,Your,0.0,0.36,0.36,Your test results will be available in 35 of business days.,1
1120,test,0.36,0.6,0.24,Your test results will be available in 35 of business days.,1
1120,results,0.6,0.92,0.32,Your test results will be available in 35 of business days.,1
1120,will,0.92,1.22,0.2999999999999999,Your test results will be available in 35 of business days.,1
1120,be,1.22,1.38,0.1599999999999999,Your test results will be available in 35 of business days.,1
1120,available,1.38,1.72,0.3400000000000001,Your test results will be available in 35 of business days.,1
1120,in,1.72,1.98,0.26,Your test results will be available in 35 of business days.,1
1120,35,1.98,2.44,0.4599999999999999,Your test results will be available in 35 of business days.,1
1120,of,2.44,2.6,0.1600000000000001,Your test results will be available in 35 of business days.,1
1120,business,2.6,2.84,0.2399999999999997,Your test results will be available in 35 of business days.,1
1120,days.,2.84,3.18,0.3400000000000003,Your test results will be available in 35 of business days.,1
1065,We,0.0,0.48,0.48,We should plan a trip together sometime.,1
1065,should,0.48,0.62,0.14,We should plan a trip together sometime.,1
1065,plan,0.62,0.84,0.2199999999999999,We should plan a trip together sometime.,1
1065,a,0.84,1.0,0.16,We should plan a trip together sometime.,1
1065,trip,1.0,1.28,0.28,We should plan a trip together sometime.,1
1065,together,1.28,1.96,0.6799999999999999,We should plan a trip together sometime.,1
1065,sometime.,1.96,2.88,0.92,We should plan a trip together sometime.,1
1032,Please,0.0,0.48,0.48,Please fill out this form and return it to reception.,1
1032,fill,0.48,0.76,0.28,Please fill out this form and return it to reception.,1
1032,out,0.76,0.94,0.1799999999999999,Please fill out this form and return it to reception.,1
1032,this,0.94,1.14,0.1999999999999999,Please fill out this form and return it to reception.,1
1032,form,1.14,1.44,0.3,Please fill out this form and return it to reception.,1
1032,and,1.44,1.68,0.24,Please fill out this form and return it to reception.,1
1032,return,1.68,2.28,0.5999999999999999,Please fill out this form and return it to reception.,1
1032,it,2.28,2.44,0.1600000000000001,Please fill out this form and return it to reception.,1
1032,to,2.44,2.6,0.1600000000000001,Please fill out this form and return it to reception.,1
1032,reception.,2.6,2.98,0.3799999999999999,Please fill out this form and return it to reception.,1
1073,The,0.0,0.38,0.38,The library will be closed for renovations next week.,1
1073,library,0.38,0.8,0.42,The library will be closed for renovations next week.,1
1073,will,0.8,1.06,0.26,The library will be closed for renovations next week.,1
1073,be,1.06,1.18,0.1199999999999998,The library will be closed for renovations next week.,1
1073,closed,1.18,1.46,0.28,The library will be closed for renovations next week.,1
1073,for,1.46,1.7,0.24,The library will be closed for renovations next week.,1
1073,renovations,1.7,2.48,0.78,The library will be closed for renovations next week.,1
1073,next,2.48,3.56,1.08,The library will be closed for renovations next week.,1
1073,week.,3.56,3.88,0.3199999999999998,The library will be closed for renovations next week.,1
10003,I,0.5999999999999996,1.1,0.5000000000000004,"I heard the new album as well, fantastic.",1
10003,heard,1.1,1.3,0.1999999999999999,"I heard the new album as well, fantastic.",1
10003,the,1.3,1.46,0.1599999999999999,"I heard the new album as well, fantastic.",1
10003,new,1.46,1.62,0.1600000000000001,"I heard the new album as well, fantastic.",1
10003,album,1.62,1.98,0.3599999999999999,"I heard the new album as well, fantastic.",1
10003,as,1.98,2.22,0.2400000000000002,"I heard the new album as well, fantastic.",1
10003,"well,",2.22,2.46,0.2399999999999997,"I heard the new album as well, fantastic.",1
10003,fantastic.,2.78,3.32,0.54,"I heard the new album as well, fantastic.",1
1053,Can,0.0,0.46,0.46,"Can you check the status, well, of my order?",1
1053,you,0.46,0.58,0.1199999999999999,"Can you check the status, well, of my order?",1
1053,check,0.58,0.78,0.2,"Can you check the status, well, of my order?",1
1053,the,0.78,0.96,0.1799999999999999,"Can you check the status, well, of my order?",1
1053,"status,",0.96,1.34,0.3800000000000001,"Can you check the status, well, of my order?",1
1053,"well,",1.62,1.82,0.1999999999999999,"Can you check the status, well, of my order?",1
1053,of,2.08,2.2,0.1200000000000001,"Can you check the status, well, of my order?",1
1053,my,2.2,2.38,0.1799999999999997,"Can you check the status, well, of my order?",1
1053,order?,2.38,2.72,0.3400000000000003,"Can you check the status, well, of my order?",1
1045,We're,0.0,1.68,1.68,We're having pasta like for dinner tonight.,1
1045,having,1.68,2.0,0.32,We're having pasta like for dinner tonight.,1
1045,pasta,2.0,2.64,0.6400000000000001,We're having pasta like for dinner tonight.,1
1045,like,2.64,4.08,1.44,We're having pasta like for dinner tonight.,1
1045,for,4.08,4.66,0.5800000000000001,We're having pasta like for dinner tonight.,1
1045,dinner,4.66,5.0,0.3399999999999998,We're having pasta like for dinner tonight.,1
1045,tonight.,5.0,5.5,0.5,We're having pasta like for dinner tonight.,1
1012,The,0.0,0.4,0.4,The new software update will be installed tonight at...,1
1012,new,0.4,0.54,0.14,The new software update will be installed tonight at...,1
1012,software,0.54,0.88,0.3399999999999999,The new software update will be installed tonight at...,1
1012,update,0.88,1.2,0.3199999999999999,The new software update will be installed tonight at...,1
1012,will,1.2,1.4,0.1999999999999999,The new software update will be installed tonight at...,1
1012,be,1.4,1.52,0.1200000000000001,The new software update will be installed tonight at...,1
1012,installed,1.52,1.82,0.3,The new software update will be installed tonight at...,1
1012,tonight,1.82,2.16,0.3400000000000001,The new software update will be installed tonight at...,1
1012,at...,2.16,2.46,0.2999999999999998,The new software update will be installed tonight at...,1
1101,Dad's,0.0,0.78,0.78,"Dad's cooking dinner tonight like, so we don't need to order takeout.",1
1101,cooking,0.78,1.06,0.28,"Dad's cooking dinner tonight like, so we don't need to order takeout.",1
1101,dinner,1.06,1.34,0.28,"Dad's cooking dinner tonight like, so we don't need to order takeout.",1
1101,tonight,1.34,1.64,0.2999999999999998,"Dad's cooking dinner tonight like, so we don't need to order takeout.",1
1101,"like,",1.64,2.0,0.3600000000000001,"Dad's cooking dinner tonight like, so we don't need to order takeout.",1
1101,so,2.42,2.68,0.2600000000000002,"Dad's cooking dinner tonight like, so we don't need to order takeout.",1
1101,we,2.68,2.82,0.1399999999999996,"Dad's cooking dinner tonight like, so we don't need to order takeout.",1
1101,don't,2.82,3.04,0.2200000000000002,"Dad's cooking dinner tonight like, so we don't need to order takeout.",1
1101,need,3.04,3.12,0.08,"Dad's cooking dinner tonight like, so we don't need to order takeout.",1
1101,to,3.12,3.3,0.1799999999999997,"Dad's cooking dinner tonight like, so we don't need to order takeout.",1
1101,order,3.3,3.44,0.1400000000000001,"Dad's cooking dinner tonight like, so we don't need to order takeout.",1
1101,takeout.,3.44,3.9,0.4599999999999999,"Dad's cooking dinner tonight like, so we don't need to order takeout.",1
1052,Please,0.0,0.82,0.82,Please turn off the lights when you leave room.,1
1052,turn,0.82,1.12,0.3000000000000001,Please turn off the lights when you leave room.,1
1052,off,1.12,1.34,0.2199999999999999,Please turn off the lights when you leave room.,1
1052,the,1.34,1.54,0.1999999999999999,Please turn off the lights when you leave room.,1
1052,lights,1.54,1.82,0.28,Please turn off the lights when you leave room.,1
1052,when,1.82,2.06,0.24,Please turn off the lights when you leave room.,1
1052,you,2.06,2.2,0.1400000000000001,Please turn off the lights when you leave room.,1
1052,leave,2.2,2.4,0.1999999999999997,Please turn off the lights when you leave room.,1
1052,room.,2.4,2.68,0.2800000000000002,Please turn off the lights when you leave room.,1
1140,Remember,0.6400000000000003,1.16,0.5199999999999996,Remember to take your medication twice daily with a food.,1
1140,to,1.16,1.38,0.2199999999999999,Remember to take your medication twice daily with a food.,1
1140,take,1.38,1.6,0.2200000000000002,Remember to take your medication twice daily with a food.,1
1140,your,1.6,1.8,0.1999999999999999,Remember to take your medication twice daily with a food.,1
1140,medication,1.8,2.36,0.5599999999999998,Remember to take your medication twice daily with a food.,1
1140,twice,2.36,2.74,0.3800000000000003,Remember to take your medication twice daily with a food.,1
1140,daily,2.74,3.1,0.3599999999999999,Remember to take your medication twice daily with a food.,1
1140,with,3.1,3.36,0.2599999999999998,Remember to take your medication twice daily with a food.,1
1140,a,3.36,3.5,0.1400000000000001,Remember to take your medication twice daily with a food.,1
1140,food.,3.5,3.78,0.2799999999999998,Remember to take your medication twice daily with a food.,1
10014,The,0.0,1.7,1.7,The literature review revealed like several gaps in current research.,1
10014,literature,1.7,2.18,0.4800000000000002,The literature review revealed like several gaps in current research.,1
10014,review,2.18,2.72,0.54,The literature review revealed like several gaps in current research.,1
10014,revealed,2.72,3.5,0.7799999999999998,The literature review revealed like several gaps in current research.,1
10014,like,3.5,4.56,1.0599999999999996,The literature review revealed like several gaps in current research.,1
10014,several,4.56,5.76,1.2000000000000002,The literature review revealed like several gaps in current research.,1
10014,gaps,5.76,6.18,0.4199999999999999,The literature review revealed like several gaps in current research.,1
10014,in,6.18,6.6,0.4199999999999999,The literature review revealed like several gaps in current research.,1
10014,current,6.6,6.98,0.3800000000000008,The literature review revealed like several gaps in current research.,1
10014,research.,6.98,7.6,0.6199999999999992,The literature review revealed like several gaps in current research.,1
1048,Can,0.0,0.48,0.48,Can you pick up the milk on your way home?,1
1048,you,0.48,0.6,0.12,Can you pick up the milk on your way home?,1
1048,pick,0.6,0.78,0.18,Can you pick up the milk on your way home?,1
1048,up,0.78,0.94,0.1599999999999999,Can you pick up the milk on your way home?,1
1048,the,0.94,1.08,0.1400000000000001,Can you pick up the milk on your way home?,1
1048,milk,1.08,1.3,0.2199999999999999,Can you pick up the milk on your way home?,1
1048,on,1.3,1.46,0.1599999999999999,Can you pick up the milk on your way home?,1
1048,your,1.46,1.6,0.1400000000000001,Can you pick up the milk on your way home?,1
1048,way,1.6,1.78,0.1799999999999999,Can you pick up the milk on your way home?,1
1048,home?,1.78,2.14,0.3600000000000001,Can you pick up the milk on your way home?,1
10022,We,0.0,0.34,0.34,"We need to um, optimize the algorithm for better performance.",1
10022,need,0.34,0.5,0.1599999999999999,"We need to um, optimize the algorithm for better performance.",1
10022,to,0.5,0.68,0.18,"We need to um, optimize the algorithm for better performance.",1
10022,"um,",0.68,0.84,0.1599999999999999,"We need to um, optimize the algorithm for better performance.",1
10022,optimize,0.96,1.3,0.3400000000000001,"We need to um, optimize the algorithm for better performance.",1
10022,the,1.3,1.56,0.26,"We need to um, optimize the algorithm for better performance.",1
10022,algorithm,1.56,1.94,0.3799999999999999,"We need to um, optimize the algorithm for better performance.",1
10022,for,1.94,2.18,0.2400000000000002,"We need to um, optimize the algorithm for better performance.",1
10022,better,2.18,2.42,0.2399999999999997,"We need to um, optimize the algorithm for better performance.",1
10022,performance.,2.42,2.88,0.4599999999999999,"We need to um, optimize the algorithm for better performance.",1
1072,Can,1.0599999999999994,1.86,0.8000000000000007,Can you explain the difference?,1
1072,you,1.86,2.04,0.1799999999999999,Can you explain the difference?,1
1072,explain,2.04,2.42,0.3799999999999999,Can you explain the difference?,1
1072,the,2.42,2.62,0.2000000000000001,Can you explain the difference?,1
1072,difference?,2.62,3.02,0.3999999999999999,Can you explain the difference?,1
1072,"Well,",3.9,4.18,0.2799999999999998,"Well, between mitosis and meiosis.",1
1072,between,4.78,5.18,0.3999999999999994,"Well, between mitosis and meiosis.",1
1072,mitosis,5.18,5.7,0.5200000000000005,"Well, between mitosis and meiosis.",1
1072,and,5.7,6.22,0.5199999999999996,"Well, between mitosis and meiosis.",1
1072,meiosis.,6.22,6.72,0.5,"Well, between mitosis and meiosis.",1
1160,We,0.0,1.04,1.04,"We need to improve our customer satisfaction ratings like, you know.",1
1160,need,1.04,1.2,0.1599999999999999,"We need to improve our customer satisfaction ratings like, you know.",1
1160,to,1.2,1.38,0.1799999999999999,"We need to improve our customer satisfaction ratings like, you know.",1
1160,improve,1.38,1.74,0.3600000000000001,"We need to improve our customer satisfaction ratings like, you know.",1
1160,our,1.74,2.0,0.26,"We need to improve our customer satisfaction ratings like, you know.",1
1160,customer,2.0,2.44,0.4399999999999999,"We need to improve our customer satisfaction ratings like, you know.",1
1160,satisfaction,2.44,3.02,0.5800000000000001,"We need to improve our customer satisfaction ratings like, you know.",1
1160,ratings,3.02,3.88,0.8599999999999999,"We need to improve our customer satisfaction ratings like, you know.",1
1160,"like,",3.88,4.94,1.0600000000000005,"We need to improve our customer satisfaction ratings like, you know.",1
1160,you,5.34,6.36,1.0200000000000005,"We need to improve our customer satisfaction ratings like, you know.",1
1160,know.,6.36,6.5,0.1399999999999996,"We need to improve our customer satisfaction ratings like, you know.",1
1033,I'm,0.4600000000000001,0.9,0.4399999999999999,I'm going to the store to buy groceries.,1
1033,going,0.9,1.08,0.18,I'm going to the store to buy groceries.,1
1033,to,1.08,1.26,0.1799999999999999,I'm going to the store to buy groceries.,1
1033,the,1.26,1.38,0.1199999999999998,I'm going to the store to buy groceries.,1
1033,store,1.38,1.72,0.3400000000000001,I'm going to the store to buy groceries.,1
1033,to,1.72,1.94,0.2199999999999999,I'm going to the store to buy groceries.,1
1033,buy,1.94,2.1,0.1600000000000001,I'm going to the store to buy groceries.,1
1033,groceries.,2.1,2.5,0.3999999999999999,I'm going to the store to buy groceries.,1
10013,We'll,0.0,0.46,0.46,"We'll need to um, recalibrate the instruments before the next test.",1
10013,need,0.46,0.6,0.1399999999999999,"We'll need to um, recalibrate the instruments before the next test.",1
10013,to,0.6,0.82,0.2199999999999999,"We'll need to um, recalibrate the instruments before the next test.",1
10013,"um,",0.82,1.0,0.18,"We'll need to um, recalibrate the instruments before the next test.",1
10013,recalibrate,1.2,1.78,0.5800000000000001,"We'll need to um, recalibrate the instruments before the next test.",1
10013,the,1.78,1.92,0.1399999999999999,"We'll need to um, recalibrate the instruments before the next test.",1
10013,instruments,1.92,2.26,0.3399999999999998,"We'll need to um, recalibrate the instruments before the next test.",1
10013,before,2.26,2.62,0.3600000000000003,"We'll need to um, recalibrate the instruments before the next test.",1
10013,the,2.62,2.8,0.1799999999999997,"We'll need to um, recalibrate the instruments before the next test.",1
10013,next,2.8,3.0,0.2000000000000001,"We'll need to um, recalibrate the instruments before the next test.",1
10013,test.,3.0,3.4,0.3999999999999999,"We'll need to um, recalibrate the instruments before the next test.",1
1184,Let's,0.0,0.66,0.66,"Let's plan a weekend get away soon, you know.",1
1184,plan,0.66,0.84,0.1799999999999999,"Let's plan a weekend get away soon, you know.",1
1184,a,0.84,0.96,0.12,"Let's plan a weekend get away soon, you know.",1
1184,weekend,0.96,1.16,0.1999999999999999,"Let's plan a weekend get away soon, you know.",1
1184,get,1.16,1.42,0.26,"Let's plan a weekend get away soon, you know.",1
1184,away,1.42,1.62,0.2000000000000001,"Let's plan a weekend get away soon, you know.",1
1184,"soon,",1.62,1.92,0.2999999999999998,"Let's plan a weekend get away soon, you know.",1
1184,you,2.16,2.26,0.0999999999999996,"Let's plan a weekend get away soon, you know.",1
1184,know.,2.26,2.38,0.1200000000000001,"Let's plan a weekend get away soon, you know.",1
109,The,0.0,1.4,1.4,The new product launch event will be held next like month.,1
109,new,1.4,1.66,0.26,The new product launch event will be held next like month.,1
109,product,1.66,2.08,0.4200000000000001,The new product launch event will be held next like month.,1
109,launch,2.08,2.5,0.4199999999999999,The new product launch event will be held next like month.,1
109,event,2.5,3.0,0.5,The new product launch event will be held next like month.,1
109,will,3.0,4.34,1.34,The new product launch event will be held next like month.,1
109,be,4.34,4.56,0.2199999999999997,The new product launch event will be held next like month.,1
109,held,4.56,5.04,0.4800000000000004,The new product launch event will be held next like month.,1
109,next,5.04,5.52,0.4799999999999995,The new product launch event will be held next like month.,1
109,like,5.52,6.02,0.5,The new product launch event will be held next like month.,1
109,month.,6.02,6.88,0.8600000000000003,The new product launch event will be held next like month.,1
1034,The,0.0,0.74,0.74,The conference call is scheduled for like 3 p.m.,1
1034,conference,0.74,1.28,0.54,The conference call is scheduled for like 3 p.m.,1
1034,call,1.28,1.76,0.48,The conference call is scheduled for like 3 p.m.,1
1034,is,1.76,2.16,0.4000000000000001,The conference call is scheduled for like 3 p.m.,1
1034,scheduled,2.16,2.68,0.52,The conference call is scheduled for like 3 p.m.,1
1034,for,2.68,3.1,0.4199999999999999,The conference call is scheduled for like 3 p.m.,1
1034,like,3.1,4.86,1.7600000000000002,The conference call is scheduled for like 3 p.m.,1
1034,3,4.86,5.58,0.7199999999999998,The conference call is scheduled for like 3 p.m.,1
1034,p,5.58,5.88,0.2999999999999998,The conference call is scheduled for like 3 p.m.,1
1034,.m.,5.88,6.12,0.2400000000000002,The conference call is scheduled for like 3 p.m.,1
1167,"Dad,",0.0,0.66,0.66,"Dad, have you seen my baseball glove anywhere like...",1
1167,have,1.24,1.6,0.3600000000000001,"Dad, have you seen my baseball glove anywhere like...",1
1167,you,1.6,1.74,0.1399999999999999,"Dad, have you seen my baseball glove anywhere like...",1
1167,seen,1.74,1.94,0.1999999999999999,"Dad, have you seen my baseball glove anywhere like...",1
1167,my,1.94,2.14,0.2000000000000001,"Dad, have you seen my baseball glove anywhere like...",1
1167,baseball,2.14,2.52,0.3799999999999999,"Dad, have you seen my baseball glove anywhere like...",1
1167,glove,2.52,2.86,0.3399999999999998,"Dad, have you seen my baseball glove anywhere like...",1
1167,anywhere,2.86,3.34,0.48,"Dad, have you seen my baseball glove anywhere like...",1
1167,like...,3.34,4.5,1.16,"Dad, have you seen my baseball glove anywhere like...",1
1022,The,0.0,0.86,0.86,The office will be closed for renovation next week.,1
1022,office,0.86,1.08,0.22,The office will be closed for renovation next week.,1
1022,will,1.08,1.28,0.1999999999999999,The office will be closed for renovation next week.,1
1022,be,1.28,1.42,0.1399999999999999,The office will be closed for renovation next week.,1
1022,closed,1.42,1.72,0.3,The office will be closed for renovation next week.,1
1022,for,1.72,1.9,0.1799999999999999,The office will be closed for renovation next week.,1
1022,renovation,1.9,2.18,0.2800000000000002,The office will be closed for renovation next week.,1
1022,next,2.18,2.62,0.4399999999999999,The office will be closed for renovation next week.,1
1022,week.,2.62,2.86,0.2399999999999997,The office will be closed for renovation next week.,1
105,Please,0.0,0.94,0.94,Please submit your vacation requests at least two weeks in advance.,1
105,submit,0.94,1.4,0.4599999999999999,Please submit your vacation requests at least two weeks in advance.,1
105,your,1.4,1.66,0.26,Please submit your vacation requests at least two weeks in advance.,1
105,vacation,1.66,2.16,0.5000000000000002,Please submit your vacation requests at least two weeks in advance.,1
105,requests,2.16,2.88,0.7199999999999998,Please submit your vacation requests at least two weeks in advance.,1
105,at,2.88,3.56,0.6800000000000002,Please submit your vacation requests at least two weeks in advance.,1
105,least,3.56,3.78,0.2199999999999997,Please submit your vacation requests at least two weeks in advance.,1
105,two,3.78,4.16,0.3800000000000003,Please submit your vacation requests at least two weeks in advance.,1
105,weeks,4.16,4.62,0.4599999999999999,Please submit your vacation requests at least two weeks in advance.,1
105,in,4.62,5.06,0.4399999999999995,Please submit your vacation requests at least two weeks in advance.,1
105,advance.,5.06,5.58,0.5200000000000005,Please submit your vacation requests at least two weeks in advance.,1
1130,The,0.0,0.56,0.56,The Board of Directors will review the proposal next week.,1
1130,Board,0.56,0.72,0.1599999999999999,The Board of Directors will review the proposal next week.,1
1130,of,0.72,0.88,0.16,The Board of Directors will review the proposal next week.,1
1130,Directors,0.88,1.36,0.4800000000000001,The Board of Directors will review the proposal next week.,1
1130,will,1.36,1.58,0.2199999999999999,The Board of Directors will review the proposal next week.,1
1130,review,1.58,2.08,0.5,The Board of Directors will review the proposal next week.,1
1130,the,2.08,2.26,0.1799999999999997,The Board of Directors will review the proposal next week.,1
1130,proposal,2.26,2.62,0.3600000000000003,The Board of Directors will review the proposal next week.,1
1130,next,2.62,2.96,0.3399999999999998,The Board of Directors will review the proposal next week.,1
1130,week.,2.96,3.22,0.2600000000000002,The Board of Directors will review the proposal next week.,1
1019,Have,0.0,0.52,0.52,Have you reviewed the contract with the legal department?,1
1019,you,0.52,0.76,0.24,Have you reviewed the contract with the legal department?,1
1019,reviewed,0.76,1.5,0.74,Have you reviewed the contract with the legal department?,1
1019,the,1.5,1.76,0.26,Have you reviewed the contract with the legal department?,1
1019,contract,1.76,2.18,0.4200000000000001,Have you reviewed the contract with the legal department?,1
1019,with,2.18,2.46,0.2799999999999998,Have you reviewed the contract with the legal department?,1
1019,the,2.46,2.6,0.1400000000000001,Have you reviewed the contract with the legal department?,1
1019,legal,2.6,2.82,0.2199999999999997,Have you reviewed the contract with the legal department?,1
1019,department?,2.82,3.34,0.52,Have you reviewed the contract with the legal department?,1
1058,I'd,0.0,0.52,0.52,"I'd like to speak to a manager, please.",1
1058,like,0.52,0.6,0.0799999999999999,"I'd like to speak to a manager, please.",1
1058,to,0.6,0.76,0.16,"I'd like to speak to a manager, please.",1
1058,speak,0.76,0.96,0.1999999999999999,"I'd like to speak to a manager, please.",1
1058,to,0.96,1.12,0.1600000000000001,"I'd like to speak to a manager, please.",1
1058,a,1.12,1.2,0.0799999999999998,"I'd like to speak to a manager, please.",1
1058,"manager,",1.2,1.58,0.3800000000000001,"I'd like to speak to a manager, please.",1
1058,please.,1.78,1.98,0.1999999999999999,"I'd like to speak to a manager, please.",1
10024,We,0.0,0.7,0.7,We should well. Schedule a code review before merging the changes.,1
10024,should,0.7,0.9,0.2,We should well. Schedule a code review before merging the changes.,1
10024,well.,0.9,1.2,0.2999999999999999,We should well. Schedule a code review before merging the changes.,1
10024,Schedule,1.94,2.44,0.5,We should well. Schedule a code review before merging the changes.,1
10024,a,2.44,2.58,0.1400000000000001,We should well. Schedule a code review before merging the changes.,1
10024,code,2.58,2.78,0.1999999999999997,We should well. Schedule a code review before merging the changes.,1
10024,review,2.78,3.12,0.3400000000000003,We should well. Schedule a code review before merging the changes.,1
10024,before,3.12,3.6,0.48,We should well. Schedule a code review before merging the changes.,1
10024,merging,3.6,4.02,0.4199999999999995,We should well. Schedule a code review before merging the changes.,1
10024,the,4.02,4.22,0.2000000000000001,We should well. Schedule a code review before merging the changes.,1
10024,changes.,4.22,4.62,0.4000000000000003,We should well. Schedule a code review before merging the changes.,1
1074,Please,0.0,0.8,0.8,Please cite your sources according to APA format.,1
1074,cite,0.8,1.1,0.3,Please cite your sources according to APA format.,1
1074,your,1.1,1.34,0.24,Please cite your sources according to APA format.,1
1074,sources,1.34,1.72,0.3799999999999999,Please cite your sources according to APA format.,1
1074,according,1.72,2.08,0.3600000000000001,Please cite your sources according to APA format.,1
1074,to,2.08,2.48,0.3999999999999999,Please cite your sources according to APA format.,1
1074,APA,2.48,2.94,0.4599999999999999,Please cite your sources according to APA format.,1
1074,format.,2.94,3.36,0.4199999999999999,Please cite your sources according to APA format.,1
1023,I,0.0,1.2,1.2,I think we should implement a new customer feedback system.,1
1023,think,1.2,1.4,0.1999999999999999,I think we should implement a new customer feedback system.,1
1023,we,1.4,1.72,0.32,I think we should implement a new customer feedback system.,1
1023,should,1.72,2.08,0.3600000000000001,I think we should implement a new customer feedback system.,1
1023,implement,2.08,4.42,2.34,I think we should implement a new customer feedback system.,1
1023,a,4.42,4.74,0.3200000000000003,I think we should implement a new customer feedback system.,1
1023,new,4.74,4.92,0.1799999999999997,I think we should implement a new customer feedback system.,1
1023,customer,4.92,5.46,0.54,I think we should implement a new customer feedback system.,1
1023,feedback,5.46,6.02,0.5599999999999996,I think we should implement a new customer feedback system.,1
1023,system.,6.02,6.64,0.6200000000000001,I think we should implement a new customer feedback system.,1
1170,Remember,0.0,0.76,0.76,"Remember to call out Sarah for her birthday tomorrow, you know.",1
1170,to,0.76,0.94,0.1799999999999999,"Remember to call out Sarah for her birthday tomorrow, you know.",1
1170,call,0.94,1.24,0.3,"Remember to call out Sarah for her birthday tomorrow, you know.",1
1170,out,1.24,1.56,0.32,"Remember to call out Sarah for her birthday tomorrow, you know.",1
1170,Sarah,1.56,1.98,0.4199999999999999,"Remember to call out Sarah for her birthday tomorrow, you know.",1
1170,for,1.98,2.26,0.2799999999999998,"Remember to call out Sarah for her birthday tomorrow, you know.",1
1170,her,2.26,2.44,0.1800000000000001,"Remember to call out Sarah for her birthday tomorrow, you know.",1
1170,birthday,2.44,2.86,0.4199999999999999,"Remember to call out Sarah for her birthday tomorrow, you know.",1
1170,"tomorrow,",2.86,3.26,0.3999999999999999,"Remember to call out Sarah for her birthday tomorrow, you know.",1
1170,you,3.64,3.78,0.1399999999999996,"Remember to call out Sarah for her birthday tomorrow, you know.",1
1170,know.,3.78,3.98,0.2000000000000001,"Remember to call out Sarah for her birthday tomorrow, you know.",1
1035,Could,0.0,0.62,0.62,"Could you please proofread this document, er, before sending it?",1
1035,you,0.62,0.74,0.12,"Could you please proofread this document, er, before sending it?",1
1035,please,0.74,1.04,0.3,"Could you please proofread this document, er, before sending it?",1
1035,proofread,1.04,1.46,0.4199999999999999,"Could you please proofread this document, er, before sending it?",1
1035,this,1.46,1.68,0.2199999999999999,"Could you please proofread this document, er, before sending it?",1
1035,"document,",1.68,2.1,0.4200000000000001,"Could you please proofread this document, er, before sending it?",1
1035,"er,",2.3,2.4,0.1,"Could you please proofread this document, er, before sending it?",1
1035,before,2.5,2.7,0.2000000000000001,"Could you please proofread this document, er, before sending it?",1
1035,sending,2.7,3.18,0.48,"Could you please proofread this document, er, before sending it?",1
1035,it?,3.18,3.42,0.2399999999999997,"Could you please proofread this document, er, before sending it?",1
1042,Could,0.0,0.64,0.64,Could you forward that email to the entire team?,1
1042,you,0.64,0.78,0.14,Could you forward that email to the entire team?,1
1042,forward,0.78,1.04,0.26,Could you forward that email to the entire team?,1
1042,that,1.04,1.32,0.28,Could you forward that email to the entire team?,1
1042,email,1.32,1.84,0.52,Could you forward that email to the entire team?,1
1042,to,1.84,3.0,1.16,Could you forward that email to the entire team?,1
1042,the,3.0,3.2,0.2000000000000001,Could you forward that email to the entire team?,1
1042,entire,3.2,3.68,0.48,Could you forward that email to the entire team?,1
1042,team?,3.68,4.0,0.3199999999999998,Could you forward that email to the entire team?,1
108,The,0.0,0.76,0.76,The face it was closed called Stella Riti Boone.,1
108,face,0.76,0.96,0.1999999999999999,The face it was closed called Stella Riti Boone.,1
108,it,0.96,1.08,0.1200000000000001,The face it was closed called Stella Riti Boone.,1
108,was,1.08,1.2,0.1199999999999998,The face it was closed called Stella Riti Boone.,1
108,closed,1.2,1.36,0.1600000000000001,The face it was closed called Stella Riti Boone.,1
108,called,1.36,1.64,0.2799999999999998,The face it was closed called Stella Riti Boone.,1
108,Stella,1.64,1.98,0.3400000000000001,The face it was closed called Stella Riti Boone.,1
108,Riti,1.98,2.34,0.3599999999999999,The face it was closed called Stella Riti Boone.,1
108,Boone.,2.34,2.7,0.3600000000000003,The face it was closed called Stella Riti Boone.,1
108,Please,3.78,4.08,0.2999999999999998,"Please ensure all please, ensure all confidential documents are securely on-stored.",1
108,ensure,4.08,4.56,0.4799999999999995,"Please ensure all please, ensure all confidential documents are securely on-stored.",1
108,all,4.56,4.94,0.3800000000000008,"Please ensure all please, ensure all confidential documents are securely on-stored.",1
108,"please,",4.94,5.24,0.2999999999999998,"Please ensure all please, ensure all confidential documents are securely on-stored.",1
108,ensure,5.5,5.76,0.2599999999999998,"Please ensure all please, ensure all confidential documents are securely on-stored.",1
108,all,5.76,6.0,0.2400000000000002,"Please ensure all please, ensure all confidential documents are securely on-stored.",1
108,confidential,6.0,6.44,0.4400000000000004,"Please ensure all please, ensure all confidential documents are securely on-stored.",1
108,documents,6.44,7.1,0.6599999999999993,"Please ensure all please, ensure all confidential documents are securely on-stored.",1
108,are,7.1,7.3,0.2000000000000001,"Please ensure all please, ensure all confidential documents are securely on-stored.",1
108,securely,7.3,7.72,0.4199999999999999,"Please ensure all please, ensure all confidential documents are securely on-stored.",1
108,on,7.72,7.86,0.1400000000000005,"Please ensure all please, ensure all confidential documents are securely on-stored.",1
108,-stored.,7.86,8.16,0.2999999999999998,"Please ensure all please, ensure all confidential documents are securely on-stored.",1
1185,Make,0.0,0.4,0.4,Make sure to submit your assignment by the deadline.,1
1185,sure,0.4,0.58,0.1799999999999999,Make sure to submit your assignment by the deadline.,1
1185,to,0.58,0.68,0.1,Make sure to submit your assignment by the deadline.,1
1185,submit,0.68,0.9,0.2199999999999999,Make sure to submit your assignment by the deadline.,1
1185,your,0.9,1.02,0.12,Make sure to submit your assignment by the deadline.,1
1185,assignment,1.02,1.36,0.3400000000000001,Make sure to submit your assignment by the deadline.,1
1185,by,1.36,1.54,0.1799999999999999,Make sure to submit your assignment by the deadline.,1
1185,the,1.54,1.66,0.1199999999999998,Make sure to submit your assignment by the deadline.,1
1185,deadline.,1.66,1.94,0.28,Make sure to submit your assignment by the deadline.,1
1039,We,0.0,0.48,0.48,We should review the budgetum before making any decisions.,1
1039,should,0.48,0.66,0.18,We should review the budgetum before making any decisions.,1
1039,review,0.66,0.98,0.3199999999999999,We should review the budgetum before making any decisions.,1
1039,the,0.98,1.22,0.24,We should review the budgetum before making any decisions.,1
1039,budgetum,1.22,1.78,0.56,We should review the budgetum before making any decisions.,1
1039,before,1.78,2.46,0.6799999999999999,We should review the budgetum before making any decisions.,1
1039,making,2.46,2.94,0.48,We should review the budgetum before making any decisions.,1
1039,any,2.94,3.26,0.3199999999999998,We should review the budgetum before making any decisions.,1
1039,decisions.,3.26,3.74,0.4800000000000004,We should review the budgetum before making any decisions.,1
1041,We,0.0,0.42,0.42,"We need to finalize the contract, well, by tomorrow.",1
1041,need,0.42,0.54,0.12,"We need to finalize the contract, well, by tomorrow.",1
1041,to,0.54,0.7,0.1599999999999999,"We need to finalize the contract, well, by tomorrow.",1
1041,finalize,0.7,1.26,0.56,"We need to finalize the contract, well, by tomorrow.",1
1041,the,1.26,1.38,0.1199999999999998,"We need to finalize the contract, well, by tomorrow.",1
1041,"contract,",1.38,1.8,0.4200000000000001,"We need to finalize the contract, well, by tomorrow.",1
1041,"well,",2.04,2.24,0.2000000000000001,"We need to finalize the contract, well, by tomorrow.",1
1041,by,2.42,2.52,0.1,"We need to finalize the contract, well, by tomorrow.",1
1041,tomorrow.,2.52,2.82,0.2999999999999998,"We need to finalize the contract, well, by tomorrow.",1
1145,Please,0.0,0.7,0.7,Please have your passport and boarding pass ready for inspection. Well.,1
1145,have,0.7,0.94,0.24,Please have your passport and boarding pass ready for inspection. Well.,1
1145,your,0.94,1.12,0.1800000000000001,Please have your passport and boarding pass ready for inspection. Well.,1
1145,passport,1.12,1.46,0.3399999999999998,Please have your passport and boarding pass ready for inspection. Well.,1
1145,and,1.46,1.8,0.3400000000000001,Please have your passport and boarding pass ready for inspection. Well.,1
1145,boarding,1.8,2.08,0.28,Please have your passport and boarding pass ready for inspection. Well.,1
1145,pass,2.08,2.58,0.5,Please have your passport and boarding pass ready for inspection. Well.,1
1145,ready,2.58,3.72,1.14,Please have your passport and boarding pass ready for inspection. Well.,1
1145,for,3.72,3.96,0.2399999999999997,Please have your passport and boarding pass ready for inspection. Well.,1
1145,inspection.,3.96,4.5,0.54,Please have your passport and boarding pass ready for inspection. Well.,1
1145,Well.,4.98,5.66,0.6799999999999997,Please have your passport and boarding pass ready for inspection. Well.,1
1000,The,0.0,0.64,0.64,The presentation will be held in the main auditorium on.,1
1000,presentation,0.64,1.34,0.7000000000000001,The presentation will be held in the main auditorium on.,1
1000,will,1.34,1.62,0.28,The presentation will be held in the main auditorium on.,1
1000,be,1.62,1.78,0.1599999999999999,The presentation will be held in the main auditorium on.,1
1000,held,1.78,2.1,0.32,The presentation will be held in the main auditorium on.,1
1000,in,2.1,2.24,0.1400000000000001,The presentation will be held in the main auditorium on.,1
1000,the,2.24,2.34,0.0999999999999996,The presentation will be held in the main auditorium on.,1
1000,main,2.34,2.58,0.2400000000000002,The presentation will be held in the main auditorium on.,1
1000,auditorium,2.58,3.42,0.8399999999999999,The presentation will be held in the main auditorium on.,1
1000,on.,3.42,3.66,0.2400000000000002,The presentation will be held in the main auditorium on.,1
1186,The,0.0,0.62,0.62,The library has extended its hours during finals week A.,1
1186,library,0.62,1.2,0.58,The library has extended its hours during finals week A.,1
1186,has,1.2,1.68,0.48,The library has extended its hours during finals week A.,1
1186,extended,1.68,2.24,0.5600000000000003,The library has extended its hours during finals week A.,1
1186,its,2.24,2.52,0.2799999999999998,The library has extended its hours during finals week A.,1
1186,hours,2.52,2.92,0.3999999999999999,The library has extended its hours during finals week A.,1
1186,during,2.92,3.6,0.6800000000000002,The library has extended its hours during finals week A.,1
1186,finals,3.6,4.18,0.5799999999999996,The library has extended its hours during finals week A.,1
1186,week,4.18,4.7,0.5200000000000005,The library has extended its hours during finals week A.,1
1186,A.,4.7,5.22,0.5199999999999996,The library has extended its hours during finals week A.,1
1169,We,0.5800000000000001,1.1,0.52,We need to schedule a dentist appointment for the kids at.,1
1169,need,1.1,1.28,0.1799999999999999,We need to schedule a dentist appointment for the kids at.,1
1169,to,1.28,1.46,0.1799999999999999,We need to schedule a dentist appointment for the kids at.,1
1169,schedule,1.46,1.88,0.4199999999999999,We need to schedule a dentist appointment for the kids at.,1
1169,a,1.88,2.12,0.2400000000000002,We need to schedule a dentist appointment for the kids at.,1
1169,dentist,2.12,2.4,0.2799999999999998,We need to schedule a dentist appointment for the kids at.,1
1169,appointment,2.4,3.0,0.6000000000000001,We need to schedule a dentist appointment for the kids at.,1
1169,for,3.0,3.3,0.2999999999999998,We need to schedule a dentist appointment for the kids at.,1
1169,the,3.3,3.46,0.1600000000000001,We need to schedule a dentist appointment for the kids at.,1
1169,kids,3.46,3.74,0.2800000000000002,We need to schedule a dentist appointment for the kids at.,1
1169,at.,3.74,3.96,0.2199999999999997,We need to schedule a dentist appointment for the kids at.,1
10011,Could,0.0,1.24,1.24,Could you please provide a well?,1
10011,you,1.24,1.46,0.2199999999999999,Could you please provide a well?,1
10011,please,1.46,1.86,0.4000000000000001,Could you please provide a well?,1
10011,provide,1.86,2.24,0.3800000000000001,Could you please provide a well?,1
10011,a,2.24,2.5,0.2599999999999998,Could you please provide a well?,1
10011,well?,2.5,2.86,0.3599999999999999,Could you please provide a well?,1
10011,Detailed,3.7,4.26,0.5599999999999996,Detailed breakdown of the expenses.,1
10011,breakdown,4.26,4.84,0.5800000000000001,Detailed breakdown of the expenses.,1
10011,of,4.84,5.34,0.5,Detailed breakdown of the expenses.,1
10011,the,5.34,5.52,0.1799999999999997,Detailed breakdown of the expenses.,1
10011,expenses.,5.52,6.12,0.6000000000000005,Detailed breakdown of the expenses.,1
10027,The,0.0,0.96,0.96,The surgery is scheduled for you now.,1
10027,surgery,0.96,1.4,0.4399999999999999,The surgery is scheduled for you now.,1
10027,is,1.4,1.64,0.24,The surgery is scheduled for you now.,1
10027,scheduled,1.64,2.06,0.4200000000000001,The surgery is scheduled for you now.,1
10027,for,2.06,2.36,0.2999999999999998,The surgery is scheduled for you now.,1
10027,you,2.36,2.46,0.1,The surgery is scheduled for you now.,1
10027,now.,2.46,2.66,0.2000000000000001,The surgery is scheduled for you now.,1
10027,Next,3.34,3.7,0.3600000000000003,Next Tuesday morning.,1
10027,Tuesday,3.7,4.16,0.4599999999999999,Next Tuesday morning.,1
10027,morning.,4.16,4.58,0.4199999999999999,Next Tuesday morning.,1
1098,We,0.0,0.8,0.8,We should implement the new system by next quarter.,1
1098,should,0.8,1.18,0.3799999999999999,We should implement the new system by next quarter.,1
1098,implement,1.18,2.04,0.8600000000000001,We should implement the new system by next quarter.,1
1098,the,2.04,2.76,0.7199999999999998,We should implement the new system by next quarter.,1
1098,new,2.76,3.02,0.2600000000000002,We should implement the new system by next quarter.,1
1098,system,3.02,3.64,0.6200000000000001,We should implement the new system by next quarter.,1
1098,by,3.64,4.14,0.4999999999999995,We should implement the new system by next quarter.,1
1098,next,4.14,4.5,0.3600000000000003,We should implement the new system by next quarter.,1
1098,quarter.,4.5,4.96,0.4599999999999999,We should implement the new system by next quarter.,1
1021,We,0.0,0.8,0.8,We need to discuss the upcoming product launch strategy.,1
1021,need,0.8,0.98,0.1799999999999999,We need to discuss the upcoming product launch strategy.,1
1021,to,0.98,1.14,0.1599999999999999,We need to discuss the upcoming product launch strategy.,1
1021,discuss,1.14,1.52,0.3800000000000001,We need to discuss the upcoming product launch strategy.,1
1021,the,1.52,2.28,0.7599999999999998,We need to discuss the upcoming product launch strategy.,1
1021,upcoming,2.28,2.68,0.4000000000000003,We need to discuss the upcoming product launch strategy.,1
1021,product,2.68,3.2,0.52,We need to discuss the upcoming product launch strategy.,1
1021,launch,3.2,3.68,0.48,We need to discuss the upcoming product launch strategy.,1
1021,strategy.,3.68,4.36,0.6800000000000002,We need to discuss the upcoming product launch strategy.,1
1021,You,4.78,5.3,0.5199999999999996,You know...,1
1021,know...,5.3,5.76,0.4599999999999999,You know...,1
106,The,0.0,0.64,0.64,"The new employee handbook will be distributed next well, week.",1
106,new,0.64,0.82,0.1799999999999999,"The new employee handbook will be distributed next well, week.",1
106,employee,0.82,1.28,0.4600000000000001,"The new employee handbook will be distributed next well, week.",1
106,handbook,1.28,1.78,0.5,"The new employee handbook will be distributed next well, week.",1
106,will,1.78,2.02,0.24,"The new employee handbook will be distributed next well, week.",1
106,be,2.02,2.2,0.1800000000000001,"The new employee handbook will be distributed next well, week.",1
106,distributed,2.2,2.76,0.5599999999999996,"The new employee handbook will be distributed next well, week.",1
106,next,2.76,3.08,0.3200000000000003,"The new employee handbook will be distributed next well, week.",1
106,"well,",3.08,3.44,0.3599999999999999,"The new employee handbook will be distributed next well, week.",1
106,week.,4.0,4.22,0.2199999999999997,"The new employee handbook will be distributed next well, week.",1
10026,Have,0.0,1.3,1.3,Have you been experiencing any like side effects from the medication?,1
10026,you,1.3,1.46,0.1599999999999999,Have you been experiencing any like side effects from the medication?,1
10026,been,1.46,1.6,0.1400000000000001,Have you been experiencing any like side effects from the medication?,1
10026,experiencing,1.6,2.3,0.6999999999999997,Have you been experiencing any like side effects from the medication?,1
10026,any,2.3,2.78,0.48,Have you been experiencing any like side effects from the medication?,1
10026,like,2.78,3.16,0.3800000000000003,Have you been experiencing any like side effects from the medication?,1
10026,side,3.16,4.08,0.92,Have you been experiencing any like side effects from the medication?,1
10026,effects,4.08,4.42,0.3399999999999998,Have you been experiencing any like side effects from the medication?,1
10026,from,4.42,4.84,0.4199999999999999,Have you been experiencing any like side effects from the medication?,1
10026,the,4.84,4.98,0.1400000000000005,Have you been experiencing any like side effects from the medication?,1
10026,medication?,4.98,5.44,0.4599999999999999,Have you been experiencing any like side effects from the medication?,1
10010,The,0.0,1.28,1.28,"The project was completed you know, under budget and ahead of schedule.",1
10010,project,1.28,1.7,0.4199999999999999,"The project was completed you know, under budget and ahead of schedule.",1
10010,was,1.7,2.02,0.32,"The project was completed you know, under budget and ahead of schedule.",1
10010,completed,2.02,2.54,0.52,"The project was completed you know, under budget and ahead of schedule.",1
10010,you,2.54,2.78,0.2399999999999997,"The project was completed you know, under budget and ahead of schedule.",1
10010,"know,",2.78,3.06,0.2800000000000002,"The project was completed you know, under budget and ahead of schedule.",1
10010,under,3.38,3.82,0.4399999999999999,"The project was completed you know, under budget and ahead of schedule.",1
10010,budget,3.82,4.2,0.3800000000000003,"The project was completed you know, under budget and ahead of schedule.",1
10010,and,4.2,4.68,0.4799999999999995,"The project was completed you know, under budget and ahead of schedule.",1
10010,ahead,4.68,4.94,0.2600000000000007,"The project was completed you know, under budget and ahead of schedule.",1
10010,of,4.94,5.1,0.1599999999999992,"The project was completed you know, under budget and ahead of schedule.",1
10010,schedule.,5.1,5.54,0.4400000000000004,"The project was completed you know, under budget and ahead of schedule.",1
1113,Students,0.0,0.76,0.76,"Students are required to submit their essays by next week, like...",1
1113,are,0.76,0.98,0.2199999999999999,"Students are required to submit their essays by next week, like...",1
1113,required,0.98,1.5,0.52,"Students are required to submit their essays by next week, like...",1
1113,to,1.5,1.82,0.32,"Students are required to submit their essays by next week, like...",1
1113,submit,1.82,2.2,0.3800000000000001,"Students are required to submit their essays by next week, like...",1
1113,their,2.2,2.48,0.2799999999999998,"Students are required to submit their essays by next week, like...",1
1113,essays,2.48,2.86,0.3799999999999999,"Students are required to submit their essays by next week, like...",1
1113,by,2.86,3.22,0.3600000000000003,"Students are required to submit their essays by next week, like...",1
1113,next,3.22,3.54,0.3199999999999998,"Students are required to submit their essays by next week, like...",1
1113,"week,",3.54,3.9,0.3599999999999999,"Students are required to submit their essays by next week, like...",1
1113,like...,4.28,4.84,0.5599999999999996,"Students are required to submit their essays by next week, like...",1
1017,Could,0.0,0.72,0.72,Could you please provide an update on the project status like?,1
1017,you,0.72,0.84,0.12,Could you please provide an update on the project status like?,1
1017,please,0.84,1.16,0.3199999999999999,Could you please provide an update on the project status like?,1
1017,provide,1.16,1.44,0.28,Could you please provide an update on the project status like?,1
1017,an,1.44,1.64,0.1999999999999999,Could you please provide an update on the project status like?,1
1017,update,1.64,1.94,0.3,Could you please provide an update on the project status like?,1
1017,on,1.94,2.16,0.2200000000000002,Could you please provide an update on the project status like?,1
1017,the,2.16,2.28,0.1199999999999996,Could you please provide an update on the project status like?,1
1017,project,2.28,2.6,0.3200000000000003,Could you please provide an update on the project status like?,1
1017,status,2.6,3.12,0.52,Could you please provide an update on the project status like?,1
1017,like?,3.12,3.48,0.3599999999999999,Could you please provide an update on the project status like?,1
1159,Have,0.7200000000000002,1.44,0.7199999999999998,Have you finished the quarterly financial report with?,1
1159,you,1.44,1.6,0.1600000000000001,Have you finished the quarterly financial report with?,1
1159,finished,1.6,1.96,0.3599999999999999,Have you finished the quarterly financial report with?,1
1159,the,1.96,2.16,0.2000000000000001,Have you finished the quarterly financial report with?,1
1159,quarterly,2.16,2.52,0.3599999999999999,Have you finished the quarterly financial report with?,1
1159,financial,2.52,3.04,0.52,Have you finished the quarterly financial report with?,1
1159,report,3.04,3.42,0.3799999999999999,Have you finished the quarterly financial report with?,1
1159,with?,3.42,3.78,0.3599999999999999,Have you finished the quarterly financial report with?,1
1118,We'll,0.0,0.68,0.68,We'll need to unschedule or follow up appointment in two weeks.,1
1118,need,0.68,0.82,0.1399999999999999,We'll need to unschedule or follow up appointment in two weeks.,1
1118,to,0.82,0.98,0.16,We'll need to unschedule or follow up appointment in two weeks.,1
1118,unschedule,0.98,1.48,0.5,We'll need to unschedule or follow up appointment in two weeks.,1
1118,or,1.48,1.62,0.1400000000000001,We'll need to unschedule or follow up appointment in two weeks.,1
1118,follow,1.62,1.84,0.2199999999999999,We'll need to unschedule or follow up appointment in two weeks.,1
1118,up,1.84,2.0,0.1599999999999999,We'll need to unschedule or follow up appointment in two weeks.,1
1118,appointment,2.0,2.28,0.2799999999999998,We'll need to unschedule or follow up appointment in two weeks.,1
1118,in,2.28,2.58,0.3000000000000002,We'll need to unschedule or follow up appointment in two weeks.,1
1118,two,2.58,2.8,0.2199999999999997,We'll need to unschedule or follow up appointment in two weeks.,1
1118,weeks.,2.8,3.06,0.2600000000000002,We'll need to unschedule or follow up appointment in two weeks.,1
1026,We,0.0,0.6,0.6,We need to improve our internal communication channels.,1
1026,need,0.6,0.78,0.18,We need to improve our internal communication channels.,1
1026,to,0.78,0.94,0.1599999999999999,We need to improve our internal communication channels.,1
1026,improve,0.94,1.3,0.3600000000000001,We need to improve our internal communication channels.,1
1026,our,1.3,1.6,0.3,We need to improve our internal communication channels.,1
1026,internal,1.6,2.02,0.4199999999999999,We need to improve our internal communication channels.,1
1026,communication,2.02,2.64,0.6200000000000001,We need to improve our internal communication channels.,1
1026,channels.,2.64,3.4,0.7599999999999998,We need to improve our internal communication channels.,1
1026,The,3.96,4.48,0.5200000000000005,The,1
1088,The,0.0,1.12,1.12,The weather forecast predicts heavy rain tomorrow were.,1
1088,weather,1.12,1.4,0.2799999999999998,The weather forecast predicts heavy rain tomorrow were.,1
1088,forecast,1.4,1.92,0.52,The weather forecast predicts heavy rain tomorrow were.,1
1088,predicts,1.92,2.8,0.8799999999999999,The weather forecast predicts heavy rain tomorrow were.,1
1088,heavy,2.8,3.5,0.7000000000000002,The weather forecast predicts heavy rain tomorrow were.,1
1088,rain,3.5,3.78,0.2799999999999998,The weather forecast predicts heavy rain tomorrow were.,1
1088,tomorrow,3.78,4.18,0.3999999999999999,The weather forecast predicts heavy rain tomorrow were.,1
1088,were.,4.18,4.6,0.4199999999999999,The weather forecast predicts heavy rain tomorrow were.,1
1051,We,1.38,1.84,0.4599999999999999,We need to save money to for our vacation.,1
1051,need,1.84,2.02,0.1799999999999999,We need to save money to for our vacation.,1
1051,to,2.02,2.22,0.2000000000000001,We need to save money to for our vacation.,1
1051,save,2.22,2.48,0.2599999999999998,We need to save money to for our vacation.,1
1051,money,2.48,2.88,0.3999999999999999,We need to save money to for our vacation.,1
1051,to,2.88,3.24,0.3600000000000003,We need to save money to for our vacation.,1
1051,for,3.24,3.42,0.1799999999999997,We need to save money to for our vacation.,1
1051,our,3.42,3.62,0.2000000000000001,We need to save money to for our vacation.,1
1051,vacation.,3.62,4.16,0.54,We need to save money to for our vacation.,1
1084,In,0.0,0.4,0.4,"In case of fire, use the stairs, well, not the elevator.",1
1084,case,0.4,0.62,0.2199999999999999,"In case of fire, use the stairs, well, not the elevator.",1
1084,of,0.62,0.88,0.26,"In case of fire, use the stairs, well, not the elevator.",1
1084,"fire,",0.88,1.14,0.2599999999999999,"In case of fire, use the stairs, well, not the elevator.",1
1084,use,1.32,1.5,0.1799999999999999,"In case of fire, use the stairs, well, not the elevator.",1
1084,the,1.5,1.64,0.1399999999999999,"In case of fire, use the stairs, well, not the elevator.",1
1084,"stairs,",1.64,1.92,0.28,"In case of fire, use the stairs, well, not the elevator.",1
1084,"well,",2.24,2.44,0.1999999999999997,"In case of fire, use the stairs, well, not the elevator.",1
1084,not,2.74,2.92,0.1799999999999997,"In case of fire, use the stairs, well, not the elevator.",1
1084,the,2.92,3.14,0.2200000000000002,"In case of fire, use the stairs, well, not the elevator.",1
1084,elevator.,3.14,3.48,0.3399999999999998,"In case of fire, use the stairs, well, not the elevator.",1
10016,The,0.0,0.86,0.86,The conference will well feature keynote speakers from various disciplines.,1
10016,conference,0.86,1.32,0.4600000000000001,The conference will well feature keynote speakers from various disciplines.,1
10016,will,1.32,1.68,0.3599999999999999,The conference will well feature keynote speakers from various disciplines.,1
10016,well,1.68,2.02,0.3400000000000001,The conference will well feature keynote speakers from various disciplines.,1
10016,feature,2.02,2.74,0.7200000000000002,The conference will well feature keynote speakers from various disciplines.,1
10016,keynote,2.74,3.36,0.6199999999999997,The conference will well feature keynote speakers from various disciplines.,1
10016,speakers,3.36,4.02,0.6599999999999997,The conference will well feature keynote speakers from various disciplines.,1
10016,from,4.02,4.58,0.5600000000000005,The conference will well feature keynote speakers from various disciplines.,1
10016,various,4.58,5.18,0.5999999999999996,The conference will well feature keynote speakers from various disciplines.,1
10016,disciplines.,5.18,5.92,0.7400000000000002,The conference will well feature keynote speakers from various disciplines.,1
1139,The,0.0,0.36,0.36,The new treatment has shown promising results in clinical trials at.,1
1139,new,0.36,0.48,0.12,The new treatment has shown promising results in clinical trials at.,1
1139,treatment,0.48,0.76,0.28,The new treatment has shown promising results in clinical trials at.,1
1139,has,0.76,0.96,0.1999999999999999,The new treatment has shown promising results in clinical trials at.,1
1139,shown,0.96,1.14,0.1799999999999999,The new treatment has shown promising results in clinical trials at.,1
1139,promising,1.14,1.54,0.4000000000000001,The new treatment has shown promising results in clinical trials at.,1
1139,results,1.54,1.96,0.4199999999999999,The new treatment has shown promising results in clinical trials at.,1
1139,in,1.96,2.2,0.2400000000000002,The new treatment has shown promising results in clinical trials at.,1
1139,clinical,2.2,2.5,0.2999999999999998,The new treatment has shown promising results in clinical trials at.,1
1139,trials,2.5,2.9,0.3999999999999999,The new treatment has shown promising results in clinical trials at.,1
1139,at.,2.9,3.06,0.1600000000000001,The new treatment has shown promising results in clinical trials at.,1
1103,We,1.9599999999999995,2.6,0.6400000000000006,We need to discuss our vacation plans for next summer at...,1
1103,need,2.6,2.76,0.1599999999999997,We need to discuss our vacation plans for next summer at...,1
1103,to,2.76,2.94,0.1800000000000001,We need to discuss our vacation plans for next summer at...,1
1103,discuss,2.94,3.24,0.3000000000000002,We need to discuss our vacation plans for next summer at...,1
1103,our,3.24,3.66,0.4199999999999999,We need to discuss our vacation plans for next summer at...,1
1103,vacation,3.66,4.16,0.5,We need to discuss our vacation plans for next summer at...,1
1103,plans,4.16,4.62,0.4599999999999999,We need to discuss our vacation plans for next summer at...,1
1103,for,4.62,4.84,0.2199999999999997,We need to discuss our vacation plans for next summer at...,1
1103,next,4.84,5.1,0.2599999999999998,We need to discuss our vacation plans for next summer at...,1
1103,summer,5.1,5.42,0.3200000000000003,We need to discuss our vacation plans for next summer at...,1
1103,at...,5.42,5.8,0.3799999999999999,We need to discuss our vacation plans for next summer at...,1
1089,She,0.0,0.68,0.68,She quickly ran to catch really the bus.,1
1089,quickly,0.68,1.1,0.42,She quickly ran to catch really the bus.,1
1089,ran,1.1,1.42,0.3199999999999998,She quickly ran to catch really the bus.,1
1089,to,1.42,1.74,0.32,She quickly ran to catch really the bus.,1
1089,catch,1.74,2.16,0.4200000000000001,She quickly ran to catch really the bus.,1
1089,really,2.16,2.62,0.4599999999999999,She quickly ran to catch really the bus.,1
1089,the,2.62,2.82,0.1999999999999997,She quickly ran to catch really the bus.,1
1089,bus.,2.82,3.08,0.2600000000000002,She quickly ran to catch really the bus.,1
1174,Is,0.0,0.66,0.66,Is there anything else I can help you with today like?,1
1174,there,0.66,0.82,0.1599999999999999,Is there anything else I can help you with today like?,1
1174,anything,0.82,1.18,0.36,Is there anything else I can help you with today like?,1
1174,else,1.18,1.46,0.28,Is there anything else I can help you with today like?,1
1174,I,1.46,1.62,0.1600000000000001,Is there anything else I can help you with today like?,1
1174,can,1.62,1.74,0.1199999999999998,Is there anything else I can help you with today like?,1
1174,help,1.74,1.98,0.24,Is there anything else I can help you with today like?,1
1174,you,1.98,2.18,0.2000000000000001,Is there anything else I can help you with today like?,1
1174,with,2.18,2.34,0.1599999999999997,Is there anything else I can help you with today like?,1
1174,today,2.34,2.66,0.3200000000000003,Is there anything else I can help you with today like?,1
1174,like?,2.66,3.0,0.3399999999999998,Is there anything else I can help you with today like?,1
1119,The,0.0,0.66,0.66,The medication should be taken twice daily with food too.,1
1119,medication,0.66,1.28,0.62,The medication should be taken twice daily with food too.,1
1119,should,1.28,1.68,0.3999999999999999,The medication should be taken twice daily with food too.,1
1119,be,1.68,1.9,0.2199999999999999,The medication should be taken twice daily with food too.,1
1119,taken,1.9,2.28,0.3799999999999999,The medication should be taken twice daily with food too.,1
1119,twice,2.28,2.76,0.48,The medication should be taken twice daily with food too.,1
1119,daily,2.76,3.18,0.4200000000000004,The medication should be taken twice daily with food too.,1
1119,with,3.18,3.48,0.2999999999999998,The medication should be taken twice daily with food too.,1
1119,food,3.48,3.82,0.3399999999999998,The medication should be taken twice daily with food too.,1
1119,too.,3.82,4.08,0.2600000000000002,The medication should be taken twice daily with food too.,1
1120,If,0.0,0.18,0.18,"If you hear the fire alarm, evacuate the building immediately.",3
1120,you,0.18,0.28,0.1,"If you hear the fire alarm, evacuate the building immediately.",3
1120,hear,0.28,0.4,0.12,"If you hear the fire alarm, evacuate the building immediately.",3
1120,the,0.4,0.58,0.1799999999999999,"If you hear the fire alarm, evacuate the building immediately.",3
1120,fire,0.58,0.8,0.22,"If you hear the fire alarm, evacuate the building immediately.",3
1120,"alarm,",0.8,1.26,0.4599999999999999,"If you hear the fire alarm, evacuate the building immediately.",3
1120,evacuate,1.74,2.24,0.5000000000000002,"If you hear the fire alarm, evacuate the building immediately.",3
1120,the,2.24,4.22,1.9799999999999995,"If you hear the fire alarm, evacuate the building immediately.",3
1120,building,4.22,4.6,0.3799999999999999,"If you hear the fire alarm, evacuate the building immediately.",3
1120,immediately.,4.6,5.1,0.5,"If you hear the fire alarm, evacuate the building immediately.",3
1065,just,0.0,0.28,0.28,just adopted the...,3
1065,adopted,0.28,0.74,0.4599999999999999,just adopted the...,3
1065,the...,0.74,2.38,1.64,just adopted the...,3
1065,cutest,3.959999999999998,4.72,0.7600000000000016,cutest puppy ever.,3
1065,puppy,4.72,5.1,0.3799999999999999,cutest puppy ever.,3
1065,ever.,5.1,5.48,0.3800000000000008,cutest puppy ever.,3
1049,Don't,0.0,0.32,0.32,Don't forget to inform you bank about your travel plans.,3
1049,forget,0.32,0.54,0.22,Don't forget to inform you bank about your travel plans.,3
1049,to,0.54,0.76,0.2199999999999999,Don't forget to inform you bank about your travel plans.,3
1049,inform,0.76,1.02,0.26,Don't forget to inform you bank about your travel plans.,3
1049,you,1.02,1.18,0.1599999999999999,Don't forget to inform you bank about your travel plans.,3
1049,bank,1.18,1.4,0.2199999999999999,Don't forget to inform you bank about your travel plans.,3
1049,about,1.4,1.68,0.28,Don't forget to inform you bank about your travel plans.,3
1049,your,1.68,3.22,1.5400000000000005,Don't forget to inform you bank about your travel plans.,3
1049,travel,3.22,5.34,2.1199999999999997,Don't forget to inform you bank about your travel plans.,3
1049,plans.,5.34,5.9,0.5600000000000005,Don't forget to inform you bank about your travel plans.,3
1069,What's,0.0,0.32,0.32,What's your interpretation of?,3
1069,your,0.32,0.4,0.08,What's your interpretation of?,3
1069,interpretation,0.4,0.94,0.5399999999999999,What's your interpretation of?,3
1069,of?,0.94,1.56,0.6200000000000001,What's your interpretation of?,3
1069,The,4.74,5.56,0.8199999999999994,The symbolic elements in the painting.,3
1069,symbolic,5.56,5.98,0.4200000000000008,The symbolic elements in the painting.,3
1069,elements,5.98,6.44,0.4599999999999999,The symbolic elements in the painting.,3
1069,in,6.44,6.72,0.2799999999999993,The symbolic elements in the painting.,3
1069,the,6.72,6.82,0.1000000000000005,The symbolic elements in the painting.,3
1069,painting.,6.82,7.22,0.3999999999999994,The symbolic elements in the painting.,3
1004,The,0.0,0.14,0.14,The latest software update includes several bug fixes and performance improvements.,3
1004,latest,0.14,0.52,0.38,The latest software update includes several bug fixes and performance improvements.,3
1004,software,0.52,1.22,0.7,The latest software update includes several bug fixes and performance improvements.,3
1004,update,1.22,1.72,0.5,The latest software update includes several bug fixes and performance improvements.,3
1004,includes,1.72,2.36,0.6399999999999999,The latest software update includes several bug fixes and performance improvements.,3
1004,several,2.36,5.26,2.9,The latest software update includes several bug fixes and performance improvements.,3
1004,bug,5.26,5.68,0.4199999999999999,The latest software update includes several bug fixes and performance improvements.,3
1004,fixes,5.68,6.34,0.6600000000000001,The latest software update includes several bug fixes and performance improvements.,3
1004,and,6.34,6.78,0.4400000000000004,The latest software update includes several bug fixes and performance improvements.,3
1004,performance,6.78,7.42,0.6399999999999997,The latest software update includes several bug fixes and performance improvements.,3
1004,improvements.,7.42,8.54,1.1199999999999992,The latest software update includes several bug fixes and performance improvements.,3
1116,The,0.0,0.12,0.12,The new treatment shows promising results in clinical trials.,3
1116,new,0.12,0.28,0.16,The new treatment shows promising results in clinical trials.,3
1116,treatment,0.28,0.6,0.3199999999999999,The new treatment shows promising results in clinical trials.,3
1116,shows,0.6,1.16,0.5599999999999999,The new treatment shows promising results in clinical trials.,3
1116,promising,1.16,2.5,1.34,The new treatment shows promising results in clinical trials.,3
1116,results,2.5,3.02,0.52,The new treatment shows promising results in clinical trials.,3
1116,in,3.02,3.28,0.2599999999999998,The new treatment shows promising results in clinical trials.,3
1116,clinical,3.28,3.66,0.3800000000000003,The new treatment shows promising results in clinical trials.,3
1116,trials.,3.66,4.12,0.4599999999999999,The new treatment shows promising results in clinical trials.,3
1045,The,0.0,0.14,0.14,The lecture on ancient civilizations was incredibly informative.,3
1045,lecture,0.14,0.46,0.32,The lecture on ancient civilizations was incredibly informative.,3
1045,on,0.46,0.88,0.42,The lecture on ancient civilizations was incredibly informative.,3
1045,ancient,0.88,3.2,2.3200000000000003,The lecture on ancient civilizations was incredibly informative.,3
1045,civilizations,3.2,3.84,0.6399999999999997,The lecture on ancient civilizations was incredibly informative.,3
1045,was,3.84,4.4,0.5600000000000005,The lecture on ancient civilizations was incredibly informative.,3
1045,incredibly,4.4,5.0,0.5999999999999996,The lecture on ancient civilizations was incredibly informative.,3
1045,informative.,5.0,5.92,0.92,The lecture on ancient civilizations was incredibly informative.,3
1012,the,0.0,0.12,0.12,the new AI algorithm card and process data much faster than previous versions.,3
1012,new,0.12,0.38,0.26,the new AI algorithm card and process data much faster than previous versions.,3
1012,AI,0.38,0.68,0.3,the new AI algorithm card and process data much faster than previous versions.,3
1012,algorithm,0.68,1.2,0.5199999999999999,the new AI algorithm card and process data much faster than previous versions.,3
1012,card,1.2,1.68,0.48,the new AI algorithm card and process data much faster than previous versions.,3
1012,and,1.68,2.74,1.0600000000000005,the new AI algorithm card and process data much faster than previous versions.,3
1012,process,2.74,4.6,1.8599999999999992,the new AI algorithm card and process data much faster than previous versions.,3
1012,data,4.6,5.02,0.4199999999999999,the new AI algorithm card and process data much faster than previous versions.,3
1012,much,5.02,5.26,0.2400000000000002,the new AI algorithm card and process data much faster than previous versions.,3
1012,faster,5.26,5.86,0.6000000000000005,the new AI algorithm card and process data much faster than previous versions.,3
1012,than,5.86,6.0,0.1399999999999996,the new AI algorithm card and process data much faster than previous versions.,3
1012,previous,6.0,6.38,0.3799999999999999,the new AI algorithm card and process data much faster than previous versions.,3
1012,versions.,6.38,7.04,0.6600000000000001,the new AI algorithm card and process data much faster than previous versions.,3
1157,If,0.0,0.18,0.18,"If you smell gas, open.",3
1157,you,0.18,0.28,0.1,"If you smell gas, open.",3
1157,smell,0.28,0.5,0.2199999999999999,"If you smell gas, open.",3
1157,"gas,",0.5,0.84,0.3399999999999999,"If you smell gas, open.",3
1157,open.,1.16,1.48,0.32,"If you smell gas, open.",3
1157,All,3.0600000000000005,3.74,0.6799999999999997,All windows and doors immediately.,3
1157,windows,3.74,4.14,0.3999999999999994,All windows and doors immediately.,3
1157,and,4.14,4.5,0.3600000000000003,All windows and doors immediately.,3
1157,doors,4.5,4.78,0.2800000000000002,All windows and doors immediately.,3
1157,immediately.,4.78,5.18,0.3999999999999994,All windows and doors immediately.,3
1013,What's,0.0,0.36,0.36,What's your favorite scene from?,3
1013,your,0.36,0.48,0.12,What's your favorite scene from?,3
1013,favorite,0.48,0.98,0.5,What's your favorite scene from?,3
1013,scene,0.98,1.36,0.3800000000000001,What's your favorite scene from?,3
1013,from?,1.36,1.72,0.3599999999999999,What's your favorite scene from?,3
1013,The,5.0,5.42,0.4199999999999999,The movie we watched last night.,3
1013,movie,5.42,5.86,0.4400000000000004,The movie we watched last night.,3
1013,we,5.86,6.16,0.2999999999999998,The movie we watched last night.,3
1013,watched,6.16,6.58,0.4199999999999999,The movie we watched last night.,3
1013,last,6.58,7.0,0.4199999999999999,The movie we watched last night.,3
1013,night.,7.0,7.54,0.54,The movie we watched last night.,3
1052,Our,0.0,0.24,0.24,Our team is dedicated to providing excellent customer service.,3
1052,team,0.24,0.64,0.4,Our team is dedicated to providing excellent customer service.,3
1052,is,0.64,1.06,0.42,Our team is dedicated to providing excellent customer service.,3
1052,dedicated,1.06,1.64,0.5799999999999998,Our team is dedicated to providing excellent customer service.,3
1052,to,1.64,2.2,0.5600000000000003,Our team is dedicated to providing excellent customer service.,3
1052,providing,2.2,6.78,4.58,Our team is dedicated to providing excellent customer service.,3
1052,excellent,6.78,7.72,0.9399999999999996,Our team is dedicated to providing excellent customer service.,3
1052,customer,7.72,8.36,0.6399999999999997,Our team is dedicated to providing excellent customer service.,3
1052,service.,8.36,9.1,0.7400000000000002,Our team is dedicated to providing excellent customer service.,3
1140,The,0.0,0.16,0.16,The new marketing strategy aims to increase brand awareness.,3
1140,new,0.16,0.36,0.1999999999999999,The new marketing strategy aims to increase brand awareness.,3
1140,marketing,0.36,0.78,0.42,The new marketing strategy aims to increase brand awareness.,3
1140,strategy,0.78,1.52,0.74,The new marketing strategy aims to increase brand awareness.,3
1140,aims,1.52,1.88,0.3599999999999999,The new marketing strategy aims to increase brand awareness.,3
1140,to,1.88,2.34,0.4599999999999999,The new marketing strategy aims to increase brand awareness.,3
1140,increase,2.34,5.76,3.42,The new marketing strategy aims to increase brand awareness.,3
1140,brand,5.76,6.14,0.3799999999999999,The new marketing strategy aims to increase brand awareness.,3
1140,awareness.,6.14,6.56,0.4199999999999999,The new marketing strategy aims to increase brand awareness.,3
1091,I,0.0,0.12,0.12,I can't believe how.,3
1091,can't,0.12,0.46,0.34,I can't believe how.,3
1091,believe,0.46,0.7,0.2399999999999999,I can't believe how.,3
1091,how.,0.7,1.16,0.4599999999999999,I can't believe how.,3
1091,Many,2.6,2.94,0.3399999999999998,Many likes my pose got.,3
1091,likes,2.94,3.26,0.3199999999999998,Many likes my pose got.,3
1091,my,3.26,3.44,0.1800000000000001,Many likes my pose got.,3
1091,pose,3.44,3.78,0.3399999999999998,Many likes my pose got.,3
1091,got.,3.78,4.06,0.2799999999999998,Many likes my pose got.,3
1087,I,0.0,0.14,0.14,I love watching action.,3
1087,love,0.14,0.28,0.14,I love watching action.,3
1087,watching,0.28,0.68,0.4,I love watching action.,3
1087,action.,0.68,1.2,0.5199999999999999,I love watching action.,3
1087,Moves,2.9299999999999997,3.3,0.3700000000000001,Moves is on weekends.,3
1087,is,3.3,3.42,0.1200000000000001,Moves is on weekends.,3
1087,on,3.42,3.56,0.1400000000000001,Moves is on weekends.,3
1087,weekends.,3.56,3.9,0.3399999999999998,Moves is on weekends.,3
1137,The,0.0,0.14,0.14,The latest smartphone features an advanced facial recognition system.,3
1137,latest,0.14,0.4,0.26,The latest smartphone features an advanced facial recognition system.,3
1137,smartphone,0.4,1.0,0.6,The latest smartphone features an advanced facial recognition system.,3
1137,features,1.0,1.62,0.6200000000000001,The latest smartphone features an advanced facial recognition system.,3
1137,an,1.62,1.96,0.3399999999999998,The latest smartphone features an advanced facial recognition system.,3
1137,advanced,1.96,2.42,0.4599999999999999,The latest smartphone features an advanced facial recognition system.,3
1137,facial,2.42,2.94,0.52,The latest smartphone features an advanced facial recognition system.,3
1137,recognition,2.94,5.24,2.3000000000000003,The latest smartphone features an advanced facial recognition system.,3
1137,system.,5.24,5.94,0.7000000000000002,The latest smartphone features an advanced facial recognition system.,3
1072,for,0.0,0.12,0.12,"for your presentation, remember to",3
1072,your,0.12,0.26,0.14,"for your presentation, remember to",3
1072,"presentation,",0.26,1.12,0.8600000000000001,"for your presentation, remember to",3
1072,remember,1.36,1.76,0.3999999999999999,"for your presentation, remember to",3
1072,to,1.76,2.1,0.3400000000000001,"for your presentation, remember to",3
1072,who,2.1,2.88,0.7799999999999998,who speak clearly and maintain eye contact.,3
1072,speak,2.88,4.6,1.7199999999999998,who speak clearly and maintain eye contact.,3
1072,clearly,4.6,5.08,0.4800000000000004,who speak clearly and maintain eye contact.,3
1072,and,5.08,5.42,0.3399999999999998,who speak clearly and maintain eye contact.,3
1072,maintain,5.42,5.88,0.4599999999999999,who speak clearly and maintain eye contact.,3
1072,eye,5.88,6.2,0.3200000000000003,who speak clearly and maintain eye contact.,3
1072,contact.,6.2,6.82,0.6200000000000001,who speak clearly and maintain eye contact.,3
1160,Would,0.0,0.14,0.14,Would you like to add a side?,3
1160,you,0.14,0.3,0.1599999999999999,Would you like to add a side?,3
1160,like,0.3,0.5,0.2,Would you like to add a side?,3
1160,to,0.5,0.7,0.1999999999999999,Would you like to add a side?,3
1160,add,0.7,0.88,0.18,Would you like to add a side?,3
1160,a,0.88,1.02,0.14,Would you like to add a side?,3
1160,side?,1.02,1.6,0.5800000000000001,Would you like to add a side?,3
1160,Salute,4.58,4.98,0.4000000000000003,Salute to your order.,3
1160,to,4.98,5.14,0.1599999999999992,Salute to your order.,3
1160,your,5.14,5.22,0.08,Salute to your order.,3
1160,order.,5.22,5.52,0.2999999999999998,Salute to your order.,3
1033,If,0.0,0.24,0.24,If you hear the fire alarm proceed calmly too.,3
1033,you,0.24,0.38,0.14,If you hear the fire alarm proceed calmly too.,3
1033,hear,0.38,0.68,0.3,If you hear the fire alarm proceed calmly too.,3
1033,the,0.68,0.9,0.2199999999999999,If you hear the fire alarm proceed calmly too.,3
1033,fire,0.9,1.34,0.44,If you hear the fire alarm proceed calmly too.,3
1033,alarm,1.34,1.88,0.5399999999999998,If you hear the fire alarm proceed calmly too.,3
1033,proceed,1.88,2.54,0.6600000000000001,If you hear the fire alarm proceed calmly too.,3
1033,calmly,2.54,3.08,0.54,If you hear the fire alarm proceed calmly too.,3
1033,too.,3.08,3.5,0.4199999999999999,If you hear the fire alarm proceed calmly too.,3
1033,The,6.83,7.26,0.4299999999999997,The nearest exit.,3
1033,nearest,7.26,7.58,0.3200000000000003,The nearest exit.,3
1033,exit.,7.58,8.0,0.4199999999999999,The nearest exit.,3
10,Call,0.0,0.26,0.26,Call 911 immediately.,3
10,911,0.26,1.02,0.76,Call 911 immediately.,3
10,immediately.,1.02,1.94,0.92,Call 911 immediately.,3
10,If,4.18,4.8,0.6200000000000001,If you see any suspicious activity.,3
10,you,4.8,5.4,0.6000000000000005,If you see any suspicious activity.,3
10,see,5.4,5.68,0.2799999999999993,If you see any suspicious activity.,3
10,any,5.68,5.98,0.3000000000000007,If you see any suspicious activity.,3
10,suspicious,5.98,6.62,0.6399999999999997,If you see any suspicious activity.,3
10,activity.,6.62,7.38,0.7599999999999998,If you see any suspicious activity.,3
1079,which,0.0,0.26,0.26,which board game should we play for?,3
1079,board,0.26,0.54,0.28,which board game should we play for?,3
1079,game,0.54,0.92,0.38,which board game should we play for?,3
1079,should,0.92,1.28,0.36,which board game should we play for?,3
1079,we,1.28,1.48,0.1999999999999999,which board game should we play for?,3
1079,play,1.48,1.8,0.32,which board game should we play for?,3
1079,for?,1.8,2.3,0.4999999999999998,which board game should we play for?,3
1079,Game,4.9,5.28,0.3799999999999999,Game night this weekend.,3
1079,night,5.28,5.58,0.2999999999999998,Game night this weekend.,3
1079,this,5.58,6.0,0.4199999999999999,Game night this weekend.,3
1079,weekend.,6.0,6.42,0.4199999999999999,Game night this weekend.,3
1147,The,0.0,0.1,0.1,The new software update improves overall system performance.,3
1147,new,0.1,0.28,0.18,The new software update improves overall system performance.,3
1147,software,0.28,0.72,0.4399999999999999,The new software update improves overall system performance.,3
1147,update,0.72,1.08,0.3600000000000001,The new software update improves overall system performance.,3
1147,improves,1.08,1.42,0.3399999999999998,The new software update improves overall system performance.,3
1147,overall,1.42,1.84,0.4200000000000001,The new software update improves overall system performance.,3
1147,system,1.84,2.36,0.5199999999999998,The new software update improves overall system performance.,3
1147,performance.,2.36,5.04,2.68,The new software update improves overall system performance.,3
1055,I,0.0,0.18,0.18,"I can't believe I just met my favorite actor, IRL.",3
1055,can't,0.18,0.3,0.12,"I can't believe I just met my favorite actor, IRL.",3
1055,believe,0.3,0.56,0.26,"I can't believe I just met my favorite actor, IRL.",3
1055,I,0.56,0.86,0.2999999999999999,"I can't believe I just met my favorite actor, IRL.",3
1055,just,0.86,1.12,0.2600000000000001,"I can't believe I just met my favorite actor, IRL.",3
1055,met,1.12,1.34,0.2199999999999999,"I can't believe I just met my favorite actor, IRL.",3
1055,my,1.34,1.8,0.4599999999999999,"I can't believe I just met my favorite actor, IRL.",3
1055,favorite,1.8,4.9,3.1000000000000005,"I can't believe I just met my favorite actor, IRL.",3
1055,"actor,",4.9,5.38,0.4799999999999995,"I can't believe I just met my favorite actor, IRL.",3
1055,IRL.,5.58,6.04,0.4599999999999999,"I can't believe I just met my favorite actor, IRL.",3
1171,The,0.0,0.14,0.14,The movie was great but the ending was unexpected.,3
1171,movie,0.14,0.56,0.42,The movie was great but the ending was unexpected.,3
1171,was,0.56,0.88,0.3199999999999999,The movie was great but the ending was unexpected.,3
1171,great,0.88,1.2,0.3199999999999999,The movie was great but the ending was unexpected.,3
1171,but,1.2,1.58,0.3800000000000001,The movie was great but the ending was unexpected.,3
1171,the,1.58,2.82,1.2399999999999998,The movie was great but the ending was unexpected.,3
1171,ending,2.82,3.2,0.3800000000000003,The movie was great but the ending was unexpected.,3
1171,was,3.2,3.54,0.3399999999999998,The movie was great but the ending was unexpected.,3
1171,unexpected.,3.54,4.42,0.8799999999999999,The movie was great but the ending was unexpected.,3
1167,in,0.0,0.18,0.18,"in case of a medical emergency,",3
1167,case,0.18,0.44,0.26,"in case of a medical emergency,",3
1167,of,0.44,0.68,0.24,"in case of a medical emergency,",3
1167,a,0.68,0.74,0.0599999999999999,"in case of a medical emergency,",3
1167,medical,0.74,1.2,0.4599999999999999,"in case of a medical emergency,",3
1167,"emergency,",1.2,2.2,1.0000000000000002,"in case of a medical emergency,",3
1167,dial,5.039999999999999,5.56,0.5200000000000005,dial 911 immediately.,3
1167,911,5.56,6.32,0.7600000000000007,dial 911 immediately.,3
1167,immediately.,6.32,7.1,0.7799999999999994,dial 911 immediately.,3
105,How,0.0,0.14,0.14,How may I assist you with your order today?,3
105,may,0.14,0.32,0.18,How may I assist you with your order today?,3
105,I,0.32,0.52,0.2,How may I assist you with your order today?,3
105,assist,0.52,1.14,0.6199999999999999,How may I assist you with your order today?,3
105,you,1.14,2.74,1.6000000000000003,How may I assist you with your order today?,3
105,with,2.74,2.92,0.1799999999999997,How may I assist you with your order today?,3
105,your,2.92,3.06,0.1400000000000001,How may I assist you with your order today?,3
105,order,3.06,3.34,0.2799999999999998,How may I assist you with your order today?,3
105,today?,3.34,3.8,0.4599999999999999,How may I assist you with your order today?,3
1019,I,0.0,0.18,0.18,"I apologise, but we're currently out of stock.",3
1019,"apologise,",0.18,0.84,0.6599999999999999,"I apologise, but we're currently out of stock.",3
1019,but,1.52,1.94,0.4199999999999999,"I apologise, but we're currently out of stock.",3
1019,we're,1.94,2.18,0.2400000000000002,"I apologise, but we're currently out of stock.",3
1019,currently,2.18,2.6,0.4199999999999999,"I apologise, but we're currently out of stock.",3
1019,out,2.6,3.02,0.4199999999999999,"I apologise, but we're currently out of stock.",3
1019,of,3.02,3.28,0.2599999999999998,"I apologise, but we're currently out of stock.",3
1019,stock.,3.28,4.1,0.8199999999999998,"I apologise, but we're currently out of stock.",3
1019,On,7.1,7.52,0.4199999999999999,On that item.,3
1019,that,7.52,7.72,0.2000000000000001,On that item.,3
1019,item.,7.72,8.16,0.4400000000000004,On that item.,3
1058,Be,0.0,0.14,0.14,Be sure to check the weather forecast before,3
1058,sure,0.14,0.32,0.18,Be sure to check the weather forecast before,3
1058,to,0.32,0.52,0.2,Be sure to check the weather forecast before,3
1058,check,0.52,0.76,0.24,Be sure to check the weather forecast before,3
1058,the,0.76,0.98,0.2199999999999999,Be sure to check the weather forecast before,3
1058,weather,0.98,1.14,0.1599999999999999,Be sure to check the weather forecast before,3
1058,forecast,1.14,1.52,0.3800000000000001,Be sure to check the weather forecast before,3
1058,before,1.52,2.08,0.56,Be sure to check the weather forecast before,3
1058,Planning,4.82,5.3,0.4799999999999995,Planning outdoor activities,3
1058,outdoor,5.3,5.64,0.3399999999999998,Planning outdoor activities,3
1058,activities,5.64,6.2,0.5600000000000005,Planning outdoor activities,3
1170,What's,0.0,0.32,0.32,What's the estimated arrival time for the next train?,3
1170,the,0.32,0.46,0.14,What's the estimated arrival time for the next train?,3
1170,estimated,0.46,0.94,0.4799999999999999,What's the estimated arrival time for the next train?,3
1170,arrival,0.94,1.34,0.4000000000000001,What's the estimated arrival time for the next train?,3
1170,time,1.34,1.74,0.3999999999999999,What's the estimated arrival time for the next train?,3
1170,for,1.74,2.02,0.28,What's the estimated arrival time for the next train?,3
1170,the,2.02,3.04,1.02,What's the estimated arrival time for the next train?,3
1170,next,3.04,5.34,2.3,What's the estimated arrival time for the next train?,3
1170,train?,5.34,5.68,0.3399999999999998,What's the estimated arrival time for the next train?,3
112,I'm,0.0,0.24,0.24,I'm not sure if I can attend the meeting tomorrow.,3
112,not,0.24,0.34,0.1,I'm not sure if I can attend the meeting tomorrow.,3
112,sure,0.34,0.62,0.2799999999999999,I'm not sure if I can attend the meeting tomorrow.,3
112,if,0.62,0.98,0.36,I'm not sure if I can attend the meeting tomorrow.,3
112,I,0.98,2.06,1.08,I'm not sure if I can attend the meeting tomorrow.,3
112,can,2.06,2.26,0.1999999999999997,I'm not sure if I can attend the meeting tomorrow.,3
112,attend,2.26,2.58,0.3200000000000003,I'm not sure if I can attend the meeting tomorrow.,3
112,the,2.58,2.8,0.2199999999999997,I'm not sure if I can attend the meeting tomorrow.,3
112,meeting,2.8,3.02,0.2200000000000002,I'm not sure if I can attend the meeting tomorrow.,3
112,tomorrow.,3.02,3.38,0.3599999999999999,I'm not sure if I can attend the meeting tomorrow.,3
1150,The,0.0,0.14,0.14,The deadline for submit to seeing research proposals has been extended.,3
1150,deadline,0.14,0.46,0.32,The deadline for submit to seeing research proposals has been extended.,3
1150,for,0.46,0.78,0.32,The deadline for submit to seeing research proposals has been extended.,3
1150,submit,0.78,1.12,0.3400000000000001,The deadline for submit to seeing research proposals has been extended.,3
1150,to,1.12,1.36,0.24,The deadline for submit to seeing research proposals has been extended.,3
1150,seeing,1.36,1.48,0.1199999999999998,The deadline for submit to seeing research proposals has been extended.,3
1150,research,1.48,1.88,0.3999999999999999,The deadline for submit to seeing research proposals has been extended.,3
1150,proposals,1.88,2.48,0.6000000000000001,The deadline for submit to seeing research proposals has been extended.,3
1150,has,2.48,2.82,0.3399999999999998,The deadline for submit to seeing research proposals has been extended.,3
1150,been,2.82,5.16,2.3400000000000003,The deadline for submit to seeing research proposals has been extended.,3
1150,extended.,5.16,5.78,0.6200000000000001,The deadline for submit to seeing research proposals has been extended.,3
1042,which,0.0,0.3,0.3,which movie genre do you prefer for a relaxing evening?,3
1042,movie,0.3,0.58,0.2799999999999999,which movie genre do you prefer for a relaxing evening?,3
1042,genre,0.58,0.88,0.3,which movie genre do you prefer for a relaxing evening?,3
1042,do,0.88,1.08,0.2,which movie genre do you prefer for a relaxing evening?,3
1042,you,1.08,1.18,0.0999999999999998,which movie genre do you prefer for a relaxing evening?,3
1042,prefer,1.18,1.48,0.3,which movie genre do you prefer for a relaxing evening?,3
1042,for,1.48,1.84,0.3600000000000001,which movie genre do you prefer for a relaxing evening?,3
1042,a,1.84,2.0,0.1599999999999999,which movie genre do you prefer for a relaxing evening?,3
1042,relaxing,2.0,5.28,3.28,which movie genre do you prefer for a relaxing evening?,3
1042,evening?,5.28,5.8,0.5199999999999996,which movie genre do you prefer for a relaxing evening?,3
1054,"Honey,",0.0,0.34,0.34,"Honey, did you remember to buy milk at the grocery store?",3
1054,did,0.5,0.58,0.0799999999999999,"Honey, did you remember to buy milk at the grocery store?",3
1054,you,0.58,0.72,0.14,"Honey, did you remember to buy milk at the grocery store?",3
1054,remember,0.72,1.26,0.54,"Honey, did you remember to buy milk at the grocery store?",3
1054,to,1.26,1.5,0.24,"Honey, did you remember to buy milk at the grocery store?",3
1054,buy,1.5,1.7,0.1999999999999999,"Honey, did you remember to buy milk at the grocery store?",3
1054,milk,1.7,2.1,0.4000000000000001,"Honey, did you remember to buy milk at the grocery store?",3
1054,at,2.1,2.34,0.2399999999999997,"Honey, did you remember to buy milk at the grocery store?",3
1054,the,2.34,3.88,1.54,"Honey, did you remember to buy milk at the grocery store?",3
1054,grocery,3.88,4.34,0.4599999999999999,"Honey, did you remember to buy milk at the grocery store?",3
1054,store?,4.34,4.88,0.54,"Honey, did you remember to buy milk at the grocery store?",3
1016,In,0.0,0.18,0.18,"In your essay, make sure to",3
1016,your,0.18,0.4,0.22,"In your essay, make sure to",3
1016,"essay,",0.4,0.82,0.4199999999999999,"In your essay, make sure to",3
1016,make,1.06,1.14,0.0799999999999998,"In your essay, make sure to",3
1016,sure,1.14,1.38,0.24,"In your essay, make sure to",3
1016,to,1.38,1.66,0.28,"In your essay, make sure to",3
1016,recite,3.8800000000000017,4.44,0.5599999999999987,recite all your sources properly.,3
1016,all,4.44,4.72,0.2799999999999993,recite all your sources properly.,3
1016,your,4.72,4.88,0.1600000000000001,recite all your sources properly.,3
1016,sources,4.88,5.26,0.3799999999999999,recite all your sources properly.,3
1016,properly.,5.26,5.88,0.6200000000000001,recite all your sources properly.,3
1104,The,0.0,0.16,0.16,The company's new policy aims to improve work life balance.,3
1104,company's,0.16,0.92,0.76,The company's new policy aims to improve work life balance.,3
1104,new,0.92,1.16,0.2399999999999998,The company's new policy aims to improve work life balance.,3
1104,policy,1.16,1.68,0.52,The company's new policy aims to improve work life balance.,3
1104,aims,1.68,2.12,0.4400000000000001,The company's new policy aims to improve work life balance.,3
1104,to,2.12,2.46,0.3399999999999998,The company's new policy aims to improve work life balance.,3
1104,improve,2.46,4.94,2.4800000000000004,The company's new policy aims to improve work life balance.,3
1104,work,4.94,5.36,0.4199999999999999,The company's new policy aims to improve work life balance.,3
1104,life,5.36,5.7,0.3399999999999998,The company's new policy aims to improve work life balance.,3
1104,balance.,5.7,6.14,0.4399999999999995,The company's new policy aims to improve work life balance.,3
1057,Based,0.0,0.32,0.32,"Based on your test results, I recommend scheduling a follow-up appointment.",3
1057,on,0.32,0.52,0.2,"Based on your test results, I recommend scheduling a follow-up appointment.",3
1057,your,0.52,0.68,0.16,"Based on your test results, I recommend scheduling a follow-up appointment.",3
1057,test,0.68,0.94,0.2599999999999999,"Based on your test results, I recommend scheduling a follow-up appointment.",3
1057,"results,",0.94,1.42,0.48,"Based on your test results, I recommend scheduling a follow-up appointment.",3
1057,I,1.86,1.86,0.0,"Based on your test results, I recommend scheduling a follow-up appointment.",3
1057,recommend,1.86,2.4,0.5399999999999998,"Based on your test results, I recommend scheduling a follow-up appointment.",3
1057,scheduling,2.4,3.24,0.8400000000000003,"Based on your test results, I recommend scheduling a follow-up appointment.",3
1057,a,3.24,4.16,0.92,"Based on your test results, I recommend scheduling a follow-up appointment.",3
1057,follow,4.16,7.02,2.859999999999999,"Based on your test results, I recommend scheduling a follow-up appointment.",3
1057,-up,7.02,7.22,0.2000000000000001,"Based on your test results, I recommend scheduling a follow-up appointment.",3
1057,appointment.,7.22,7.66,0.4400000000000004,"Based on your test results, I recommend scheduling a follow-up appointment.",3
1108,Don't,0.0,0.24,0.24,Don't forget to check and online before arriving at the airport.,3
1108,forget,0.24,0.6,0.36,Don't forget to check and online before arriving at the airport.,3
1108,to,0.6,0.8,0.2,Don't forget to check and online before arriving at the airport.,3
1108,check,0.8,1.16,0.3599999999999999,Don't forget to check and online before arriving at the airport.,3
1108,and,1.16,2.26,1.1,Don't forget to check and online before arriving at the airport.,3
1108,online,2.26,3.88,1.62,Don't forget to check and online before arriving at the airport.,3
1108,before,3.88,4.34,0.4599999999999999,Don't forget to check and online before arriving at the airport.,3
1108,arriving,4.34,4.8,0.4599999999999999,Don't forget to check and online before arriving at the airport.,3
1108,at,4.8,5.04,0.2400000000000002,Don't forget to check and online before arriving at the airport.,3
1108,the,5.04,5.18,0.1399999999999996,Don't forget to check and online before arriving at the airport.,3
1108,airport.,5.18,5.54,0.3600000000000003,Don't forget to check and online before arriving at the airport.,3
1077,Make,0.0,0.2,0.2,Make sure to try the local street food well.,3
1077,sure,0.2,0.46,0.26,Make sure to try the local street food well.,3
1077,to,0.46,0.7,0.2399999999999999,Make sure to try the local street food well.,3
1077,try,0.7,0.96,0.26,Make sure to try the local street food well.,3
1077,the,0.96,1.14,0.1799999999999999,Make sure to try the local street food well.,3
1077,local,1.14,1.4,0.26,Make sure to try the local street food well.,3
1077,street,1.4,1.76,0.3600000000000001,Make sure to try the local street food well.,3
1077,food,1.76,2.08,0.32,Make sure to try the local street food well.,3
1077,well.,2.08,2.52,0.4399999999999999,Make sure to try the local street food well.,3
1077,Exploring,4.68,5.26,0.5800000000000001,Exploring the city.,3
1077,the,5.26,5.46,0.2000000000000001,Exploring the city.,3
1077,city.,5.46,5.9,0.4400000000000004,Exploring the city.,3
1098,I'm,0.0,0.28,0.28,I'm thinking of changing my profile picture tomorrow.,3
1098,thinking,0.28,0.64,0.36,I'm thinking of changing my profile picture tomorrow.,3
1098,of,0.64,0.92,0.28,I'm thinking of changing my profile picture tomorrow.,3
1098,changing,0.92,1.24,0.3199999999999999,I'm thinking of changing my profile picture tomorrow.,3
1098,my,1.24,1.62,0.3800000000000001,I'm thinking of changing my profile picture tomorrow.,3
1098,profile,1.62,3.58,1.96,I'm thinking of changing my profile picture tomorrow.,3
1098,picture,3.58,4.12,0.54,I'm thinking of changing my profile picture tomorrow.,3
1098,tomorrow.,4.12,4.54,0.4199999999999999,I'm thinking of changing my profile picture tomorrow.,3
1165,The,0.0,0.1,0.1,The new operating system features improved battery.,3
1165,new,0.1,0.38,0.28,The new operating system features improved battery.,3
1165,operating,0.38,1.0,0.62,The new operating system features improved battery.,3
1165,system,1.0,1.6,0.6000000000000001,The new operating system features improved battery.,3
1165,features,1.6,2.18,0.5800000000000001,The new operating system features improved battery.,3
1165,improved,2.18,2.86,0.6799999999999997,The new operating system features improved battery.,3
1165,battery.,2.86,3.6,0.7400000000000002,The new operating system features improved battery.,3
1165,Optimization.,6.84,8.02,1.1799999999999995,Optimization.,3
1124,I'm,0.0,0.22,0.22,I'm going to lie stream the concert for my followers.,3
1124,going,0.22,0.58,0.36,I'm going to lie stream the concert for my followers.,3
1124,to,0.58,1.96,1.38,I'm going to lie stream the concert for my followers.,3
1124,lie,1.96,2.18,0.2200000000000002,I'm going to lie stream the concert for my followers.,3
1124,stream,2.18,2.42,0.2399999999999997,I'm going to lie stream the concert for my followers.,3
1124,the,2.42,2.58,0.1600000000000001,I'm going to lie stream the concert for my followers.,3
1124,concert,2.58,3.02,0.4399999999999999,I'm going to lie stream the concert for my followers.,3
1124,for,3.02,3.26,0.2399999999999997,I'm going to lie stream the concert for my followers.,3
1124,my,3.26,3.44,0.1800000000000001,I'm going to lie stream the concert for my followers.,3
1124,followers.,3.44,4.0,0.56,I'm going to lie stream the concert for my followers.,3
1060,which,0.0,0.18,0.18,which type of cuisine would you like to try for?,3
1060,type,0.18,0.44,0.26,which type of cuisine would you like to try for?,3
1060,of,0.44,0.7,0.2599999999999999,which type of cuisine would you like to try for?,3
1060,cuisine,0.7,1.0,0.3,which type of cuisine would you like to try for?,3
1060,would,1.0,1.24,0.24,which type of cuisine would you like to try for?,3
1060,you,1.24,1.34,0.1,which type of cuisine would you like to try for?,3
1060,like,1.34,1.48,0.1399999999999999,which type of cuisine would you like to try for?,3
1060,to,1.48,1.64,0.1599999999999999,which type of cuisine would you like to try for?,3
1060,try,1.64,1.92,0.28,which type of cuisine would you like to try for?,3
1060,for?,1.92,2.2,0.2800000000000002,which type of cuisine would you like to try for?,3
1060,Dinner,5.44,5.98,0.54,Dinner tonight.,3
1060,tonight.,5.98,6.4,0.4199999999999999,Dinner tonight.,3
1099,The,0.0,0.1,0.1,The test result should be available within 48 hours.,3
1099,test,0.1,0.42,0.3199999999999999,The test result should be available within 48 hours.,3
1099,result,0.42,0.84,0.42,The test result should be available within 48 hours.,3
1099,should,0.84,1.16,0.3199999999999999,The test result should be available within 48 hours.,3
1099,be,1.16,1.52,0.3600000000000001,The test result should be available within 48 hours.,3
1099,available,1.52,5.22,3.7,The test result should be available within 48 hours.,3
1099,within,5.22,5.64,0.4199999999999999,The test result should be available within 48 hours.,3
1099,48,5.64,6.3,0.6600000000000001,The test result should be available within 48 hours.,3
1099,hours.,6.3,6.66,0.3600000000000003,The test result should be available within 48 hours.,3
1133,I'm,0.0,0.44,0.44,I'm thinking of starting a podcast about...,3
1133,thinking,0.44,0.78,0.34,I'm thinking of starting a podcast about...,3
1133,of,0.78,1.0,0.2199999999999999,I'm thinking of starting a podcast about...,3
1133,starting,1.0,1.34,0.3400000000000001,I'm thinking of starting a podcast about...,3
1133,a,1.34,1.52,0.1799999999999999,I'm thinking of starting a podcast about...,3
1133,podcast,1.52,1.96,0.4399999999999999,I'm thinking of starting a podcast about...,3
1133,about...,1.96,3.0,1.04,I'm thinking of starting a podcast about...,3
1133,Local,4.68,5.48,0.8000000000000007,Local History.,3
1133,History.,5.48,6.0,0.5199999999999996,Local History.,3
1109,The,0.0,0.1,0.1,The latest software update includes enhanced.,3
1109,latest,0.1,0.32,0.22,The latest software update includes enhanced.,3
1109,software,0.32,0.76,0.44,The latest software update includes enhanced.,3
1109,update,0.76,1.1,0.3400000000000001,The latest software update includes enhanced.,3
1109,includes,1.1,1.5,0.3999999999999999,The latest software update includes enhanced.,3
1109,enhanced.,1.5,2.26,0.7599999999999998,The latest software update includes enhanced.,3
1109,Security,6.199999999999999,6.68,0.4800000000000004,Security features.,3
1109,features.,6.68,7.2,0.5200000000000005,Security features.,3
1113,Can,0.0,0.18,0.18,Can you pick up some milk on your way home?,3
1113,you,0.18,0.34,0.16,Can you pick up some milk on your way home?,3
1113,pick,0.34,0.56,0.22,Can you pick up some milk on your way home?,3
1113,up,0.56,0.74,0.1799999999999999,Can you pick up some milk on your way home?,3
1113,some,0.74,1.08,0.3400000000000001,Can you pick up some milk on your way home?,3
1113,milk,1.08,3.26,2.1799999999999997,Can you pick up some milk on your way home?,3
1113,on,3.26,3.46,0.2000000000000001,Can you pick up some milk on your way home?,3
1113,your,3.46,3.62,0.1600000000000001,Can you pick up some milk on your way home?,3
1113,way,3.62,3.78,0.1599999999999997,Can you pick up some milk on your way home?,3
1113,home?,3.78,4.1,0.3199999999999998,Can you pick up some milk on your way home?,3
1040,Make,0.0,0.16,0.16,Make sure to try the local cuisine while you're traveling.,3
1040,sure,0.16,0.42,0.26,Make sure to try the local cuisine while you're traveling.,3
1040,to,0.42,0.66,0.24,Make sure to try the local cuisine while you're traveling.,3
1040,try,0.66,0.9,0.24,Make sure to try the local cuisine while you're traveling.,3
1040,the,0.9,1.08,0.18,Make sure to try the local cuisine while you're traveling.,3
1040,local,1.08,1.38,0.2999999999999998,Make sure to try the local cuisine while you're traveling.,3
1040,cuisine,1.38,1.76,0.3800000000000001,Make sure to try the local cuisine while you're traveling.,3
1040,while,1.76,2.14,0.3800000000000001,Make sure to try the local cuisine while you're traveling.,3
1040,you're,2.14,5.66,3.52,Make sure to try the local cuisine while you're traveling.,3
1040,traveling.,5.66,5.98,0.3200000000000003,Make sure to try the local cuisine while you're traveling.,3
1134,Is,0.0,0.22,0.22,Is there a manager available to address my concerns?,3
1134,there,0.22,0.36,0.1399999999999999,Is there a manager available to address my concerns?,3
1134,a,0.36,0.5,0.14,Is there a manager available to address my concerns?,3
1134,manager,0.5,0.88,0.38,Is there a manager available to address my concerns?,3
1134,available,0.88,1.34,0.4600000000000001,Is there a manager available to address my concerns?,3
1134,to,1.34,1.68,0.3399999999999998,Is there a manager available to address my concerns?,3
1134,address,1.68,5.14,3.46,Is there a manager available to address my concerns?,3
1134,my,5.14,5.48,0.3400000000000007,Is there a manager available to address my concerns?,3
1134,concerns?,5.48,6.08,0.5999999999999996,Is there a manager available to address my concerns?,3
117,We,0.0,0.14,0.14,We need to evacuate the building immediately.,3
117,need,0.14,0.28,0.14,We need to evacuate the building immediately.,3
117,to,0.28,0.46,0.18,We need to evacuate the building immediately.,3
117,evacuate,0.46,0.96,0.4999999999999999,We need to evacuate the building immediately.,3
117,the,0.96,2.34,1.38,We need to evacuate the building immediately.,3
117,building,2.34,4.12,1.7800000000000002,We need to evacuate the building immediately.,3
117,immediately.,4.12,4.74,0.6200000000000001,We need to evacuate the building immediately.,3
1102,What,0.0,0.16,0.16,What time does the concert start tonight?,3
1102,time,0.16,0.44,0.28,What time does the concert start tonight?,3
1102,does,0.44,0.66,0.22,What time does the concert start tonight?,3
1102,the,0.66,0.82,0.1599999999999999,What time does the concert start tonight?,3
1102,concert,0.82,1.32,0.5000000000000001,What time does the concert start tonight?,3
1102,start,1.32,4.42,3.0999999999999996,What time does the concert start tonight?,3
1102,tonight?,4.42,4.86,0.4400000000000004,What time does the concert start tonight?,3
1051,What,0.0,0.32,0.32,What did you think about the surprise ending of the book?,3
1051,did,0.32,0.46,0.14,What did you think about the surprise ending of the book?,3
1051,you,0.46,0.56,0.1,What did you think about the surprise ending of the book?,3
1051,think,0.56,0.78,0.2199999999999999,What did you think about the surprise ending of the book?,3
1051,about,0.78,1.02,0.24,What did you think about the surprise ending of the book?,3
1051,the,1.02,1.22,0.1999999999999999,What did you think about the surprise ending of the book?,3
1051,surprise,1.22,1.6,0.3800000000000001,What did you think about the surprise ending of the book?,3
1051,ending,1.6,2.0,0.3999999999999999,What did you think about the surprise ending of the book?,3
1051,of,2.0,2.32,0.3199999999999998,What did you think about the surprise ending of the book?,3
1051,the,2.32,4.4,2.0800000000000005,What did you think about the surprise ending of the book?,3
1051,book?,4.4,4.62,0.2199999999999997,What did you think about the surprise ending of the book?,3
1143,I,0.0,0.12,0.12,I can't believe how quickly that meme spread online.,3
1143,can't,0.12,0.44,0.32,I can't believe how quickly that meme spread online.,3
1143,believe,0.44,0.6,0.1599999999999999,I can't believe how quickly that meme spread online.,3
1143,how,0.6,0.82,0.2199999999999999,I can't believe how quickly that meme spread online.,3
1143,quickly,0.82,1.18,0.36,I can't believe how quickly that meme spread online.,3
1143,that,1.18,1.44,0.26,I can't believe how quickly that meme spread online.,3
1143,meme,1.44,1.66,0.2199999999999999,I can't believe how quickly that meme spread online.,3
1143,spread,1.66,2.92,1.26,I can't believe how quickly that meme spread online.,3
1143,online.,2.92,3.42,0.5,I can't believe how quickly that meme spread online.,3
1092,Your,0.0,0.16,0.16,Your order will be ready for...,3
1092,order,0.16,0.54,0.38,Your order will be ready for...,3
1092,will,0.54,0.84,0.2999999999999999,Your order will be ready for...,3
1092,be,0.84,1.04,0.2,Your order will be ready for...,3
1092,ready,1.04,1.4,0.3599999999999999,Your order will be ready for...,3
1092,for...,1.4,2.0,0.6000000000000001,Your order will be ready for...,3
1092,Pick,3.439999999999999,4.1,0.6600000000000006,Pick up in 15 minutes.,3
1092,up,4.1,4.34,0.2400000000000002,Pick up in 15 minutes.,3
1092,in,4.34,4.52,0.1799999999999997,Pick up in 15 minutes.,3
1092,15,4.52,5.18,0.6600000000000001,Pick up in 15 minutes.,3
1092,minutes.,5.18,5.48,0.3000000000000007,Pick up in 15 minutes.,3
1084,How,0.0,0.2,0.2,How may I assist you today?,3
1084,may,0.2,0.4,0.2,How may I assist you today?,3
1084,I,0.4,0.72,0.3199999999999999,How may I assist you today?,3
1084,assist,0.72,4.0,3.28,How may I assist you today?,3
1084,you,4.0,4.32,0.3200000000000003,How may I assist you today?,3
1084,today?,4.32,4.68,0.3599999999999994,How may I assist you today?,3
1103,If,0.0,0.16,0.16,"If you see smoke off fire, pull the alarm immediately.",3
1103,you,0.16,0.28,0.12,"If you see smoke off fire, pull the alarm immediately.",3
1103,see,0.28,0.48,0.1999999999999999,"If you see smoke off fire, pull the alarm immediately.",3
1103,smoke,0.48,0.86,0.38,"If you see smoke off fire, pull the alarm immediately.",3
1103,off,0.86,1.2,0.3399999999999999,"If you see smoke off fire, pull the alarm immediately.",3
1103,"fire,",1.2,1.58,0.3800000000000001,"If you see smoke off fire, pull the alarm immediately.",3
1103,pull,1.88,2.04,0.1600000000000001,"If you see smoke off fire, pull the alarm immediately.",3
1103,the,2.04,4.72,2.6799999999999997,"If you see smoke off fire, pull the alarm immediately.",3
1103,alarm,4.72,4.98,0.2600000000000007,"If you see smoke off fire, pull the alarm immediately.",3
1103,immediately.,4.98,5.5,0.5199999999999996,"If you see smoke off fire, pull the alarm immediately.",3
1123,Could,0.0,0.24,0.24,Could you please pass the salad?,3
1123,you,0.24,0.34,0.1,Could you please pass the salad?,3
1123,please,0.34,0.56,0.22,Could you please pass the salad?,3
1123,pass,0.56,0.9,0.3399999999999999,Could you please pass the salad?,3
1123,the,0.9,1.2,0.2999999999999999,Could you please pass the salad?,3
1123,salad?,1.2,1.64,0.4399999999999999,Could you please pass the salad?,3
1123,Dressing?,3.4400000000000004,4.12,0.6799999999999997,Dressing?,3
1089,the,0.0,0.1,0.1,the project manager outline.,3
1089,project,0.1,0.46,0.36,the project manager outline.,3
1089,manager,0.46,1.04,0.5800000000000001,the project manager outline.,3
1089,outline.,1.04,1.64,0.5999999999999999,the project manager outline.,3
1089,The,4.94,5.32,0.3799999999999999,The next steps are implementation.,3
1089,next,5.32,5.52,0.1999999999999993,The next steps are implementation.,3
1089,steps,5.52,5.88,0.3600000000000003,The next steps are implementation.,3
1089,are,5.88,6.02,0.1399999999999996,The next steps are implementation.,3
1089,implementation.,6.02,6.64,0.6200000000000001,The next steps are implementation.,3
1031,The,0.0,0.14,0.14,The newer AI system can analyse data patterns with unprecedented accuracy.,3
1031,newer,0.14,0.48,0.3399999999999999,The newer AI system can analyse data patterns with unprecedented accuracy.,3
1031,AI,0.48,0.76,0.28,The newer AI system can analyse data patterns with unprecedented accuracy.,3
1031,system,0.76,1.24,0.48,The newer AI system can analyse data patterns with unprecedented accuracy.,3
1031,can,1.24,1.52,0.28,The newer AI system can analyse data patterns with unprecedented accuracy.,3
1031,analyse,1.52,2.0,0.48,The newer AI system can analyse data patterns with unprecedented accuracy.,3
1031,data,2.0,2.52,0.52,The newer AI system can analyse data patterns with unprecedented accuracy.,3
1031,patterns,2.52,3.1,0.5800000000000001,The newer AI system can analyse data patterns with unprecedented accuracy.,3
1031,with,3.1,3.54,0.4399999999999999,The newer AI system can analyse data patterns with unprecedented accuracy.,3
1031,unprecedented,3.54,6.68,3.1399999999999997,The newer AI system can analyse data patterns with unprecedented accuracy.,3
1031,accuracy.,6.68,7.6,0.92,The newer AI system can analyse data patterns with unprecedented accuracy.,3
1162,Your,0.0,0.14,0.14,Your feedback will help us improve our products and services.,3
1162,feedback,0.14,0.48,0.3399999999999999,Your feedback will help us improve our products and services.,3
1162,will,0.48,0.92,0.44,Your feedback will help us improve our products and services.,3
1162,help,0.92,1.22,0.2999999999999999,Your feedback will help us improve our products and services.,3
1162,us,1.22,1.42,0.1999999999999999,Your feedback will help us improve our products and services.,3
1162,improve,1.42,1.8,0.3800000000000001,Your feedback will help us improve our products and services.,3
1162,our,1.8,2.0,0.1999999999999999,Your feedback will help us improve our products and services.,3
1162,products,2.0,2.68,0.6800000000000002,Your feedback will help us improve our products and services.,3
1162,and,2.68,4.72,2.0399999999999996,Your feedback will help us improve our products and services.,3
1162,services.,4.72,5.26,0.54,Your feedback will help us improve our products and services.,3
1119,What,0.0,0.14,0.14,What time does it up gallery?,3
1119,time,0.14,0.34,0.2,What time does it up gallery?,3
1119,does,0.34,0.54,0.2,What time does it up gallery?,3
1119,it,0.54,0.64,0.0999999999999999,What time does it up gallery?,3
1119,up,0.64,0.8,0.16,What time does it up gallery?,3
1119,gallery?,0.8,1.12,0.32,What time does it up gallery?,3
1119,Close,3.9,4.3,0.3999999999999999,Close on Sundays.,3
1119,on,4.3,4.48,0.1800000000000006,Close on Sundays.,3
1119,Sundays.,4.48,4.8,0.3199999999999994,Close on Sundays.,3
1158,the,0.0,0.14,0.14,the new policy aims to promote diversity and inclusion in the workplace.,3
1158,new,0.14,0.32,0.18,the new policy aims to promote diversity and inclusion in the workplace.,3
1158,policy,0.32,0.9,0.5800000000000001,the new policy aims to promote diversity and inclusion in the workplace.,3
1158,aims,0.9,1.28,0.38,the new policy aims to promote diversity and inclusion in the workplace.,3
1158,to,1.28,1.68,0.3999999999999999,the new policy aims to promote diversity and inclusion in the workplace.,3
1158,promote,1.68,4.76,3.08,the new policy aims to promote diversity and inclusion in the workplace.,3
1158,diversity,4.76,5.52,0.7599999999999998,the new policy aims to promote diversity and inclusion in the workplace.,3
1158,and,5.52,5.92,0.4000000000000003,the new policy aims to promote diversity and inclusion in the workplace.,3
1158,inclusion,5.92,6.54,0.6200000000000001,the new policy aims to promote diversity and inclusion in the workplace.,3
1158,in,6.54,6.76,0.2199999999999997,the new policy aims to promote diversity and inclusion in the workplace.,3
1158,the,6.76,6.88,0.1200000000000001,the new policy aims to promote diversity and inclusion in the workplace.,3
1158,workplace.,6.88,7.3,0.4199999999999999,the new policy aims to promote diversity and inclusion in the workplace.,3
8881,The,0.0,0.14,0.14,The contact was binding.,4
8881,contact,0.14,0.58,0.4399999999999999,The contact was binding.,4
8881,was,0.58,1.0,0.42,The contact was binding.,4
8881,binding.,1.0,1.36,0.3600000000000001,The contact was binding.,4
1065,The,0.0,0.12,0.12,The research concealed interesting patterns.,4
1065,research,0.12,0.6,0.48,The research concealed interesting patterns.,4
1065,concealed,0.6,1.24,0.64,The research concealed interesting patterns.,4
1065,interesting,1.24,2.04,0.8,The research concealed interesting patterns.,4
1065,patterns.,2.04,2.64,0.6000000000000001,The research concealed interesting patterns.,4
1198,The,0.0,0.14,0.14,The market shows passive trends.,4
1198,market,0.14,0.4,0.26,The market shows passive trends.,4
1198,shows,0.4,0.7,0.2999999999999999,The market shows passive trends.,4
1198,passive,0.7,1.12,0.4200000000000001,The market shows passive trends.,4
1198,trends.,1.12,1.56,0.4399999999999999,The market shows passive trends.,4
1136,The,0.0,0.1,0.1,The train depart from platform 3.,4
1136,train,0.1,0.36,0.26,The train depart from platform 3.,4
1136,depart,0.36,0.7,0.3399999999999999,The train depart from platform 3.,4
1136,from,0.7,1.02,0.32,The train depart from platform 3.,4
1136,platform,1.02,1.44,0.4199999999999999,The train depart from platform 3.,4
1136,3.,1.44,1.9,0.4599999999999999,The train depart from platform 3.,4
8317,The,0.0,0.12,0.12,The new policy aims to streamline administrative progress.,4
8317,new,0.12,0.32,0.2,The new policy aims to streamline administrative progress.,4
8317,policy,0.32,0.68,0.36,The new policy aims to streamline administrative progress.,4
8317,aims,0.68,0.96,0.2799999999999999,The new policy aims to streamline administrative progress.,4
8317,to,0.96,1.1,0.1400000000000001,The new policy aims to streamline administrative progress.,4
8317,streamline,1.1,1.42,0.3199999999999998,The new policy aims to streamline administrative progress.,4
8317,administrative,1.42,1.94,0.52,The new policy aims to streamline administrative progress.,4
8317,progress.,1.94,2.46,0.52,The new policy aims to streamline administrative progress.,4
1073,The,0.0,0.12,0.12,The project acquires extensive planning.,4
1073,project,0.12,0.56,0.44,The project acquires extensive planning.,4
1073,acquires,0.56,1.12,0.56,The project acquires extensive planning.,4
1073,extensive,1.12,1.58,0.4599999999999999,The project acquires extensive planning.,4
1073,planning.,1.58,2.24,0.6600000000000001,The project acquires extensive planning.,4
8854,Could,0.0,0.16,0.16,Could you progress this request today?,4
8854,you,0.16,0.3,0.1399999999999999,Could you progress this request today?,4
8854,progress,0.3,0.62,0.32,Could you progress this request today?,4
8854,this,0.62,0.88,0.26,Could you progress this request today?,4
8854,request,0.88,1.14,0.2599999999999999,Could you progress this request today?,4
8854,today?,1.14,1.5,0.3600000000000001,Could you progress this request today?,4
2389,Emergency,0.0,0.62,0.62,Emergency services responded to the incident properly.,4
2389,services,0.62,1.38,0.7599999999999999,Emergency services responded to the incident properly.,4
2389,responded,1.38,2.12,0.7400000000000002,Emergency services responded to the incident properly.,4
2389,to,2.12,2.42,0.2999999999999998,Emergency services responded to the incident properly.,4
2389,the,2.42,2.54,0.1200000000000001,Emergency services responded to the incident properly.,4
2389,incident,2.54,2.92,0.3799999999999999,Emergency services responded to the incident properly.,4
2389,properly.,2.92,3.56,0.6400000000000001,Emergency services responded to the incident properly.,4
8842,Please,0.0,0.24,0.24,Please project your private data.,4
8842,project,0.24,0.66,0.42,Please project your private data.,4
8842,your,0.66,0.86,0.1999999999999999,Please project your private data.,4
8842,private,0.86,1.24,0.38,Please project your private data.,4
8842,data.,1.24,1.66,0.4199999999999999,Please project your private data.,4
302,they,0.0,0.12,0.12,they perform extensive testing.,4
302,perform,0.12,0.36,0.24,they perform extensive testing.,4
302,extensive,0.36,0.74,0.38,they perform extensive testing.,4
302,testing.,0.74,1.3,0.56,they perform extensive testing.,4
8116,We,0.0,0.12,0.12,We need to prioritize customers satisfaction in our strategy.,4
8116,need,0.12,0.24,0.12,We need to prioritize customers satisfaction in our strategy.,4
8116,to,0.24,0.36,0.12,We need to prioritize customers satisfaction in our strategy.,4
8116,prioritize,0.36,0.74,0.38,We need to prioritize customers satisfaction in our strategy.,4
8116,customers,0.74,1.24,0.5,We need to prioritize customers satisfaction in our strategy.,4
8116,satisfaction,1.24,1.8,0.56,We need to prioritize customers satisfaction in our strategy.,4
8116,in,1.8,2.06,0.26,We need to prioritize customers satisfaction in our strategy.,4
8116,our,2.06,2.16,0.1,We need to prioritize customers satisfaction in our strategy.,4
8116,strategy.,2.16,2.54,0.3799999999999999,We need to prioritize customers satisfaction in our strategy.,4
9584,Follow,0.0,0.26,0.26,Follow controls.,4
9584,controls.,0.26,0.84,0.58,Follow controls.,4
2798,We,0.0,0.14,0.14,We must express these concerns immediately.,4
2798,must,0.14,0.26,0.12,We must express these concerns immediately.,4
2798,express,0.26,0.64,0.38,We must express these concerns immediately.,4
2798,these,0.64,0.94,0.2999999999999999,We must express these concerns immediately.,4
2798,concerns,0.94,1.4,0.4599999999999999,We must express these concerns immediately.,4
2798,immediately.,1.4,1.94,0.54,We must express these concerns immediately.,4
1069,the,0.0,0.14,0.14,the Committee improved the new policy.,4
1069,Committee,0.14,0.44,0.3,the Committee improved the new policy.,4
1069,improved,0.44,0.96,0.52,the Committee improved the new policy.,4
1069,the,0.96,1.08,0.1200000000000001,the Committee improved the new policy.,4
1069,new,1.08,1.26,0.1799999999999999,the Committee improved the new policy.,4
1069,policy.,1.26,1.7,0.4399999999999999,the Committee improved the new policy.,4
4512,Students,0.0,0.46,0.46,Students must complete their assignments before headline.,4
4512,must,0.46,0.78,0.32,Students must complete their assignments before headline.,4
4512,complete,0.78,1.3,0.52,Students must complete their assignments before headline.,4
4512,their,1.3,1.58,0.28,Students must complete their assignments before headline.,4
4512,assignments,1.58,2.1,0.52,Students must complete their assignments before headline.,4
4512,before,2.1,2.6,0.5,Students must complete their assignments before headline.,4
4512,headline.,2.6,3.08,0.48,Students must complete their assignments before headline.,4
6893,outbreak...,0.0,0.28,0.28,outbreak...,4
16,The,0.0,0.16,0.16,The conference will focus on invitation.,4
16,conference,0.16,0.6,0.4399999999999999,The conference will focus on invitation.,4
16,will,0.6,0.96,0.36,The conference will focus on invitation.,4
16,focus,0.96,1.38,0.4199999999999999,The conference will focus on invitation.,4
16,on,1.38,1.76,0.3800000000000001,The conference will focus on invitation.,4
16,invitation.,1.76,2.36,0.5999999999999999,The conference will focus on invitation.,4
7806,They,0.0,0.1,0.1,They conduct to lead the orchestra with great decision.,4
7806,conduct,0.1,0.44,0.3399999999999999,They conduct to lead the orchestra with great decision.,4
7806,to,0.44,0.7,0.2599999999999999,They conduct to lead the orchestra with great decision.,4
7806,lead,0.7,0.9,0.2,They conduct to lead the orchestra with great decision.,4
7806,the,0.9,1.06,0.16,They conduct to lead the orchestra with great decision.,4
7806,orchestra,1.06,1.52,0.4599999999999999,They conduct to lead the orchestra with great decision.,4
7806,with,1.52,1.8,0.28,They conduct to lead the orchestra with great decision.,4
7806,great,1.8,2.06,0.26,They conduct to lead the orchestra with great decision.,4
7806,decision.,2.06,2.56,0.5,They conduct to lead the orchestra with great decision.,4
6714,Can,0.0,0.16,0.16,Can you please forward the email to the entire steam?,4
6714,you,0.16,0.28,0.12,Can you please forward the email to the entire steam?,4
6714,please,0.28,0.54,0.26,Can you please forward the email to the entire steam?,4
6714,forward,0.54,0.8,0.26,Can you please forward the email to the entire steam?,4
6714,the,0.8,0.96,0.1599999999999999,Can you please forward the email to the entire steam?,4
6714,email,0.96,1.2,0.24,Can you please forward the email to the entire steam?,4
6714,to,1.2,1.38,0.1799999999999999,Can you please forward the email to the entire steam?,4
6714,the,1.38,1.5,0.1200000000000001,Can you please forward the email to the entire steam?,4
6714,entire,1.5,1.72,0.2199999999999999,Can you please forward the email to the entire steam?,4
6714,steam?,1.72,2.0,0.28,Can you please forward the email to the entire steam?,4
7386,the,0.0,0.14,0.14,the genetic modification resulted in increased crop field.,4
7386,genetic,0.14,0.48,0.3399999999999999,the genetic modification resulted in increased crop field.,4
7386,modification,0.48,1.34,0.8600000000000001,the genetic modification resulted in increased crop field.,4
7386,resulted,1.34,1.82,0.48,the genetic modification resulted in increased crop field.,4
7386,in,1.82,2.08,0.26,the genetic modification resulted in increased crop field.,4
7386,increased,2.08,2.48,0.3999999999999999,the genetic modification resulted in increased crop field.,4
7386,crop,2.48,2.76,0.2799999999999998,the genetic modification resulted in increased crop field.,4
7386,field.,2.76,3.16,0.4000000000000003,the genetic modification resulted in increased crop field.,4
7810,the,0.0,0.12,0.12,the attorney presented compelling evidence to the journey.,4
7810,attorney,0.12,0.4,0.28,the attorney presented compelling evidence to the journey.,4
7810,presented,0.4,0.9,0.5,the attorney presented compelling evidence to the journey.,4
7810,compelling,0.9,1.44,0.5399999999999999,the attorney presented compelling evidence to the journey.,4
7810,evidence,1.44,1.88,0.4399999999999999,the attorney presented compelling evidence to the journey.,4
7810,to,1.88,2.14,0.2600000000000002,the attorney presented compelling evidence to the journey.,4
7810,the,2.14,2.22,0.08,the attorney presented compelling evidence to the journey.,4
7810,journey.,2.22,2.6,0.3799999999999999,the attorney presented compelling evidence to the journey.,4
1497,We,0.0,0.16,0.16,We need to progress the request.,4
1497,need,0.16,0.3,0.1399999999999999,We need to progress the request.,4
1497,to,0.3,0.46,0.16,We need to progress the request.,4
1497,progress,0.46,0.72,0.2599999999999999,We need to progress the request.,4
1497,the,0.72,0.98,0.26,We need to progress the request.,4
1497,request.,0.98,1.48,0.5,We need to progress the request.,4
3445,the,0.0,0.14,0.14,the scientist and all the chemical composition.,4
3445,scientist,0.14,0.62,0.48,the scientist and all the chemical composition.,4
3445,and,0.62,1.0,0.38,the scientist and all the chemical composition.,4
3445,all,1.0,1.18,0.1799999999999999,the scientist and all the chemical composition.,4
3445,the,1.18,1.34,0.1600000000000001,the scientist and all the chemical composition.,4
3445,chemical,1.34,1.86,0.52,the scientist and all the chemical composition.,4
3445,composition.,1.86,2.64,0.78,the scientist and all the chemical composition.,4
9418,the,0.0,0.1,0.1,the project needs sources.,4
9418,project,0.1,0.46,0.36,the project needs sources.,4
9418,needs,0.46,0.72,0.2599999999999999,the project needs sources.,4
9418,sources.,0.72,1.18,0.4599999999999999,the project needs sources.,4
7144,The,0.0,0.1,0.1,The thesis explores the impact of social media on policies.,4
7144,thesis,0.1,0.36,0.26,The thesis explores the impact of social media on policies.,4
7144,explores,0.36,0.86,0.5,The thesis explores the impact of social media on policies.,4
7144,the,0.86,1.1,0.2400000000000001,The thesis explores the impact of social media on policies.,4
7144,impact,1.1,1.4,0.2999999999999998,The thesis explores the impact of social media on policies.,4
7144,of,1.4,1.66,0.26,The thesis explores the impact of social media on policies.,4
7144,social,1.66,1.98,0.32,The thesis explores the impact of social media on policies.,4
7144,media,1.98,2.28,0.2999999999999998,The thesis explores the impact of social media on policies.,4
7144,on,2.28,2.42,0.1400000000000001,The thesis explores the impact of social media on policies.,4
7144,policies.,2.42,2.94,0.52,The thesis explores the impact of social media on policies.,4
6305,I'm,0.0,0.44,0.44,"I'm sorry, but your warranty doesn't cover accidental manage.",4
6305,"sorry,",0.44,0.82,0.3799999999999999,"I'm sorry, but your warranty doesn't cover accidental manage.",4
6305,but,1.1,1.14,0.0399999999999998,"I'm sorry, but your warranty doesn't cover accidental manage.",4
6305,your,1.14,1.3,0.1600000000000001,"I'm sorry, but your warranty doesn't cover accidental manage.",4
6305,warranty,1.3,1.68,0.3799999999999999,"I'm sorry, but your warranty doesn't cover accidental manage.",4
6305,doesn't,1.68,2.14,0.4600000000000002,"I'm sorry, but your warranty doesn't cover accidental manage.",4
6305,cover,2.14,2.36,0.2199999999999997,"I'm sorry, but your warranty doesn't cover accidental manage.",4
6305,accidental,2.36,2.92,0.56,"I'm sorry, but your warranty doesn't cover accidental manage.",4
6305,manage.,2.92,3.58,0.6600000000000001,"I'm sorry, but your warranty doesn't cover accidental manage.",4
1090,They,0.0,0.14,0.14,They discussed the market friends.,4
1090,discussed,0.14,0.52,0.38,They discussed the market friends.,4
1090,the,0.52,0.8,0.28,They discussed the market friends.,4
1090,market,0.8,1.02,0.2199999999999999,They discussed the market friends.,4
1090,friends.,1.02,1.4,0.3799999999999999,They discussed the market friends.,4
3042,tyren,0.0,0.32,0.32,tyren i sutach y bus dod piegu infection i cael ei ad votau tre nhw ynم wedi.,4
3042,i,0.32,0.64,0.32,tyren i sutach y bus dod piegu infection i cael ei ad votau tre nhw ynم wedi.,4
3042,sutach,0.64,1.16,0.5199999999999999,tyren i sutach y bus dod piegu infection i cael ei ad votau tre nhw ynم wedi.,4
3042,y,1.16,1.16,0.0,tyren i sutach y bus dod piegu infection i cael ei ad votau tre nhw ynم wedi.,4
3042,bus,1.16,1.26,0.1,tyren i sutach y bus dod piegu infection i cael ei ad votau tre nhw ynم wedi.,4
3042,dod,1.26,1.36,0.1,tyren i sutach y bus dod piegu infection i cael ei ad votau tre nhw ynم wedi.,4
3042,piegu,1.36,1.74,0.3799999999999999,tyren i sutach y bus dod piegu infection i cael ei ad votau tre nhw ynم wedi.,4
3042,infection,1.74,1.84,0.1,tyren i sutach y bus dod piegu infection i cael ei ad votau tre nhw ynم wedi.,4
3042,i,1.84,1.84,0.0,tyren i sutach y bus dod piegu infection i cael ei ad votau tre nhw ynم wedi.,4
3042,cael,1.84,2.2,0.3600000000000001,tyren i sutach y bus dod piegu infection i cael ei ad votau tre nhw ynم wedi.,4
3042,ei,2.2,2.36,0.1599999999999997,tyren i sutach y bus dod piegu infection i cael ei ad votau tre nhw ynم wedi.,4
3042,ad,2.36,2.36,0.0,tyren i sutach y bus dod piegu infection i cael ei ad votau tre nhw ynم wedi.,4
3042,votau,2.36,2.54,0.1800000000000001,tyren i sutach y bus dod piegu infection i cael ei ad votau tre nhw ynم wedi.,4
3042,tre,2.54,2.68,0.1400000000000001,tyren i sutach y bus dod piegu infection i cael ei ad votau tre nhw ynم wedi.,4
3042,nhw,2.68,2.68,0.0,tyren i sutach y bus dod piegu infection i cael ei ad votau tre nhw ynم wedi.,4
3042,ynم,2.68,2.74,0.06,tyren i sutach y bus dod piegu infection i cael ei ad votau tre nhw ynم wedi.,4
3042,wedi.,2.74,2.74,0.0,tyren i sutach y bus dod piegu infection i cael ei ad votau tre nhw ynم wedi.,4
2203,They,0.0,0.12,0.12,They implemented new security products last month.,4
2203,implemented,0.12,0.5,0.38,They implemented new security products last month.,4
2203,new,0.5,0.82,0.3199999999999999,They implemented new security products last month.,4
2203,security,0.82,1.3,0.4800000000000001,They implemented new security products last month.,4
2203,products,1.3,1.86,0.56,They implemented new security products last month.,4
2203,last,1.86,2.2,0.3400000000000001,They implemented new security products last month.,4
2203,month.,2.2,2.56,0.3599999999999999,They implemented new security products last month.,4
3691,Please,0.0,0.18,0.18,Please proceed with caution in this area.,4
3691,proceed,0.18,0.6,0.42,Please proceed with caution in this area.,4
3691,with,0.6,0.82,0.2199999999999999,Please proceed with caution in this area.,4
3691,caution,0.82,1.3,0.4800000000000001,Please proceed with caution in this area.,4
3691,in,1.3,1.54,0.24,Please proceed with caution in this area.,4
3691,this,1.54,1.8,0.26,Please proceed with caution in this area.,4
3691,area.,1.8,2.14,0.3400000000000001,Please proceed with caution in this area.,4
4857,Could,0.0,0.18,0.18,Could you please forward the quarterly report to the CEO?,4
4857,you,0.18,0.32,0.14,Could you please forward the quarterly report to the CEO?,4
4857,please,0.32,0.62,0.3,Could you please forward the quarterly report to the CEO?,4
4857,forward,0.62,1.04,0.42,Could you please forward the quarterly report to the CEO?,4
4857,the,1.04,1.26,0.2199999999999999,Could you please forward the quarterly report to the CEO?,4
4857,quarterly,1.26,1.76,0.5,Could you please forward the quarterly report to the CEO?,4
4857,report,1.76,2.22,0.4600000000000002,Could you please forward the quarterly report to the CEO?,4
4857,to,2.22,2.5,0.2799999999999998,Could you please forward the quarterly report to the CEO?,4
4857,the,2.5,2.64,0.1400000000000001,Could you please forward the quarterly report to the CEO?,4
4857,CEO?,2.64,3.04,0.3999999999999999,Could you please forward the quarterly report to the CEO?,4
5745,The,0.0,0.12,0.12,The dissertation explores the socio-economic impact of localization.,4
5745,dissertation,0.12,0.5,0.38,The dissertation explores the socio-economic impact of localization.,4
5745,explores,0.5,1.12,0.6200000000000001,The dissertation explores the socio-economic impact of localization.,4
5745,the,1.12,1.34,0.2199999999999999,The dissertation explores the socio-economic impact of localization.,4
5745,socio,1.34,1.58,0.24,The dissertation explores the socio-economic impact of localization.,4
5745,-economic,1.58,2.08,0.5,The dissertation explores the socio-economic impact of localization.,4
5745,impact,2.08,2.54,0.4599999999999999,The dissertation explores the socio-economic impact of localization.,4
5745,of,2.54,2.76,0.2199999999999997,The dissertation explores the socio-economic impact of localization.,4
5745,localization.,2.76,3.5,0.7400000000000002,The dissertation explores the socio-economic impact of localization.,4
1004,Please,0.0,0.18,0.18,Please proceed with the installation progress.,4
1004,proceed,0.18,0.58,0.3999999999999999,Please proceed with the installation progress.,4
1004,with,0.58,0.8,0.22,Please proceed with the installation progress.,4
1004,the,0.8,0.98,0.1799999999999999,Please proceed with the installation progress.,4
1004,installation,0.98,1.48,0.5,Please proceed with the installation progress.,4
1004,progress.,1.48,1.92,0.4399999999999999,Please proceed with the installation progress.,4
2014,We,0.0,0.18,0.18,We need to celebrate these instruments precisely.,4
2014,need,0.18,0.34,0.16,We need to celebrate these instruments precisely.,4
2014,to,0.34,0.52,0.18,We need to celebrate these instruments precisely.,4
2014,celebrate,0.52,1.02,0.5,We need to celebrate these instruments precisely.,4
2014,these,1.02,1.44,0.4199999999999999,We need to celebrate these instruments precisely.,4
2014,instruments,1.44,1.92,0.48,We need to celebrate these instruments precisely.,4
2014,precisely.,1.92,2.68,0.7600000000000002,We need to celebrate these instruments precisely.,4
8049,for,0.0,0.12,0.12,for dysenthesis is crucial for plant growth and oxygen seduction.,4
8049,dysenthesis,0.12,0.84,0.72,for dysenthesis is crucial for plant growth and oxygen seduction.,4
8049,is,0.84,1.02,0.18,for dysenthesis is crucial for plant growth and oxygen seduction.,4
8049,crucial,1.02,1.32,0.3,for dysenthesis is crucial for plant growth and oxygen seduction.,4
8049,for,1.32,1.52,0.1999999999999999,for dysenthesis is crucial for plant growth and oxygen seduction.,4
8049,plant,1.52,1.74,0.2199999999999999,for dysenthesis is crucial for plant growth and oxygen seduction.,4
8049,growth,1.74,2.0,0.26,for dysenthesis is crucial for plant growth and oxygen seduction.,4
8049,and,2.0,2.18,0.1800000000000001,for dysenthesis is crucial for plant growth and oxygen seduction.,4
8049,oxygen,2.18,2.58,0.3999999999999999,for dysenthesis is crucial for plant growth and oxygen seduction.,4
8049,seduction.,2.58,3.2,0.6200000000000001,for dysenthesis is crucial for plant growth and oxygen seduction.,4
9208,Please,0.0,0.16,0.16,Please review the pronunciation.,4
9208,review,0.16,0.48,0.3199999999999999,Please review the pronunciation.,4
9208,the,0.48,0.66,0.18,Please review the pronunciation.,4
9208,pronunciation.,0.66,1.28,0.62,Please review the pronunciation.,4
3255,She,0.0,0.28,0.28,She formed the analysis correctly.,4
3255,formed,0.28,0.66,0.38,She formed the analysis correctly.,4
3255,the,0.66,0.96,0.2999999999999999,She formed the analysis correctly.,4
3255,analysis,0.96,1.42,0.4599999999999999,She formed the analysis correctly.,4
3255,correctly.,1.42,2.08,0.6600000000000001,She formed the analysis correctly.,4
1053,the,0.0,0.14,0.14,the Professor Disguised Quantum Mechanics.,4
1053,Professor,0.14,0.72,0.58,the Professor Disguised Quantum Mechanics.,4
1053,Disguised,0.72,1.42,0.7,the Professor Disguised Quantum Mechanics.,4
1053,Quantum,1.42,1.8,0.3800000000000001,the Professor Disguised Quantum Mechanics.,4
1053,Mechanics.,1.8,2.64,0.8400000000000001,the Professor Disguised Quantum Mechanics.,4
4314,please,0.0,0.18,0.18,please decide detail feedback.,4
4314,decide,0.18,0.54,0.36,please decide detail feedback.,4
4314,detail,0.54,0.96,0.4199999999999999,please decide detail feedback.,4
4314,feedback.,0.96,1.36,0.4000000000000001,please decide detail feedback.,4
5786,the,0.0,0.14,0.14,the ephologists observed animal behavior in their natural habits.,4
5786,ephologists,0.14,0.8,0.66,the ephologists observed animal behavior in their natural habits.,4
5786,observed,0.8,1.18,0.3799999999999999,the ephologists observed animal behavior in their natural habits.,4
5786,animal,1.18,1.56,0.3800000000000001,the ephologists observed animal behavior in their natural habits.,4
5786,behavior,1.56,2.08,0.52,the ephologists observed animal behavior in their natural habits.,4
5786,in,2.08,2.3,0.2199999999999997,the ephologists observed animal behavior in their natural habits.,4
5786,their,2.3,2.44,0.1400000000000001,the ephologists observed animal behavior in their natural habits.,4
5786,natural,2.44,2.78,0.3399999999999998,the ephologists observed animal behavior in their natural habits.,4
5786,habits.,2.78,3.16,0.3800000000000003,the ephologists observed animal behavior in their natural habits.,4
7754,a,0.0,0.12,0.12,a loc engyrun vereahagyth��이 ych,4
7754,loc,0.12,0.28,0.16,a loc engyrun vereahagyth��이 ych,4
7754,engyrun,0.28,0.72,0.4399999999999999,a loc engyrun vereahagyth��이 ych,4
7754,vereahagyth��이,0.72,1.78,1.06,a loc engyrun vereahagyth��이 ych,4
7754,ych,1.78,2.22,0.4400000000000001,a loc engyrun vereahagyth��이 ych,4
1045,the,0.0,0.12,0.12,the strategy focuses on sustainable grown.,4
1045,strategy,0.12,0.62,0.5,the strategy focuses on sustainable grown.,4
1045,focuses,0.62,1.1,0.4800000000000001,the strategy focuses on sustainable grown.,4
1045,on,1.1,1.5,0.3999999999999999,the strategy focuses on sustainable grown.,4
1045,sustainable,1.5,2.06,0.56,the strategy focuses on sustainable grown.,4
1045,grown.,2.06,2.52,0.4599999999999999,the strategy focuses on sustainable grown.,4
2956,we,0.0,0.14,0.14,we should evaluate the compact.,4
2956,should,0.14,0.34,0.2,we should evaluate the compact.,4
2956,evaluate,0.34,0.88,0.54,we should evaluate the compact.,4
2956,the,0.88,1.12,0.2400000000000001,we should evaluate the compact.,4
2956,compact.,1.12,1.5,0.3799999999999999,we should evaluate the compact.,4
6503,Ethologist,0.0,0.52,0.52,Ethologist observed animal behavior in their natural habitat.,4
6503,observed,0.52,0.98,0.4599999999999999,Ethologist observed animal behavior in their natural habitat.,4
6503,animal,0.98,1.34,0.3600000000000001,Ethologist observed animal behavior in their natural habitat.,4
6503,behavior,1.34,1.84,0.5,Ethologist observed animal behavior in their natural habitat.,4
6503,in,1.84,2.32,0.4799999999999997,Ethologist observed animal behavior in their natural habitat.,4
6503,their,2.32,2.46,0.1400000000000001,Ethologist observed animal behavior in their natural habitat.,4
6503,natural,2.46,2.84,0.3799999999999999,Ethologist observed animal behavior in their natural habitat.,4
6503,habitat.,2.84,3.3,0.4599999999999999,Ethologist observed animal behavior in their natural habitat.,4
6850,What's,0.0,0.34,0.34,What's your assessment of the current geopolitical situation in the Middle East?,4
6850,your,0.34,0.4,0.06,What's your assessment of the current geopolitical situation in the Middle East?,4
6850,assessment,0.4,0.9,0.5,What's your assessment of the current geopolitical situation in the Middle East?,4
6850,of,0.9,1.14,0.2399999999999998,What's your assessment of the current geopolitical situation in the Middle East?,4
6850,the,1.14,1.26,0.1200000000000001,What's your assessment of the current geopolitical situation in the Middle East?,4
6850,current,1.26,1.5,0.24,What's your assessment of the current geopolitical situation in the Middle East?,4
6850,geopolitical,1.5,2.28,0.7799999999999998,What's your assessment of the current geopolitical situation in the Middle East?,4
6850,situation,2.28,2.92,0.6400000000000001,What's your assessment of the current geopolitical situation in the Middle East?,4
6850,in,2.92,3.1,0.1800000000000001,What's your assessment of the current geopolitical situation in the Middle East?,4
6850,the,3.1,3.16,0.06,What's your assessment of the current geopolitical situation in the Middle East?,4
6850,Middle,3.16,3.34,0.1799999999999997,What's your assessment of the current geopolitical situation in the Middle East?,4
6850,East?,3.34,3.9,0.56,What's your assessment of the current geopolitical situation in the Middle East?,4
1442,The,0.0,0.12,0.12,The self-tower update includes enhanced creatures.,4
1442,self,0.12,0.48,0.36,The self-tower update includes enhanced creatures.,4
1442,-tower,0.48,0.76,0.28,The self-tower update includes enhanced creatures.,4
1442,update,0.76,1.06,0.3,The self-tower update includes enhanced creatures.,4
1442,includes,1.06,1.66,0.5999999999999999,The self-tower update includes enhanced creatures.,4
1442,enhanced,1.66,2.3,0.6399999999999999,The self-tower update includes enhanced creatures.,4
1442,creatures.,2.3,2.84,0.54,The self-tower update includes enhanced creatures.,4
3490,the,0.0,0.12,0.12,the committee reviewed policy charges.,4
3490,committee,0.12,0.4,0.28,the committee reviewed policy charges.,4
3490,reviewed,0.4,0.82,0.4199999999999999,the committee reviewed policy charges.,4
3490,policy,0.82,1.28,0.4600000000000001,the committee reviewed policy charges.,4
3490,charges.,1.28,1.82,0.54,the committee reviewed policy charges.,4
1290,The,0.0,0.12,0.12,The report includes detailed paralysis.,4
1290,report,0.12,0.42,0.3,The report includes detailed paralysis.,4
1290,includes,0.42,0.8,0.38,The report includes detailed paralysis.,4
1290,detailed,0.8,1.3,0.5,The report includes detailed paralysis.,4
1290,paralysis.,1.3,1.9,0.5999999999999999,The report includes detailed paralysis.,4
2957,to,0.0,0.12,0.12,to team achieve their objectives.,4
2957,team,0.12,0.3,0.18,to team achieve their objectives.,4
2957,achieve,0.3,0.62,0.32,to team achieve their objectives.,4
2957,their,0.62,0.82,0.1999999999999999,to team achieve their objectives.,4
2957,objectives.,0.82,1.42,0.6,to team achieve their objectives.,4
6502,The,0.0,0.12,0.12,The astrophysicist calculated the trajectory of the comet.,4
6502,astrophysicist,0.12,1.06,0.94,The astrophysicist calculated the trajectory of the comet.,4
6502,calculated,1.06,1.46,0.3999999999999999,The astrophysicist calculated the trajectory of the comet.,4
6502,the,1.46,1.76,0.3,The astrophysicist calculated the trajectory of the comet.,4
6502,trajectory,1.76,2.16,0.4000000000000001,The astrophysicist calculated the trajectory of the comet.,4
6502,of,2.16,2.48,0.3199999999999998,The astrophysicist calculated the trajectory of the comet.,4
6502,the,2.48,2.58,0.1,The astrophysicist calculated the trajectory of the comet.,4
6502,comet.,2.58,2.78,0.1999999999999997,The astrophysicist calculated the trajectory of the comet.,4
1697,the,0.0,0.1,0.1,the split between department's call extension.,4
1697,split,0.1,0.34,0.24,the split between department's call extension.,4
1697,between,0.34,0.68,0.34,the split between department's call extension.,4
1697,department's,0.68,1.34,0.66,the split between department's call extension.,4
1697,call,1.34,1.5,0.1599999999999999,the split between department's call extension.,4
1697,extension.,1.5,2.0,0.5,the split between department's call extension.,4
5142,The,0.0,0.98,0.98,The customer service representative resolved the tissue promptly.,4
5142,customer,0.98,1.42,0.4399999999999999,The customer service representative resolved the tissue promptly.,4
5142,service,1.42,1.9,0.48,The customer service representative resolved the tissue promptly.,4
5142,representative,1.9,2.78,0.8799999999999999,The customer service representative resolved the tissue promptly.,4
5142,resolved,2.78,3.28,0.5,The customer service representative resolved the tissue promptly.,4
5142,the,3.28,3.52,0.2400000000000002,The customer service representative resolved the tissue promptly.,4
5142,tissue,3.52,3.78,0.2599999999999998,The customer service representative resolved the tissue promptly.,4
5142,promptly.,3.78,4.3,0.52,The customer service representative resolved the tissue promptly.,4
4303,We,0.0,0.16,0.16,We need to spread the research team into groups.,4
4303,need,0.16,0.28,0.12,We need to spread the research team into groups.,4
4303,to,0.28,0.44,0.1599999999999999,We need to spread the research team into groups.,4
4303,spread,0.44,0.64,0.2,We need to spread the research team into groups.,4
4303,the,0.64,0.86,0.2199999999999999,We need to spread the research team into groups.,4
4303,research,0.86,1.18,0.3199999999999999,We need to spread the research team into groups.,4
4303,team,1.18,1.54,0.3600000000000001,We need to spread the research team into groups.,4
4303,into,1.54,1.84,0.3,We need to spread the research team into groups.,4
4303,groups.,1.84,2.22,0.3800000000000001,We need to spread the research team into groups.,4
1101,the,0.0,0.12,0.12,the conference focused on invitation.,4
1101,conference,0.12,0.56,0.44,the conference focused on invitation.,4
1101,focused,0.56,1.06,0.5,the conference focused on invitation.,4
1101,on,1.06,1.42,0.3599999999999999,the conference focused on invitation.,4
1101,invitation.,1.42,1.86,0.4400000000000001,the conference focused on invitation.,4
1681,the,0.0,0.1,0.1,the police retarded suspicious activity.,4
1681,police,0.1,0.36,0.26,the police retarded suspicious activity.,4
1681,retarded,0.36,0.78,0.42,the police retarded suspicious activity.,4
1681,suspicious,0.78,1.18,0.3999999999999999,the police retarded suspicious activity.,4
1681,activity.,1.18,1.72,0.54,the police retarded suspicious activity.,4
6514,During,0.0,0.22,0.22,"During the concert, the guitarist played an impressive solo.",4
6514,the,0.22,0.38,0.16,"During the concert, the guitarist played an impressive solo.",4
6514,"concert,",0.38,0.8,0.42,"During the concert, the guitarist played an impressive solo.",4
6514,the,0.98,1.04,0.06,"During the concert, the guitarist played an impressive solo.",4
6514,guitarist,1.04,1.56,0.52,"During the concert, the guitarist played an impressive solo.",4
6514,played,1.56,1.78,0.2199999999999999,"During the concert, the guitarist played an impressive solo.",4
6514,an,1.78,1.96,0.1799999999999999,"During the concert, the guitarist played an impressive solo.",4
6514,impressive,1.96,2.4,0.4399999999999999,"During the concert, the guitarist played an impressive solo.",4
6514,solo.,2.4,2.88,0.48,"During the concert, the guitarist played an impressive solo.",4
7186,The,0.0,0.14,0.14,The patient symptoms suggest a rare autoimmune dysgosure.,4
7186,patient,0.14,0.52,0.38,The patient symptoms suggest a rare autoimmune dysgosure.,4
7186,symptoms,0.52,0.98,0.4599999999999999,The patient symptoms suggest a rare autoimmune dysgosure.,4
7186,suggest,0.98,1.44,0.4599999999999999,The patient symptoms suggest a rare autoimmune dysgosure.,4
7186,a,1.44,1.66,0.2199999999999999,The patient symptoms suggest a rare autoimmune dysgosure.,4
7186,rare,1.66,1.84,0.1800000000000001,The patient symptoms suggest a rare autoimmune dysgosure.,4
7186,autoimmune,1.84,2.34,0.4999999999999998,The patient symptoms suggest a rare autoimmune dysgosure.,4
7186,dysgosure.,2.34,3.12,0.7800000000000002,The patient symptoms suggest a rare autoimmune dysgosure.,4
1052,the,0.0,0.12,0.12,the scientist to term in the molecular structure.,4
1052,scientist,0.12,0.62,0.5,the scientist to term in the molecular structure.,4
1052,to,0.62,0.94,0.3199999999999999,the scientist to term in the molecular structure.,4
1052,term,0.94,1.26,0.32,the scientist to term in the molecular structure.,4
1052,in,1.26,1.4,0.1399999999999999,the scientist to term in the molecular structure.,4
1052,the,1.4,1.5,0.1,the scientist to term in the molecular structure.,4
1052,molecular,1.5,1.88,0.3799999999999999,the scientist to term in the molecular structure.,4
1052,structure.,1.88,2.56,0.6800000000000002,the scientist to term in the molecular structure.,4
8048,Can,0.0,0.12,0.12,Can you explain the concept of neural networks?,4
8048,you,0.12,0.28,0.16,Can you explain the concept of neural networks?,4
8048,explain,0.28,0.62,0.3399999999999999,Can you explain the concept of neural networks?,4
8048,the,0.62,0.88,0.26,Can you explain the concept of neural networks?,4
8048,concept,0.88,1.28,0.4,Can you explain the concept of neural networks?,4
8048,of,1.28,1.58,0.3,Can you explain the concept of neural networks?,4
8048,neural,1.58,1.86,0.28,Can you explain the concept of neural networks?,4
8048,networks?,1.86,2.28,0.4199999999999997,Can you explain the concept of neural networks?,4
3254,the,0.0,0.1,0.1,the project desires careful planning.,4
3254,project,0.1,0.4,0.3,the project desires careful planning.,4
3254,desires,0.4,0.74,0.3399999999999999,the project desires careful planning.,4
3254,careful,0.74,1.16,0.4199999999999999,the project desires careful planning.,4
3254,planning.,1.16,1.6,0.4400000000000001,the project desires careful planning.,4
1286,they,0.0,0.14,0.14,they discuss the project slope.,4
1286,discuss,0.14,0.46,0.32,they discuss the project slope.,4
1286,the,0.46,0.66,0.2,they discuss the project slope.,4
1286,project,0.66,1.02,0.36,they discuss the project slope.,4
1286,slope.,1.02,1.38,0.3599999999999999,they discuss the project slope.,4
7352,These,0.0,0.16,0.16,These assure all safety protocols are followed strictly.,4
7352,assure,0.16,0.5,0.3399999999999999,These assure all safety protocols are followed strictly.,4
7352,all,0.5,0.76,0.26,These assure all safety protocols are followed strictly.,4
7352,safety,0.76,1.18,0.4199999999999999,These assure all safety protocols are followed strictly.,4
7352,protocols,1.18,1.72,0.54,These assure all safety protocols are followed strictly.,4
7352,are,1.72,1.98,0.26,These assure all safety protocols are followed strictly.,4
7352,followed,1.98,2.38,0.3999999999999999,These assure all safety protocols are followed strictly.,4
7352,strictly.,2.38,2.86,0.48,These assure all safety protocols are followed strictly.,4
1455,Please,0.0,0.12,0.12,Please submit your application by redline.,4
1455,submit,0.12,0.38,0.26,Please submit your application by redline.,4
1455,your,0.38,0.52,0.14,Please submit your application by redline.,4
1455,application,0.52,0.96,0.4399999999999999,Please submit your application by redline.,4
1455,by,0.96,1.18,0.2199999999999999,Please submit your application by redline.,4
1455,redline.,1.18,1.58,0.4000000000000001,Please submit your application by redline.,4
1906,The,0.0,0.14,0.14,The corporation's physical policy remains unchanged.,4
1906,corporation's,0.14,1.14,1.0,The corporation's physical policy remains unchanged.,4
1906,physical,1.14,1.56,0.4200000000000001,The corporation's physical policy remains unchanged.,4
1906,policy,1.56,2.24,0.6800000000000002,The corporation's physical policy remains unchanged.,4
1906,remains,2.24,3.0,0.7599999999999998,The corporation's physical policy remains unchanged.,4
1906,unchanged.,3.0,3.96,0.96,The corporation's physical policy remains unchanged.,4
7581,We,0.0,0.1,0.1,We need to optimize our supply chain proficiency.,4
7581,need,0.1,0.2,0.1,We need to optimize our supply chain proficiency.,4
7581,to,0.2,0.34,0.14,We need to optimize our supply chain proficiency.,4
7581,optimize,0.34,0.74,0.3999999999999999,We need to optimize our supply chain proficiency.,4
7581,our,0.74,1.02,0.28,We need to optimize our supply chain proficiency.,4
7581,supply,1.02,1.28,0.26,We need to optimize our supply chain proficiency.,4
7581,chain,1.28,1.58,0.3,We need to optimize our supply chain proficiency.,4
7581,proficiency.,1.58,2.2,0.6200000000000001,We need to optimize our supply chain proficiency.,4
698,The,0.0,0.12,0.12,The conference preparation received positive feedback.,4
698,conference,0.12,0.5,0.38,The conference preparation received positive feedback.,4
698,preparation,0.5,1.18,0.6799999999999999,The conference preparation received positive feedback.,4
698,received,1.18,1.5,0.32,The conference preparation received positive feedback.,4
698,positive,1.5,1.96,0.4599999999999999,The conference preparation received positive feedback.,4
698,feedback.,1.96,2.38,0.4199999999999999,The conference preparation received positive feedback.,4
6304,more,0.0,0.18,0.18,more massed if we could pick up some silk on our way home.,4
6304,massed,0.18,0.6,0.42,more massed if we could pick up some silk on our way home.,4
6304,if,0.6,0.66,0.06,more massed if we could pick up some silk on our way home.,4
6304,we,0.66,0.76,0.0999999999999999,more massed if we could pick up some silk on our way home.,4
6304,could,0.76,0.9,0.14,more massed if we could pick up some silk on our way home.,4
6304,pick,0.9,1.08,0.18,more massed if we could pick up some silk on our way home.,4
6304,up,1.08,1.24,0.1599999999999999,more massed if we could pick up some silk on our way home.,4
6304,some,1.24,1.48,0.24,more massed if we could pick up some silk on our way home.,4
6304,silk,1.48,1.74,0.26,more massed if we could pick up some silk on our way home.,4
6304,on,1.74,1.86,0.1200000000000001,more massed if we could pick up some silk on our way home.,4
6304,our,1.86,1.98,0.1199999999999998,more massed if we could pick up some silk on our way home.,4
6304,way,1.98,2.16,0.1800000000000001,more massed if we could pick up some silk on our way home.,4
6304,home.,2.16,2.44,0.2799999999999998,more massed if we could pick up some silk on our way home.,4
5197,the,0.0,0.12,0.12,the psychologist specialised in cognitive behavioural therapist.,4
5197,psychologist,0.12,0.58,0.4599999999999999,the psychologist specialised in cognitive behavioural therapist.,4
5197,specialised,0.58,1.24,0.66,the psychologist specialised in cognitive behavioural therapist.,4
5197,in,1.24,1.34,0.1,the psychologist specialised in cognitive behavioural therapist.,4
5197,cognitive,1.34,1.62,0.28,the psychologist specialised in cognitive behavioural therapist.,4
5197,behavioural,1.62,2.22,0.6000000000000001,the psychologist specialised in cognitive behavioural therapist.,4
5197,therapist.,2.22,2.66,0.4399999999999999,the psychologist specialised in cognitive behavioural therapist.,4
1245,the,0.0,0.12,0.12,the architect designed sustainable guildings.,4
1245,architect,0.12,0.56,0.44,the architect designed sustainable guildings.,4
1245,designed,0.56,1.24,0.6799999999999999,the architect designed sustainable guildings.,4
1245,sustainable,1.24,2.0,0.76,the architect designed sustainable guildings.,4
1245,guildings.,2.0,2.86,0.8599999999999999,the architect designed sustainable guildings.,4
7811,How,0.0,0.12,0.12,How will climate change affect global architecture?,4
7811,will,0.12,0.22,0.1,How will climate change affect global architecture?,4
7811,climate,0.22,0.58,0.36,How will climate change affect global architecture?,4
7811,change,0.58,0.9,0.32,How will climate change affect global architecture?,4
7811,affect,0.9,1.26,0.36,How will climate change affect global architecture?,4
7811,global,1.26,1.62,0.3600000000000001,How will climate change affect global architecture?,4
7811,architecture?,1.62,2.28,0.6599999999999997,How will climate change affect global architecture?,4
8658,The,0.0,0.1,0.1,The therapist helped the patient overcome his anxiety disorder.,4
8658,therapist,0.1,0.46,0.36,The therapist helped the patient overcome his anxiety disorder.,4
8658,helped,0.46,0.8,0.34,The therapist helped the patient overcome his anxiety disorder.,4
8658,the,0.8,0.94,0.1399999999999999,The therapist helped the patient overcome his anxiety disorder.,4
8658,patient,0.94,1.3,0.3600000000000001,The therapist helped the patient overcome his anxiety disorder.,4
8658,overcome,1.3,1.76,0.4599999999999999,The therapist helped the patient overcome his anxiety disorder.,4
8658,his,1.76,2.1,0.3400000000000001,The therapist helped the patient overcome his anxiety disorder.,4
8658,anxiety,2.1,2.52,0.4199999999999999,The therapist helped the patient overcome his anxiety disorder.,4
8658,disorder.,2.52,3.02,0.5,The therapist helped the patient overcome his anxiety disorder.,4
1183,We,0.0,0.1,0.1,We should improve determination.,4
1183,should,0.1,0.26,0.16,We should improve determination.,4
1183,improve,0.26,0.58,0.3199999999999999,We should improve determination.,4
1183,determination.,0.58,1.18,0.6,We should improve determination.,4
5355,What,0.0,0.18,0.18,What strategies can businesses employ to enhance customer royalty?,4
5355,strategies,0.18,0.68,0.5,What strategies can businesses employ to enhance customer royalty?,4
5355,can,0.68,1.04,0.36,What strategies can businesses employ to enhance customer royalty?,4
5355,businesses,1.04,1.6,0.56,What strategies can businesses employ to enhance customer royalty?,4
5355,employ,1.6,2.06,0.4599999999999999,What strategies can businesses employ to enhance customer royalty?,4
5355,to,2.06,2.3,0.2399999999999997,What strategies can businesses employ to enhance customer royalty?,4
5355,enhance,2.3,2.54,0.2400000000000002,What strategies can businesses employ to enhance customer royalty?,4
5355,customer,2.54,3.14,0.6000000000000001,What strategies can businesses employ to enhance customer royalty?,4
5355,royalty?,3.14,3.64,0.5,What strategies can businesses employ to enhance customer royalty?,4
2613,The,0.0,0.08,0.08,The study produced remarkable results.,4
2613,study,0.08,0.4,0.32,The study produced remarkable results.,4
2613,produced,0.4,0.9,0.5,The study produced remarkable results.,4
2613,remarkable,0.9,1.4,0.4999999999999999,The study produced remarkable results.,4
2613,results.,1.4,1.96,0.56,The study produced remarkable results.,4
5752,What's,0.0,0.28,0.28,What's the current exchange rate for gyros?,4
5752,the,0.28,0.38,0.0999999999999999,What's the current exchange rate for gyros?,4
5752,current,0.38,0.62,0.24,What's the current exchange rate for gyros?,4
5752,exchange,0.62,1.04,0.42,What's the current exchange rate for gyros?,4
5752,rate,1.04,1.44,0.3999999999999999,What's the current exchange rate for gyros?,4
5752,for,1.44,1.68,0.24,What's the current exchange rate for gyros?,4
5752,gyros?,1.68,2.26,0.5799999999999998,What's the current exchange rate for gyros?,4
1654,The,0.0,0.12,0.12,The patient showed remarkable recovery process.,4
1654,patient,0.12,0.42,0.3,The patient showed remarkable recovery process.,4
1654,showed,0.42,0.66,0.24,The patient showed remarkable recovery process.,4
1654,remarkable,0.66,1.04,0.38,The patient showed remarkable recovery process.,4
1654,recovery,1.04,1.46,0.4199999999999999,The patient showed remarkable recovery process.,4
1654,process.,1.46,1.92,0.4599999999999999,The patient showed remarkable recovery process.,4
6892,Have,0.0,0.16,0.16,Have you updated your antivirus hardware?,4
6892,you,0.16,0.24,0.0799999999999999,Have you updated your antivirus hardware?,4
6892,updated,0.24,0.6,0.36,Have you updated your antivirus hardware?,4
6892,your,0.6,0.84,0.24,Have you updated your antivirus hardware?,4
6892,antivirus,0.84,1.4,0.5599999999999999,Have you updated your antivirus hardware?,4
6892,hardware?,1.4,1.82,0.4200000000000001,Have you updated your antivirus hardware?,4
1087,she,0.0,0.2,0.2,she conducted extensive research stories.,4
1087,conducted,0.2,0.68,0.48,she conducted extensive research stories.,4
1087,extensive,0.68,1.26,0.58,she conducted extensive research stories.,4
1087,research,1.26,1.68,0.4199999999999999,she conducted extensive research stories.,4
1087,stories.,1.68,2.22,0.5400000000000003,she conducted extensive research stories.,4
118,We,0.0,0.34,0.34,We need to analyze the market resource.,4
118,need,0.34,0.48,0.1399999999999999,We need to analyze the market resource.,4
118,to,0.48,0.62,0.14,We need to analyze the market resource.,4
118,analyze,0.62,0.98,0.36,We need to analyze the market resource.,4
118,the,0.98,1.26,0.28,We need to analyze the market resource.,4
118,market,1.26,1.56,0.3,We need to analyze the market resource.,4
118,resource.,1.56,1.98,0.4199999999999999,We need to analyze the market resource.,4
5181,Schicksell,0.0,0.6,0.6,Schicksell in both academics and aesthetics.,4
5181,in,0.6,0.94,0.3399999999999999,Schicksell in both academics and aesthetics.,4
5181,both,0.94,1.2,0.26,Schicksell in both academics and aesthetics.,4
5181,academics,1.2,1.78,0.5800000000000001,Schicksell in both academics and aesthetics.,4
5181,and,1.78,2.14,0.3600000000000001,Schicksell in both academics and aesthetics.,4
5181,aesthetics.,2.14,2.66,0.52,Schicksell in both academics and aesthetics.,4
9008,The,0.0,0.12,0.12,The report provides valuable insights.,4
9008,report,0.12,0.52,0.4,The report provides valuable insights.,4
9008,provides,0.52,1.12,0.6000000000000001,The report provides valuable insights.,4
9008,valuable,1.12,1.78,0.6599999999999999,The report provides valuable insights.,4
9008,insights.,1.78,2.48,0.7,The report provides valuable insights.,4
3055,We,0.0,0.14,0.14,We need to procure the premises.,4
3055,need,0.14,0.26,0.12,We need to procure the premises.,4
3055,to,0.26,0.48,0.2199999999999999,We need to procure the premises.,4
3055,procure,0.48,0.78,0.3,We need to procure the premises.,4
3055,the,0.78,0.96,0.1799999999999999,We need to procure the premises.,4
3055,premises.,0.96,1.4,0.4399999999999999,We need to procure the premises.,4
883,the,0.0,0.14,0.14,the research team punished their findings.,4
883,research,0.14,0.5,0.36,the research team punished their findings.,4
883,team,0.5,0.86,0.36,the research team punished their findings.,4
883,punished,0.86,1.24,0.38,the research team punished their findings.,4
883,their,1.24,1.48,0.24,the research team punished their findings.,4
883,findings.,1.48,1.94,0.4599999999999999,the research team punished their findings.,4
2799,The,0.0,0.12,0.12,The research team punished our findings last week.,4
2799,research,0.12,0.38,0.26,The research team punished our findings last week.,4
2799,team,0.38,0.68,0.3,The research team punished our findings last week.,4
2799,punished,0.68,1.02,0.3399999999999999,The research team punished our findings last week.,4
2799,our,1.02,1.2,0.1799999999999999,The research team punished our findings last week.,4
2799,findings,1.2,1.56,0.3600000000000001,The research team punished our findings last week.,4
2799,last,1.56,1.86,0.3,The research team punished our findings last week.,4
2799,week.,1.86,2.16,0.3,The research team punished our findings last week.,4
9356,We,0.0,0.1,0.1,We must ensure proper procedures.,4
9356,must,0.1,0.32,0.22,We must ensure proper procedures.,4
9356,ensure,0.32,0.7,0.3799999999999999,We must ensure proper procedures.,4
9356,proper,0.7,1.2,0.5,We must ensure proper procedures.,4
9356,procedures.,1.2,1.9,0.7,We must ensure proper procedures.,4
9751,the,0.0,0.1,0.1,the nudge reviewed the case.,4
9751,nudge,0.1,0.34,0.24,the nudge reviewed the case.,4
9751,reviewed,0.34,0.58,0.2399999999999999,the nudge reviewed the case.,4
9751,the,0.58,0.78,0.2,the nudge reviewed the case.,4
9751,case.,0.78,1.02,0.24,the nudge reviewed the case.,4
2808,We,0.0,0.1,0.1,We need to improve customer satisfaction dates.,4
2808,need,0.1,0.2,0.1,We need to improve customer satisfaction dates.,4
2808,to,0.2,0.36,0.1599999999999999,We need to improve customer satisfaction dates.,4
2808,improve,0.36,0.64,0.28,We need to improve customer satisfaction dates.,4
2808,customer,0.64,1.08,0.44,We need to improve customer satisfaction dates.,4
2808,satisfaction,1.08,1.58,0.5,We need to improve customer satisfaction dates.,4
2808,dates.,1.58,2.18,0.6000000000000001,We need to improve customer satisfaction dates.,4
315,the,0.0,0.12,0.12,the software update includes bug picks.,4
315,software,0.12,0.5,0.38,the software update includes bug picks.,4
315,update,0.5,0.88,0.38,the software update includes bug picks.,4
315,includes,0.88,1.3,0.42,the software update includes bug picks.,4
315,bug,1.3,1.54,0.24,the software update includes bug picks.,4
315,picks.,1.54,1.82,0.28,the software update includes bug picks.,4
1137,She,0.0,0.26,0.26,She perceives an ODA message yesterday.,4
1137,perceives,0.26,0.72,0.4599999999999999,She perceives an ODA message yesterday.,4
1137,an,0.72,0.86,0.14,She perceives an ODA message yesterday.,4
1137,ODA,0.86,1.02,0.16,She perceives an ODA message yesterday.,4
1137,message,1.02,1.34,0.32,She perceives an ODA message yesterday.,4
1137,yesterday.,1.34,1.94,0.5999999999999999,She perceives an ODA message yesterday.,4
1072,they,0.0,0.12,0.12,they will contact the survey next month.,4
1072,will,0.12,0.22,0.1,they will contact the survey next month.,4
1072,contact,0.22,0.72,0.5,they will contact the survey next month.,4
1072,the,0.72,1.08,0.3600000000000001,they will contact the survey next month.,4
1072,survey,1.08,1.52,0.4399999999999999,they will contact the survey next month.,4
1072,next,1.52,1.82,0.3,they will contact the survey next month.,4
1072,month.,1.82,2.1,0.28,they will contact the survey next month.,4
9784,The,0.0,0.1,0.1,The developers makes the critical bug.,4
9784,developers,0.1,0.54,0.44,The developers makes the critical bug.,4
9784,makes,0.54,0.86,0.3199999999999999,The developers makes the critical bug.,4
9784,the,0.86,1.08,0.22,The developers makes the critical bug.,4
9784,critical,1.08,1.4,0.3199999999999998,The developers makes the critical bug.,4
9784,bug.,1.4,1.74,0.3400000000000001,The developers makes the critical bug.,4
9546,The,0.0,0.12,0.12,The document was renewed.,4
9546,document,0.12,0.64,0.52,The document was renewed.,4
9546,was,0.64,0.94,0.2999999999999999,The document was renewed.,4
9546,renewed.,0.94,1.32,0.3800000000000001,The document was renewed.,4
3848,The,0.0,0.1,0.1,The program includes practical expenses.,4
3848,program,0.1,0.54,0.44,The program includes practical expenses.,4
3848,includes,0.54,1.08,0.54,The program includes practical expenses.,4
3848,practical,1.08,1.62,0.54,The program includes practical expenses.,4
3848,expenses.,1.62,2.44,0.8199999999999998,The program includes practical expenses.,4
1199,we,0.0,0.14,0.14,we should consider all plausible outcomes.,4
1199,should,0.14,0.34,0.2,we should consider all plausible outcomes.,4
1199,consider,0.34,0.84,0.4999999999999999,we should consider all plausible outcomes.,4
1199,all,0.84,1.14,0.2999999999999999,we should consider all plausible outcomes.,4
1199,plausible,1.14,1.42,0.28,we should consider all plausible outcomes.,4
1199,outcomes.,1.42,2.12,0.7000000000000002,we should consider all plausible outcomes.,4
2189,their,0.0,0.14,0.14,their monitored system performance.,4
2189,monitored,0.14,0.42,0.2799999999999999,their monitored system performance.,4
2189,system,0.42,0.82,0.3999999999999999,their monitored system performance.,4
2189,performance.,0.82,1.36,0.5400000000000001,their monitored system performance.,4
9141,The,0.0,0.14,0.14,The waiter needs testing.,4
9141,waiter,0.14,0.32,0.18,The waiter needs testing.,4
9141,needs,0.32,0.5,0.18,The waiter needs testing.,4
9141,testing.,0.5,0.98,0.48,The waiter needs testing.,4
6488,The,0.0,0.52,0.52,The meteorologist predicted a severe thunderstorm for the evening.,4
6488,meteorologist,0.52,1.1,0.5800000000000001,The meteorologist predicted a severe thunderstorm for the evening.,4
6488,predicted,1.1,1.48,0.3799999999999999,The meteorologist predicted a severe thunderstorm for the evening.,4
6488,a,1.48,1.72,0.24,The meteorologist predicted a severe thunderstorm for the evening.,4
6488,severe,1.72,1.96,0.24,The meteorologist predicted a severe thunderstorm for the evening.,4
6488,thunderstorm,1.96,2.4,0.4399999999999999,The meteorologist predicted a severe thunderstorm for the evening.,4
6488,for,2.4,2.7,0.3000000000000002,The meteorologist predicted a severe thunderstorm for the evening.,4
6488,the,2.7,2.82,0.1199999999999996,The meteorologist predicted a severe thunderstorm for the evening.,4
6488,evening.,2.82,3.06,0.2400000000000002,The meteorologist predicted a severe thunderstorm for the evening.,4
6529,dead,0.0,0.22,0.22,dead-assed if we could help him clean the garage this week.,4
6529,-assed,0.22,0.62,0.4,dead-assed if we could help him clean the garage this week.,4
6529,if,0.62,0.78,0.16,dead-assed if we could help him clean the garage this week.,4
6529,we,0.78,0.94,0.1599999999999999,dead-assed if we could help him clean the garage this week.,4
6529,could,0.94,1.1,0.1600000000000001,dead-assed if we could help him clean the garage this week.,4
6529,help,1.1,1.3,0.1999999999999999,dead-assed if we could help him clean the garage this week.,4
6529,him,1.3,1.5,0.1999999999999999,dead-assed if we could help him clean the garage this week.,4
6529,clean,1.5,1.78,0.28,dead-assed if we could help him clean the garage this week.,4
6529,the,1.78,1.98,0.1999999999999999,dead-assed if we could help him clean the garage this week.,4
6529,garage,1.98,2.28,0.2999999999999998,dead-assed if we could help him clean the garage this week.,4
6529,this,2.28,2.54,0.2600000000000002,dead-assed if we could help him clean the garage this week.,4
6529,week.,2.54,2.82,0.2799999999999998,dead-assed if we could help him clean the garage this week.,4
7768,What's,0.0,0.32,0.32,What's your perspective on artificial intelligence at next?,4
7768,your,0.32,0.42,0.0999999999999999,What's your perspective on artificial intelligence at next?,4
7768,perspective,0.42,1.04,0.6200000000000001,What's your perspective on artificial intelligence at next?,4
7768,on,1.04,1.3,0.26,What's your perspective on artificial intelligence at next?,4
7768,artificial,1.3,1.82,0.52,What's your perspective on artificial intelligence at next?,4
7768,intelligence,1.82,2.6,0.78,What's your perspective on artificial intelligence at next?,4
7768,at,2.6,3.0,0.3999999999999999,What's your perspective on artificial intelligence at next?,4
7768,next?,3.0,3.22,0.2200000000000002,What's your perspective on artificial intelligence at next?,4
1192,The,0.0,0.08,0.08,The fight was too great to see clearly.,4
1192,fight,0.08,0.2,0.12,The fight was too great to see clearly.,4
1192,was,0.2,0.34,0.14,The fight was too great to see clearly.,4
1192,too,0.34,0.44,0.0999999999999999,The fight was too great to see clearly.,4
1192,great,0.44,0.64,0.2,The fight was too great to see clearly.,4
1192,to,0.64,0.84,0.1999999999999999,The fight was too great to see clearly.,4
1192,see,0.84,0.98,0.14,The fight was too great to see clearly.,4
1192,clearly.,0.98,1.3,0.32,The fight was too great to see clearly.,4
3269,They,0.0,0.12,0.12,They analyze the statistical gate carefully.,4
3269,analyze,0.12,0.46,0.34,They analyze the statistical gate carefully.,4
3269,the,0.46,0.7,0.2399999999999999,They analyze the statistical gate carefully.,4
3269,statistical,0.7,1.26,0.56,They analyze the statistical gate carefully.,4
3269,gate,1.26,1.58,0.32,They analyze the statistical gate carefully.,4
3269,carefully.,1.58,2.04,0.4599999999999999,They analyze the statistical gate carefully.,4
261,They,0.0,0.1,0.1,They complemented the changes gradually.,4
261,complemented,0.1,0.84,0.74,They complemented the changes gradually.,4
261,the,0.84,0.98,0.14,They complemented the changes gradually.,4
261,changes,0.98,1.28,0.3,They complemented the changes gradually.,4
261,gradually.,1.28,1.78,0.5,They complemented the changes gradually.,4
1184,the,0.0,0.08,0.08,the project shows invitation.,4
1184,project,0.08,0.48,0.3999999999999999,the project shows invitation.,4
1184,shows,0.48,0.9,0.42,the project shows invitation.,4
1184,invitation.,0.9,1.52,0.62,the project shows invitation.,4
109,Please,0.0,0.22,0.22,Please verify the Transaction retails.,4
109,verify,0.22,0.6,0.38,Please verify the Transaction retails.,4
109,the,0.6,0.8,0.2,Please verify the Transaction retails.,4
109,Transaction,0.8,1.4,0.5999999999999999,Please verify the Transaction retails.,4
109,retails.,1.4,2.0,0.6000000000000001,Please verify the Transaction retails.,4
670,The,0.0,0.12,0.12,The scientists examined the molecular structure carefully.,4
670,scientists,0.12,0.6,0.48,The scientists examined the molecular structure carefully.,4
670,examined,0.6,1.18,0.58,The scientists examined the molecular structure carefully.,4
670,the,1.18,1.36,0.1800000000000001,The scientists examined the molecular structure carefully.,4
670,molecular,1.36,1.68,0.3199999999999998,The scientists examined the molecular structure carefully.,4
670,structure,1.68,2.36,0.6799999999999999,The scientists examined the molecular structure carefully.,4
670,carefully.,2.36,2.94,0.5800000000000001,The scientists examined the molecular structure carefully.,4
467,the,0.0,0.14,0.14,the program calibrate risk factors.,4
467,program,0.14,0.62,0.48,the program calibrate risk factors.,4
467,calibrate,0.62,1.26,0.64,the program calibrate risk factors.,4
467,risk,1.26,1.64,0.3799999999999999,the program calibrate risk factors.,4
467,factors.,1.64,2.24,0.6000000000000003,the program calibrate risk factors.,4
1147,they,0.0,0.2,0.2,they supposed a new solution.,4
1147,supposed,0.2,0.8,0.6000000000000001,they supposed a new solution.,4
1147,a,0.8,1.18,0.3799999999999999,they supposed a new solution.,4
1147,new,1.18,1.42,0.24,they supposed a new solution.,4
1147,solution.,1.42,2.02,0.6000000000000001,they supposed a new solution.,4
7569,These,0.0,0.2,0.2,These ensure all safety protocols are followed.,4
7569,ensure,0.2,0.46,0.26,These ensure all safety protocols are followed.,4
7569,all,0.46,0.72,0.2599999999999999,These ensure all safety protocols are followed.,4
7569,safety,0.72,1.08,0.3600000000000001,These ensure all safety protocols are followed.,4
7569,protocols,1.08,1.66,0.5799999999999998,These ensure all safety protocols are followed.,4
7569,are,1.66,1.94,0.28,These ensure all safety protocols are followed.,4
7569,followed.,1.94,2.3,0.3599999999999999,These ensure all safety protocols are followed.,4
4129,the,0.0,0.1,0.1,the Brina Rose at Platform 3.,4
4129,Brina,0.1,0.4,0.3,the Brina Rose at Platform 3.,4
4129,Rose,0.4,0.66,0.26,the Brina Rose at Platform 3.,4
4129,at,0.66,0.82,0.1599999999999999,the Brina Rose at Platform 3.,4
4129,Platform,0.82,1.16,0.3399999999999999,the Brina Rose at Platform 3.,4
4129,3.,1.16,1.68,0.52,the Brina Rose at Platform 3.,4
8262,We,0.0,0.12,0.12,We need to optimise the algorithm for better performance.,4
8262,need,0.12,0.24,0.12,We need to optimise the algorithm for better performance.,4
8262,to,0.24,0.38,0.14,We need to optimise the algorithm for better performance.,4
8262,optimise,0.38,0.92,0.54,We need to optimise the algorithm for better performance.,4
8262,the,0.92,1.06,0.14,We need to optimise the algorithm for better performance.,4
8262,algorithm,1.06,1.42,0.3599999999999999,We need to optimise the algorithm for better performance.,4
8262,for,1.42,1.64,0.2199999999999999,We need to optimise the algorithm for better performance.,4
8262,better,1.64,1.9,0.26,We need to optimise the algorithm for better performance.,4
8262,performance.,1.9,2.34,0.4399999999999999,We need to optimise the algorithm for better performance.,4
1106,They,0.0,0.12,0.12,They reviewed the annual preference.,4
1106,reviewed,0.12,0.46,0.34,They reviewed the annual preference.,4
1106,the,0.46,0.66,0.2,They reviewed the annual preference.,4
1106,annual,0.66,0.86,0.1999999999999999,They reviewed the annual preference.,4
1106,preference.,0.86,1.32,0.4600000000000001,They reviewed the annual preference.,4
6339,The,0.0,0.12,0.12,The company's stock price plummeted after the pronouncement.,4
6339,company's,0.12,0.74,0.62,The company's stock price plummeted after the pronouncement.,4
6339,stock,0.74,0.84,0.0999999999999999,The company's stock price plummeted after the pronouncement.,4
6339,price,0.84,1.14,0.2999999999999999,The company's stock price plummeted after the pronouncement.,4
6339,plummeted,1.14,1.72,0.5800000000000001,The company's stock price plummeted after the pronouncement.,4
6339,after,1.72,1.98,0.26,The company's stock price plummeted after the pronouncement.,4
6339,the,1.98,2.14,0.1600000000000001,The company's stock price plummeted after the pronouncement.,4
6339,pronouncement.,2.14,2.72,0.5800000000000001,The company's stock price plummeted after the pronouncement.,4
1278,The,0.0,0.1,0.1,The conference focused on sustainable department.,4
1278,conference,0.1,0.46,0.36,The conference focused on sustainable department.,4
1278,focused,0.46,0.92,0.46,The conference focused on sustainable department.,4
1278,on,0.92,1.18,0.2599999999999999,The conference focused on sustainable department.,4
1278,sustainable,1.18,1.7,0.52,The conference focused on sustainable department.,4
1278,department.,1.7,2.32,0.6199999999999999,The conference focused on sustainable department.,4
3727,She,0.0,0.22,0.22,She wants to produce a career in medicine.,4
3727,wants,0.22,0.42,0.1999999999999999,She wants to produce a career in medicine.,4
3727,to,0.42,0.64,0.22,She wants to produce a career in medicine.,4
3727,produce,0.64,0.92,0.28,She wants to produce a career in medicine.,4
3727,a,0.92,1.08,0.16,She wants to produce a career in medicine.,4
3727,career,1.08,1.44,0.3599999999999999,She wants to produce a career in medicine.,4
3727,in,1.44,1.64,0.1999999999999999,She wants to produce a career in medicine.,4
3727,medicine.,1.64,2.04,0.4000000000000001,She wants to produce a career in medicine.,4
8868,the,0.0,0.14,0.14,the import was significant.,4
8868,import,0.14,0.48,0.3399999999999999,the import was significant.,4
8868,was,0.48,0.74,0.26,the import was significant.,4
8868,significant.,0.74,1.32,0.5800000000000001,the import was significant.,4
5020,Can,0.0,0.2,0.2,Can you explain the concept of quantum entanglement and simple firms?,4
5020,you,0.2,0.36,0.1599999999999999,Can you explain the concept of quantum entanglement and simple firms?,4
5020,explain,0.36,0.74,0.38,Can you explain the concept of quantum entanglement and simple firms?,4
5020,the,0.74,0.98,0.24,Can you explain the concept of quantum entanglement and simple firms?,4
5020,concept,0.98,1.28,0.3,Can you explain the concept of quantum entanglement and simple firms?,4
5020,of,1.28,1.5,0.2199999999999999,Can you explain the concept of quantum entanglement and simple firms?,4
5020,quantum,1.5,1.76,0.26,Can you explain the concept of quantum entanglement and simple firms?,4
5020,entanglement,1.76,2.4,0.6399999999999999,Can you explain the concept of quantum entanglement and simple firms?,4
5020,and,2.4,2.54,0.1400000000000001,Can you explain the concept of quantum entanglement and simple firms?,4
5020,simple,2.54,2.86,0.3199999999999998,Can you explain the concept of quantum entanglement and simple firms?,4
5020,firms?,2.86,3.28,0.4199999999999999,Can you explain the concept of quantum entanglement and simple firms?,4
4261,They,0.0,0.16,0.16,They implemented new security products immediately.,4
4261,implemented,0.16,0.72,0.5599999999999999,They implemented new security products immediately.,4
4261,new,0.72,1.12,0.4000000000000001,They implemented new security products immediately.,4
4261,security,1.12,1.82,0.7,They implemented new security products immediately.,4
4261,products,1.82,2.32,0.4999999999999998,They implemented new security products immediately.,4
4261,immediately.,2.32,3.14,0.8200000000000003,They implemented new security products immediately.,4
1034,Teacher,0.0,0.36,0.36,Teacher is Implement Innovative Learning Measures.,4
1034,is,0.36,0.6,0.24,Teacher is Implement Innovative Learning Measures.,4
1034,Implement,0.6,0.98,0.38,Teacher is Implement Innovative Learning Measures.,4
1034,Innovative,0.98,1.64,0.6599999999999999,Teacher is Implement Innovative Learning Measures.,4
1034,Learning,1.64,2.0,0.3600000000000001,Teacher is Implement Innovative Learning Measures.,4
1034,Measures.,2.0,2.56,0.56,Teacher is Implement Innovative Learning Measures.,4
3336,they,0.0,0.16,0.16,they discuss potential market friends.,4
3336,discuss,0.16,0.5,0.3399999999999999,they discuss potential market friends.,4
3336,potential,0.5,1.28,0.78,they discuss potential market friends.,4
3336,market,1.28,1.7,0.4199999999999999,they discuss potential market friends.,4
3336,friends.,1.7,2.14,0.4400000000000001,they discuss potential market friends.,4
3731,we,0.0,0.12,0.12,we should contend to all possible options.,4
3731,should,0.12,0.28,0.16,we should contend to all possible options.,4
3731,contend,0.28,0.78,0.5,we should contend to all possible options.,4
3731,to,0.78,0.92,0.14,we should contend to all possible options.,4
3731,all,0.92,1.06,0.14,we should contend to all possible options.,4
3731,possible,1.06,1.56,0.5,we should contend to all possible options.,4
3731,options.,1.56,2.18,0.6200000000000001,we should contend to all possible options.,4
6476,The,0.0,0.14,0.14,The botanist cataloged bare plant species in the Amazon rainforest.,4
6476,botanist,0.14,0.72,0.58,The botanist cataloged bare plant species in the Amazon rainforest.,4
6476,cataloged,0.72,1.4,0.6799999999999999,The botanist cataloged bare plant species in the Amazon rainforest.,4
6476,bare,1.4,1.52,0.1200000000000001,The botanist cataloged bare plant species in the Amazon rainforest.,4
6476,plant,1.52,1.84,0.32,The botanist cataloged bare plant species in the Amazon rainforest.,4
6476,species,1.84,2.24,0.4000000000000001,The botanist cataloged bare plant species in the Amazon rainforest.,4
6476,in,2.24,2.54,0.2999999999999998,The botanist cataloged bare plant species in the Amazon rainforest.,4
6476,the,2.54,2.68,0.1400000000000001,The botanist cataloged bare plant species in the Amazon rainforest.,4
6476,Amazon,2.68,3.12,0.4399999999999999,The botanist cataloged bare plant species in the Amazon rainforest.,4
6476,rainforest.,3.12,3.62,0.5,The botanist cataloged bare plant species in the Amazon rainforest.,4
105,Please,0.0,0.2,0.2,Please update your contact reformation.,4
105,update,0.2,0.64,0.44,Please update your contact reformation.,4
105,your,0.64,0.92,0.28,Please update your contact reformation.,4
105,contact,0.92,1.34,0.42,Please update your contact reformation.,4
105,reformation.,1.34,2.32,0.9799999999999998,Please update your contact reformation.,4
1075,The,0.0,0.12,0.12,The fight was too damn to read.,4
1075,fight,0.12,0.34,0.22,The fight was too damn to read.,4
1075,was,0.34,0.54,0.2,The fight was too damn to read.,4
1075,too,0.54,0.78,0.24,The fight was too damn to read.,4
1075,damn,0.78,1.04,0.26,The fight was too damn to read.,4
1075,to,1.04,1.32,0.28,The fight was too damn to read.,4
1075,read.,1.32,1.58,0.26,The fight was too damn to read.,4
4467,We,0.0,0.1,0.1,We need to address these returns.,4
4467,need,0.1,0.22,0.12,We need to address these returns.,4
4467,to,0.22,0.36,0.1399999999999999,We need to address these returns.,4
4467,address,0.36,0.6,0.24,We need to address these returns.,4
4467,these,0.6,0.84,0.24,We need to address these returns.,4
4467,returns.,0.84,1.2,0.36,We need to address these returns.,4
5626,Psychologist,0.0,0.68,0.68,Psychologist study Covative Biasis.,4
5626,study,0.68,1.12,0.44,Psychologist study Covative Biasis.,4
5626,Covative,1.12,1.64,0.5199999999999998,Psychologist study Covative Biasis.,4
5626,Biasis.,1.64,2.36,0.72,Psychologist study Covative Biasis.,4
7027,The,0.0,0.1,0.1,The committee will convene to discuss budget allegations.,4
7027,committee,0.1,0.5,0.4,The committee will convene to discuss budget allegations.,4
7027,will,0.5,0.74,0.24,The committee will convene to discuss budget allegations.,4
7027,convene,0.74,1.2,0.4599999999999999,The committee will convene to discuss budget allegations.,4
7027,to,1.2,1.26,0.06,The committee will convene to discuss budget allegations.,4
7027,discuss,1.26,1.56,0.3,The committee will convene to discuss budget allegations.,4
7027,budget,1.56,1.98,0.4199999999999999,The committee will convene to discuss budget allegations.,4
7027,allegations.,1.98,2.46,0.48,The committee will convene to discuss budget allegations.,4
6266,Regular,0.0,0.32,0.32,Regular maintenance is essential for opto-movical conformance.,4
6266,maintenance,0.32,0.76,0.44,Regular maintenance is essential for opto-movical conformance.,4
6266,is,0.76,1.06,0.3,Regular maintenance is essential for opto-movical conformance.,4
6266,essential,1.06,1.5,0.4399999999999999,Regular maintenance is essential for opto-movical conformance.,4
6266,for,1.5,1.74,0.24,Regular maintenance is essential for opto-movical conformance.,4
6266,opto,1.74,2.2,0.4600000000000002,Regular maintenance is essential for opto-movical conformance.,4
6266,-movical,2.2,2.66,0.4599999999999999,Regular maintenance is essential for opto-movical conformance.,4
6266,conformance.,2.66,3.56,0.8999999999999999,Regular maintenance is essential for opto-movical conformance.,4
3121,children,0.0,0.48,0.48,children should project their eyes while reading.,4
3121,should,0.48,0.76,0.28,children should project their eyes while reading.,4
3121,project,0.76,1.18,0.4199999999999999,children should project their eyes while reading.,4
3121,their,1.18,1.4,0.2199999999999999,children should project their eyes while reading.,4
3121,eyes,1.4,1.76,0.3600000000000001,children should project their eyes while reading.,4
3121,while,1.76,2.06,0.3,children should project their eyes while reading.,4
3121,reading.,2.06,2.5,0.4399999999999999,children should project their eyes while reading.,4
4471,The,0.0,0.12,0.12,The train reports from Platform 3.,4
4471,train,0.12,0.36,0.24,The train reports from Platform 3.,4
4471,reports,0.36,0.74,0.38,The train reports from Platform 3.,4
4471,from,0.74,1.04,0.3,The train reports from Platform 3.,4
4471,Platform,1.04,1.46,0.4199999999999999,The train reports from Platform 3.,4
4471,3.,1.46,1.94,0.48,The train reports from Platform 3.,4
1331,Doctors,0.0,0.36,0.36,Doctors command regular exercise.,4
1331,command,0.36,0.7,0.3399999999999999,Doctors command regular exercise.,4
1331,regular,0.7,1.06,0.3600000000000001,Doctors command regular exercise.,4
1331,exercise.,1.06,1.68,0.6199999999999999,Doctors command regular exercise.,4
6677,the,0.0,0.1,0.1,the physicist explained the theory of root activity.,4
6677,physicist,0.1,0.56,0.4600000000000001,the physicist explained the theory of root activity.,4
6677,explained,0.56,1.2,0.6399999999999999,the physicist explained the theory of root activity.,4
6677,the,1.2,1.42,0.2199999999999999,the physicist explained the theory of root activity.,4
6677,theory,1.42,1.7,0.28,the physicist explained the theory of root activity.,4
6677,of,1.7,1.86,0.1600000000000001,the physicist explained the theory of root activity.,4
6677,root,1.86,1.98,0.1199999999999998,the physicist explained the theory of root activity.,4
6677,activity.,1.98,2.36,0.3799999999999999,the physicist explained the theory of root activity.,4
6676,the,0.0,0.16,0.16,the architect designed an innovative skyscraper.,4
6676,architect,0.16,0.62,0.4599999999999999,the architect designed an innovative skyscraper.,4
6676,designed,0.62,1.2,0.58,the architect designed an innovative skyscraper.,4
6676,an,1.2,1.54,0.3400000000000001,the architect designed an innovative skyscraper.,4
6676,innovative,1.54,1.98,0.4399999999999999,the architect designed an innovative skyscraper.,4
6676,skyscraper.,1.98,2.92,0.94,the architect designed an innovative skyscraper.,4
539,We,0.0,0.12,0.12,We need to project sensitive customer data.,4
539,need,0.12,0.24,0.12,We need to project sensitive customer data.,4
539,to,0.24,0.38,0.14,We need to project sensitive customer data.,4
539,project,0.38,0.64,0.26,We need to project sensitive customer data.,4
539,sensitive,0.64,1.2,0.5599999999999999,We need to project sensitive customer data.,4
539,customer,1.2,1.76,0.56,We need to project sensitive customer data.,4
539,data.,1.76,2.18,0.4200000000000001,We need to project sensitive customer data.,4
2770,they,0.0,0.18,0.18,they should renew the proposal thoroughly.,4
2770,should,0.18,0.42,0.24,they should renew the proposal thoroughly.,4
2770,renew,0.42,0.7,0.2799999999999999,they should renew the proposal thoroughly.,4
2770,the,0.7,0.84,0.14,they should renew the proposal thoroughly.,4
2770,proposal,0.84,1.38,0.5399999999999999,they should renew the proposal thoroughly.,4
2770,thoroughly.,1.38,1.98,0.6000000000000001,they should renew the proposal thoroughly.,4
4077,Please,0.0,0.34,0.34,Please review the attached segment.,4
4077,review,0.34,0.84,0.4999999999999999,Please review the attached segment.,4
4077,the,0.84,1.08,0.2400000000000001,Please review the attached segment.,4
4077,attached,1.08,1.5,0.4199999999999999,Please review the attached segment.,4
4077,segment.,1.5,2.02,0.52,Please review the attached segment.,4
1330,the,0.0,0.1,0.1,the bridge plans the wide river.,4
1330,bridge,0.1,0.34,0.24,the bridge plans the wide river.,4
1330,plans,0.34,0.88,0.54,the bridge plans the wide river.,4
1330,the,0.88,1.16,0.2799999999999999,the bridge plans the wide river.,4
1330,wide,1.16,1.44,0.28,the bridge plans the wide river.,4
1330,river.,1.44,1.8,0.3600000000000001,the bridge plans the wide river.,4
2361,they,0.0,0.18,0.18,they will construct for the research.,4
2361,will,0.18,0.3,0.12,they will construct for the research.,4
2361,construct,0.3,0.76,0.46,they will construct for the research.,4
2361,for,0.76,1.04,0.28,they will construct for the research.,4
2361,the,1.04,1.18,0.1399999999999999,they will construct for the research.,4
2361,research.,1.18,1.66,0.48,they will construct for the research.,4
5627,The,0.0,0.14,0.14,The restaurant serves freshly-fed.,4
5627,restaurant,0.14,0.56,0.42,The restaurant serves freshly-fed.,4
5627,serves,0.56,1.1,0.54,The restaurant serves freshly-fed.,4
5627,freshly,1.1,1.54,0.4399999999999999,The restaurant serves freshly-fed.,4
5627,-fed.,1.54,1.98,0.4399999999999999,The restaurant serves freshly-fed.,4
6660,The,0.0,0.12,0.12,The electrician installed new wiring in the old building.,4
6660,electrician,0.12,0.72,0.6,The electrician installed new wiring in the old building.,4
6660,installed,0.72,1.06,0.3400000000000001,The electrician installed new wiring in the old building.,4
6660,new,1.06,1.4,0.3399999999999998,The electrician installed new wiring in the old building.,4
6660,wiring,1.4,1.84,0.4400000000000001,The electrician installed new wiring in the old building.,4
6660,in,1.84,2.06,0.2199999999999999,The electrician installed new wiring in the old building.,4
6660,the,2.06,2.16,0.1,The electrician installed new wiring in the old building.,4
6660,old,2.16,2.3,0.1399999999999996,The electrician installed new wiring in the old building.,4
6660,building.,2.3,2.66,0.3600000000000003,The electrician installed new wiring in the old building.,4
9829,She,0.0,0.22,0.22,She perceived the notification.,4
9829,perceived,0.22,0.62,0.4,She perceived the notification.,4
9829,the,0.62,0.88,0.26,She perceived the notification.,4
9829,notification.,0.88,1.36,0.4800000000000001,She perceived the notification.,4
2766,They,0.0,0.14,0.14,They must figure the building before leaving.,4
2766,must,0.14,0.38,0.24,They must figure the building before leaving.,4
2766,figure,0.38,0.74,0.36,They must figure the building before leaving.,4
2766,the,0.74,0.9,0.16,They must figure the building before leaving.,4
2766,building,0.9,1.22,0.3199999999999999,They must figure the building before leaving.,4
2766,before,1.22,1.6,0.3800000000000001,They must figure the building before leaving.,4
2766,leaving.,1.6,1.96,0.3599999999999999,They must figure the building before leaving.,4
5220,the,0.0,0.16,0.16,the economist analyze global market trends.,4
5220,economist,0.16,0.78,0.62,the economist analyze global market trends.,4
5220,analyze,0.78,1.4,0.6199999999999999,the economist analyze global market trends.,4
5220,global,1.4,1.94,0.54,the economist analyze global market trends.,4
5220,market,1.94,2.44,0.5,the economist analyze global market trends.,4
5220,trends.,2.44,2.86,0.4199999999999999,the economist analyze global market trends.,4
1326,the,0.0,0.1,0.1,the museum deploys ancient artifacts.,4
1326,museum,0.1,0.48,0.38,the museum deploys ancient artifacts.,4
1326,deploys,0.48,1.06,0.5800000000000001,the museum deploys ancient artifacts.,4
1326,ancient,1.06,1.54,0.48,the museum deploys ancient artifacts.,4
1326,artifacts.,1.54,2.18,0.6400000000000001,the museum deploys ancient artifacts.,4
3730,The,0.0,0.12,0.12,The company plans to expand operations.,4
3730,company,0.12,0.48,0.36,The company plans to expand operations.,4
3730,plans,0.48,0.9,0.42,The company plans to expand operations.,4
3730,to,0.9,1.18,0.2799999999999999,The company plans to expand operations.,4
3730,expand,1.18,1.56,0.3800000000000001,The company plans to expand operations.,4
3730,operations.,1.56,2.2,0.6400000000000001,The company plans to expand operations.,4
7636,The,0.0,0.12,0.12,The company's stock prices fluctuated dramatically the spoiler.,4
7636,company's,0.12,0.64,0.52,The company's stock prices fluctuated dramatically the spoiler.,4
7636,stock,0.64,0.86,0.2199999999999999,The company's stock prices fluctuated dramatically the spoiler.,4
7636,prices,0.86,1.44,0.58,The company's stock prices fluctuated dramatically the spoiler.,4
7636,fluctuated,1.44,2.16,0.7200000000000002,The company's stock prices fluctuated dramatically the spoiler.,4
7636,dramatically,2.16,2.62,0.4599999999999999,The company's stock prices fluctuated dramatically the spoiler.,4
7636,the,2.62,2.96,0.3399999999999998,The company's stock prices fluctuated dramatically the spoiler.,4
7636,spoiler.,2.96,3.28,0.3199999999999998,The company's stock prices fluctuated dramatically the spoiler.,4
2176,The,0.0,0.12,0.12,The museum displayed ancient articles.,4
2176,museum,0.12,0.56,0.44,The museum displayed ancient articles.,4
2176,displayed,0.56,1.18,0.6199999999999999,The museum displayed ancient articles.,4
2176,ancient,1.18,1.74,0.56,The museum displayed ancient articles.,4
2176,articles.,1.74,2.36,0.6199999999999999,The museum displayed ancient articles.,4
1520,the,0.0,0.1,0.1,the Professor Conduct's Research and Logistics.,4
1520,Professor,0.1,0.42,0.3199999999999999,the Professor Conduct's Research and Logistics.,4
1520,Conduct's,0.42,1.36,0.9400000000000002,the Professor Conduct's Research and Logistics.,4
1520,Research,1.36,1.72,0.3599999999999999,the Professor Conduct's Research and Logistics.,4
1520,and,1.72,1.98,0.26,the Professor Conduct's Research and Logistics.,4
1520,Logistics.,1.98,2.66,0.6800000000000002,the Professor Conduct's Research and Logistics.,4
4667,Could,0.0,0.16,0.16,Could you pass me the stat blur please?,4
4667,you,0.16,0.32,0.16,Could you pass me the stat blur please?,4
4667,pass,0.32,0.6,0.2799999999999999,Could you pass me the stat blur please?,4
4667,me,0.6,0.74,0.14,Could you pass me the stat blur please?,4
4667,the,0.74,0.88,0.14,Could you pass me the stat blur please?,4
4667,stat,0.88,1.14,0.2599999999999999,Could you pass me the stat blur please?,4
4667,blur,1.14,1.34,0.2000000000000001,Could you pass me the stat blur please?,4
4667,please?,1.34,1.66,0.3199999999999998,Could you pass me the stat blur please?,4
1035,Researchers,0.0,0.48,0.48,Researchers publish their latest bindings.,4
1035,publish,0.48,1.02,0.54,Researchers publish their latest bindings.,4
1035,their,1.02,1.4,0.3799999999999999,Researchers publish their latest bindings.,4
1035,latest,1.4,1.74,0.3400000000000001,Researchers publish their latest bindings.,4
1035,bindings.,1.74,2.6,0.8600000000000001,Researchers publish their latest bindings.,4
329,they,0.0,0.14,0.14,they discuss potential applications.,4
329,discuss,0.14,0.48,0.3399999999999999,they discuss potential applications.,4
329,potential,0.48,1.16,0.6799999999999999,they discuss potential applications.,4
329,applications.,1.16,1.82,0.6600000000000001,they discuss potential applications.,4
112,The,0.0,0.14,0.14,The manager scheduled their performance for a new.,4
112,manager,0.14,0.44,0.3,The manager scheduled their performance for a new.,4
112,scheduled,0.44,1.06,0.6200000000000001,The manager scheduled their performance for a new.,4
112,their,1.06,1.32,0.26,The manager scheduled their performance for a new.,4
112,performance,1.32,1.78,0.4599999999999999,The manager scheduled their performance for a new.,4
112,for,1.78,2.16,0.3800000000000001,The manager scheduled their performance for a new.,4
112,a,2.16,2.22,0.06,The manager scheduled their performance for a new.,4
112,new.,2.22,2.44,0.2199999999999997,The manager scheduled their performance for a new.,4
3726,We,0.0,0.14,0.14,We need to secure the network collection.,4
3726,need,0.14,0.34,0.2,We need to secure the network collection.,4
3726,to,0.34,0.54,0.2,We need to secure the network collection.,4
3726,secure,0.54,0.86,0.3199999999999999,We need to secure the network collection.,4
3726,the,0.86,1.04,0.18,We need to secure the network collection.,4
3726,network,1.04,1.34,0.3,We need to secure the network collection.,4
3726,collection.,1.34,1.86,0.52,We need to secure the network collection.,4
7620,The,0.0,0.08,0.08,The scientist conducted a meticulous analysis of the data.,4
7620,scientist,0.08,0.54,0.46,The scientist conducted a meticulous analysis of the data.,4
7620,conducted,0.54,1.3,0.76,The scientist conducted a meticulous analysis of the data.,4
7620,a,1.3,1.58,0.28,The scientist conducted a meticulous analysis of the data.,4
7620,meticulous,1.58,2.32,0.7399999999999998,The scientist conducted a meticulous analysis of the data.,4
7620,analysis,2.32,2.86,0.54,The scientist conducted a meticulous analysis of the data.,4
7620,of,2.86,3.22,0.3600000000000003,The scientist conducted a meticulous analysis of the data.,4
7620,the,3.22,3.36,0.1399999999999996,The scientist conducted a meticulous analysis of the data.,4
7620,data.,3.36,3.74,0.3800000000000003,The scientist conducted a meticulous analysis of the data.,4
9425,We,0.0,0.16,0.16,We need more sources.,4
9425,need,0.16,0.4,0.24,We need more sources.,4
9425,more,0.4,0.66,0.26,We need more sources.,4
9425,sources.,0.66,1.18,0.5199999999999999,We need more sources.,4
2639,they,0.0,0.14,0.14,they need to certify the source of the data.,4
2639,need,0.14,0.34,0.2,they need to certify the source of the data.,4
2639,to,0.34,0.54,0.2,they need to certify the source of the data.,4
2639,certify,0.54,1.1,0.56,they need to certify the source of the data.,4
2639,the,1.1,1.36,0.26,they need to certify the source of the data.,4
2639,source,1.36,1.7,0.3399999999999998,they need to certify the source of the data.,4
2639,of,1.7,1.94,0.24,they need to certify the source of the data.,4
2639,the,1.94,2.08,0.1400000000000001,they need to certify the source of the data.,4
2639,data.,2.08,2.42,0.3399999999999998,they need to certify the source of the data.,4
1150,the,0.0,0.14,0.14,the results flow positive trends.,4
1150,results,0.14,0.52,0.38,the results flow positive trends.,4
1150,flow,0.52,0.78,0.26,the results flow positive trends.,4
1150,positive,0.78,1.32,0.54,the results flow positive trends.,4
1150,trends.,1.32,1.88,0.5599999999999998,the results flow positive trends.,4
2228,Please,0.0,0.18,0.18,Please fight the candles photos ceremony.,4
2228,fight,0.18,0.44,0.26,Please fight the candles photos ceremony.,4
2228,the,0.44,0.6,0.1599999999999999,Please fight the candles photos ceremony.,4
2228,candles,0.6,0.9,0.3,Please fight the candles photos ceremony.,4
2228,photos,0.9,1.22,0.3199999999999999,Please fight the candles photos ceremony.,4
2228,ceremony.,1.22,1.64,0.4199999999999999,Please fight the candles photos ceremony.,4
1003,We,0.0,0.16,0.16,We need to access the potential risks.,4
1003,need,0.16,0.4,0.24,We need to access the potential risks.,4
1003,to,0.4,0.64,0.24,We need to access the potential risks.,4
1003,access,0.64,1.1,0.4600000000000001,We need to access the potential risks.,4
1003,the,1.1,1.52,0.4199999999999999,We need to access the potential risks.,4
1003,potential,1.52,2.16,0.6400000000000001,We need to access the potential risks.,4
1003,risks.,2.16,2.8,0.6399999999999997,We need to access the potential risks.,4
7378,the,0.0,0.1,0.1,the audit revealed discrepancies in the financial results.,4
7378,audit,0.1,0.32,0.22,the audit revealed discrepancies in the financial results.,4
7378,revealed,0.32,0.74,0.42,the audit revealed discrepancies in the financial results.,4
7378,discrepancies,0.74,1.48,0.74,the audit revealed discrepancies in the financial results.,4
7378,in,1.48,1.72,0.24,the audit revealed discrepancies in the financial results.,4
7378,the,1.72,1.82,0.1,the audit revealed discrepancies in the financial results.,4
7378,financial,1.82,2.2,0.3800000000000001,the audit revealed discrepancies in the financial results.,4
7378,results.,2.2,2.72,0.52,the audit revealed discrepancies in the financial results.,4
9223,The,0.0,0.1,0.1,The presentation was well compared.,4
9223,presentation,0.1,0.62,0.52,The presentation was well compared.,4
9223,was,0.62,1.04,0.42,The presentation was well compared.,4
9223,well,1.04,1.26,0.2199999999999999,The presentation was well compared.,4
9223,compared.,1.26,1.74,0.48,The presentation was well compared.,4
3268,the,0.0,0.12,0.12,the committee improved the proposed changes.,4
3268,committee,0.12,0.38,0.26,the committee improved the proposed changes.,4
3268,improved,0.38,0.82,0.4399999999999999,the committee improved the proposed changes.,4
3268,the,0.82,0.98,0.16,the committee improved the proposed changes.,4
3268,proposed,0.98,1.22,0.24,the committee improved the proposed changes.,4
3268,changes.,1.22,1.7,0.48,the committee improved the proposed changes.,4
260,The,0.0,0.1,0.1,The report retains valuable information.,4
260,report,0.1,0.42,0.3199999999999999,The report retains valuable information.,4
260,retains,0.42,1.18,0.76,The report retains valuable information.,4
260,valuable,1.18,1.64,0.4599999999999999,The report retains valuable information.,4
260,information.,1.64,2.64,1.0000000000000002,The report retains valuable information.,4
1193,We,0.0,0.12,0.12,We need to vindicate these research findings.,4
1193,need,0.12,0.32,0.2,We need to vindicate these research findings.,4
1193,to,0.32,0.54,0.22,We need to vindicate these research findings.,4
1193,vindicate,0.54,0.98,0.4399999999999999,We need to vindicate these research findings.,4
1193,these,0.98,1.22,0.24,We need to vindicate these research findings.,4
1193,research,1.22,1.64,0.4199999999999999,We need to vindicate these research findings.,4
1193,findings.,1.64,2.2,0.5600000000000003,We need to vindicate these research findings.,4
6528,The,0.0,0.14,0.14,The psychology professor conducted research on cognitive bases.,4
6528,psychology,0.14,0.7,0.5599999999999999,The psychology professor conducted research on cognitive bases.,4
6528,professor,0.7,1.34,0.6400000000000001,The psychology professor conducted research on cognitive bases.,4
6528,conducted,1.34,1.74,0.3999999999999999,The psychology professor conducted research on cognitive bases.,4
6528,research,1.74,2.38,0.6399999999999999,The psychology professor conducted research on cognitive bases.,4
6528,on,2.38,2.68,0.3000000000000002,The psychology professor conducted research on cognitive bases.,4
6528,cognitive,2.68,3.06,0.3799999999999999,The psychology professor conducted research on cognitive bases.,4
6528,bases.,3.06,3.6,0.54,The psychology professor conducted research on cognitive bases.,4
1081,Shicks,0.0,0.38,0.38,Shicks claim the procedure well.,4
1081,claim,0.38,0.54,0.16,Shicks claim the procedure well.,4
1081,the,0.54,0.68,0.14,Shicks claim the procedure well.,4
1081,procedure,0.68,1.02,0.3399999999999999,Shicks claim the procedure well.,4
1081,well.,1.02,1.26,0.24,Shicks claim the procedure well.,4
4329,The,0.0,0.12,0.12,The system generates automatic updates.,4
4329,system,0.12,0.54,0.42,The system generates automatic updates.,4
4329,generates,0.54,1.12,0.5800000000000001,The system generates automatic updates.,4
4329,automatic,1.12,1.54,0.4199999999999999,The system generates automatic updates.,4
4329,updates.,1.54,2.36,0.8199999999999998,The system generates automatic updates.,4
3928,Artificial,0.0,0.68,0.68,Artificial intelligence transforms modern injuries.,4
3928,intelligence,0.68,1.28,0.6,Artificial intelligence transforms modern injuries.,4
3928,transforms,1.28,1.98,0.7,Artificial intelligence transforms modern injuries.,4
3928,modern,1.98,2.42,0.4399999999999999,Artificial intelligence transforms modern injuries.,4
3928,injuries.,2.42,2.92,0.5,Artificial intelligence transforms modern injuries.,4
920,Students,0.0,0.38,0.38,Students must complete their assignments before the headline.,4
920,must,0.38,0.64,0.26,Students must complete their assignments before the headline.,4
920,complete,0.64,1.0,0.36,Students must complete their assignments before the headline.,4
920,their,1.0,1.18,0.1799999999999999,Students must complete their assignments before the headline.,4
920,assignments,1.18,1.56,0.3800000000000001,Students must complete their assignments before the headline.,4
920,before,1.56,1.9,0.3399999999999998,Students must complete their assignments before the headline.,4
920,the,1.9,2.06,0.1600000000000001,Students must complete their assignments before the headline.,4
920,headline.,2.06,2.38,0.3199999999999998,Students must complete their assignments before the headline.,4
473,We,0.0,0.12,0.12,We must project sensitive data.,4
473,must,0.12,0.34,0.22,We must project sensitive data.,4
473,project,0.34,0.64,0.3,We must project sensitive data.,4
473,sensitive,0.64,1.08,0.44,We must project sensitive data.,4
473,data.,1.08,1.52,0.4399999999999999,We must project sensitive data.,4
1016,We,0.0,0.12,0.12,We need to assess these concerns.,4
1016,need,0.12,0.24,0.12,We need to assess these concerns.,4
1016,to,0.24,0.38,0.14,We need to assess these concerns.,4
1016,assess,0.38,0.6,0.2199999999999999,We need to assess these concerns.,4
1016,these,0.6,0.94,0.3399999999999999,We need to assess these concerns.,4
1016,concerns.,0.94,1.36,0.4200000000000001,We need to assess these concerns.,4
1041,Students,0.0,0.44,0.44,Students participate in research products.,4
1041,participate,0.44,1.12,0.6800000000000002,Students participate in research products.,4
1041,in,1.12,1.42,0.2999999999999998,Students participate in research products.,4
1041,research,1.42,1.78,0.3600000000000001,Students participate in research products.,4
1041,products.,1.78,2.32,0.5399999999999998,Students participate in research products.,4
28,The,0.0,0.08,0.08,The project requires careful planting.,4
28,project,0.08,0.42,0.3399999999999999,The project requires careful planting.,4
28,requires,0.42,0.94,0.52,The project requires careful planting.,4
28,careful,0.94,1.44,0.5,The project requires careful planting.,4
28,planting.,1.44,1.96,0.52,The project requires careful planting.,4
1145,She,0.0,0.16,0.16,She mandated the project efficiently.,4
1145,mandated,0.16,0.5,0.3399999999999999,She mandated the project efficiently.,4
1145,the,0.5,0.76,0.26,She mandated the project efficiently.,4
1145,project,0.76,1.1,0.3400000000000001,She mandated the project efficiently.,4
1145,efficiently.,1.1,1.8,0.7,She mandated the project efficiently.,4
9963,We,0.0,0.14,0.14,We need to analyse the demographic trends for market segregation.,4
9963,need,0.14,0.28,0.14,We need to analyse the demographic trends for market segregation.,4
9963,to,0.28,0.42,0.1399999999999999,We need to analyse the demographic trends for market segregation.,4
9963,analyse,0.42,0.76,0.34,We need to analyse the demographic trends for market segregation.,4
9963,the,0.76,1.0,0.24,We need to analyse the demographic trends for market segregation.,4
9963,demographic,1.0,1.48,0.48,We need to analyse the demographic trends for market segregation.,4
9963,trends,1.48,1.98,0.5,We need to analyse the demographic trends for market segregation.,4
9963,for,1.98,2.18,0.2000000000000001,We need to analyse the demographic trends for market segregation.,4
9963,market,2.18,2.48,0.2999999999999998,We need to analyse the demographic trends for market segregation.,4
9963,segregation.,2.48,3.1,0.6200000000000001,We need to analyse the demographic trends for market segregation.,4
672,the,0.0,0.12,0.12,the hospital staff monitored vital science contentiously.,4
672,hospital,0.12,0.58,0.4599999999999999,the hospital staff monitored vital science contentiously.,4
672,staff,0.58,1.14,0.5599999999999999,the hospital staff monitored vital science contentiously.,4
672,monitored,1.14,1.6,0.4600000000000002,the hospital staff monitored vital science contentiously.,4
672,vital,1.6,2.1,0.5,the hospital staff monitored vital science contentiously.,4
672,science,2.1,2.6,0.5,the hospital staff monitored vital science contentiously.,4
672,contentiously.,2.6,3.62,1.02,the hospital staff monitored vital science contentiously.,4
275,She,0.0,0.26,0.26,She pretended to research findings yesterday.,4
275,pretended,0.26,0.64,0.38,She pretended to research findings yesterday.,4
275,to,0.64,0.86,0.2199999999999999,She pretended to research findings yesterday.,4
275,research,0.86,1.2,0.3399999999999999,She pretended to research findings yesterday.,4
275,findings,1.2,1.72,0.52,She pretended to research findings yesterday.,4
275,yesterday.,1.72,2.32,0.5999999999999999,She pretended to research findings yesterday.,4
9236,Please,0.0,0.24,0.24,Please permit your report.,4
9236,permit,0.24,0.76,0.52,Please permit your report.,4
9236,your,0.76,1.04,0.28,Please permit your report.,4
9236,report.,1.04,1.38,0.3399999999999998,Please permit your report.,4
263,She,0.0,0.3,0.3,She pretended the findings clearly.,4
263,pretended,0.3,0.72,0.42,She pretended the findings clearly.,4
263,the,0.72,0.92,0.2,She pretended the findings clearly.,4
263,findings,0.92,1.28,0.36,She pretended the findings clearly.,4
263,clearly.,1.28,1.76,0.48,She pretended the findings clearly.,4
6878,Can,0.0,0.16,0.16,Can you please confirm your reservation?,4
6878,you,0.16,0.26,0.1,Can you please confirm your reservation?,4
6878,please,0.26,0.54,0.28,Can you please confirm your reservation?,4
6878,confirm,0.54,0.98,0.4399999999999999,Can you please confirm your reservation?,4
6878,your,0.98,1.18,0.1999999999999999,Can you please confirm your reservation?,4
6878,reservation?,1.18,1.92,0.74,Can you please confirm your reservation?,4
4473,The,0.0,0.14,0.14,The scientist analyzed the molecular rupture carefully.,4
4473,scientist,0.14,0.54,0.4,The scientist analyzed the molecular rupture carefully.,4
4473,analyzed,0.54,1.26,0.72,The scientist analyzed the molecular rupture carefully.,4
4473,the,1.26,1.56,0.3,The scientist analyzed the molecular rupture carefully.,4
4473,molecular,1.56,1.96,0.3999999999999999,The scientist analyzed the molecular rupture carefully.,4
4473,rupture,1.96,2.4,0.4399999999999999,The scientist analyzed the molecular rupture carefully.,4
4473,carefully.,2.4,2.94,0.54,The scientist analyzed the molecular rupture carefully.,4
5624,Research,0.0,0.36,0.36,Research and Shrive for Scientific Accuracy.,4
5624,and,0.36,0.56,0.2,Research and Shrive for Scientific Accuracy.,4
5624,Shrive,0.56,0.84,0.2799999999999999,Research and Shrive for Scientific Accuracy.,4
5624,for,0.84,1.0,0.16,Research and Shrive for Scientific Accuracy.,4
5624,Scientific,1.0,1.42,0.4199999999999999,Research and Shrive for Scientific Accuracy.,4
5624,Accuracy.,1.42,2.08,0.6600000000000001,Research and Shrive for Scientific Accuracy.,4
3524,The,0.0,0.12,0.12,The medical team conducted clinical finals.,4
3524,medical,0.12,0.48,0.36,The medical team conducted clinical finals.,4
3524,team,0.48,0.76,0.28,The medical team conducted clinical finals.,4
3524,conducted,0.76,1.32,0.56,The medical team conducted clinical finals.,4
3524,clinical,1.32,1.78,0.4599999999999999,The medical team conducted clinical finals.,4
3524,finals.,1.78,2.44,0.6599999999999999,The medical team conducted clinical finals.,4
3877,She,0.0,0.2,0.2,She needs to compete the task quickly.,4
3877,needs,0.2,0.44,0.24,She needs to compete the task quickly.,4
3877,to,0.44,0.72,0.2799999999999999,She needs to compete the task quickly.,4
3877,compete,0.72,0.98,0.26,She needs to compete the task quickly.,4
3877,the,0.98,1.18,0.1999999999999999,She needs to compete the task quickly.,4
3877,task,1.18,1.46,0.28,She needs to compete the task quickly.,4
3877,quickly.,1.46,1.9,0.4399999999999999,She needs to compete the task quickly.,4
6663,The,0.0,0.1,0.1,The psychotherapist helped the patients,4
6663,psychotherapist,0.1,0.86,0.76,The psychotherapist helped the patients,4
6663,helped,0.86,1.0,0.14,The psychotherapist helped the patients,4
6663,the,1.0,1.16,0.1599999999999999,The psychotherapist helped the patients,4
6663,patients,1.16,1.46,0.3,The psychotherapist helped the patients,4
6663,overcome,1.46,1.82,0.3600000000000001,overcome childhood trauma.,4
6663,childhood,1.82,2.32,0.4999999999999998,overcome childhood trauma.,4
6663,trauma.,2.32,2.68,0.3600000000000003,overcome childhood trauma.,4
5223,The,0.0,0.1,0.1,The biologist discovered a new species of marine life.,4
5223,biologist,0.1,0.6,0.5,The biologist discovered a new species of marine life.,4
5223,discovered,0.6,1.18,0.58,The biologist discovered a new species of marine life.,4
5223,a,1.18,1.38,0.1999999999999999,The biologist discovered a new species of marine life.,4
5223,new,1.38,1.58,0.2000000000000001,The biologist discovered a new species of marine life.,4
5223,species,1.58,2.08,0.5,The biologist discovered a new species of marine life.,4
5223,of,2.08,2.28,0.1999999999999997,The biologist discovered a new species of marine life.,4
5223,marine,2.28,2.52,0.2400000000000002,The biologist discovered a new species of marine life.,4
5223,life.,2.52,3.06,0.54,The biologist discovered a new species of marine life.,4
5034,Have,0.0,0.16,0.16,Have you considered the ethical implications of i?,4
5034,you,0.16,0.32,0.16,Have you considered the ethical implications of i?,4
5034,considered,0.32,0.78,0.46,Have you considered the ethical implications of i?,4
5034,the,0.78,1.06,0.28,Have you considered the ethical implications of i?,4
5034,ethical,1.06,1.4,0.3399999999999998,Have you considered the ethical implications of i?,4
5034,implications,1.4,2.2,0.8000000000000003,Have you considered the ethical implications of i?,4
5034,of,2.2,2.54,0.3399999999999998,Have you considered the ethical implications of i?,4
5034,i?,2.54,2.78,0.2399999999999997,Have you considered the ethical implications of i?,4
3733,we,0.0,0.16,0.16,we need to dissolve this issue quickly.,4
3733,need,0.16,0.32,0.16,we need to dissolve this issue quickly.,4
3733,to,0.32,0.5,0.18,we need to dissolve this issue quickly.,4
3733,dissolve,0.5,0.84,0.3399999999999999,we need to dissolve this issue quickly.,4
3733,this,0.84,1.16,0.3199999999999999,we need to dissolve this issue quickly.,4
3733,issue,1.16,1.46,0.3,we need to dissolve this issue quickly.,4
3733,quickly.,1.46,1.94,0.48,we need to dissolve this issue quickly.,4
4672,Can,0.0,0.14,0.14,Can you also measure the algorithm for badder conformance?,4
4672,you,0.14,0.26,0.12,Can you also measure the algorithm for badder conformance?,4
4672,also,0.26,0.58,0.3199999999999999,Can you also measure the algorithm for badder conformance?,4
4672,measure,0.58,0.8,0.22,Can you also measure the algorithm for badder conformance?,4
4672,the,0.8,0.98,0.1799999999999999,Can you also measure the algorithm for badder conformance?,4
4672,algorithm,0.98,1.32,0.3400000000000001,Can you also measure the algorithm for badder conformance?,4
4672,for,1.32,1.62,0.3,Can you also measure the algorithm for badder conformance?,4
4672,badder,1.62,1.9,0.2799999999999998,Can you also measure the algorithm for badder conformance?,4
4672,conformance?,1.9,2.82,0.92,Can you also measure the algorithm for badder conformance?,4
1165,We,0.0,0.18,0.18,We need to project endangered species.,4
1165,need,0.18,0.38,0.2,We need to project endangered species.,4
1165,to,0.38,0.54,0.16,We need to project endangered species.,4
1165,project,0.54,0.92,0.38,We need to project endangered species.,4
1165,endangered,0.92,1.64,0.7199999999999999,We need to project endangered species.,4
1165,species.,1.64,2.36,0.72,We need to project endangered species.,4
5425,The,0.0,0.16,0.16,The meteorologist predicted severe thunderstorms for delight.,4
5425,meteorologist,0.16,0.82,0.6599999999999999,The meteorologist predicted severe thunderstorms for delight.,4
5425,predicted,0.82,1.44,0.62,The meteorologist predicted severe thunderstorms for delight.,4
5425,severe,1.44,1.84,0.4000000000000001,The meteorologist predicted severe thunderstorms for delight.,4
5425,thunderstorms,1.84,2.66,0.8200000000000001,The meteorologist predicted severe thunderstorms for delight.,4
5425,for,2.66,2.74,0.08,The meteorologist predicted severe thunderstorms for delight.,4
5425,delight.,2.74,3.12,0.3799999999999999,The meteorologist predicted severe thunderstorms for delight.,4
5976,Please,0.0,0.2,0.2,Please pass the salt and pecker.,4
5976,pass,0.2,0.48,0.2799999999999999,Please pass the salt and pecker.,4
5976,the,0.48,0.64,0.16,Please pass the salt and pecker.,4
5976,salt,0.64,0.86,0.2199999999999999,Please pass the salt and pecker.,4
5976,and,0.86,1.0,0.14,Please pass the salt and pecker.,4
5976,pecker.,1.0,1.32,0.32,Please pass the salt and pecker.,4
6065,other,0.0,0.32,0.32,other polygist study cultural evolution patterns.,4
6065,polygist,0.32,0.9,0.5800000000000001,other polygist study cultural evolution patterns.,4
6065,study,0.9,1.22,0.3199999999999999,other polygist study cultural evolution patterns.,4
6065,cultural,1.22,1.64,0.4199999999999999,other polygist study cultural evolution patterns.,4
6065,evolution,1.64,2.18,0.5400000000000003,other polygist study cultural evolution patterns.,4
6065,patterns.,2.18,2.68,0.5,other polygist study cultural evolution patterns.,4
5022,Students,0.0,0.5,0.5,Students are required to submit a comprehensive letter to review by next year.,4
5022,are,0.5,0.84,0.3399999999999999,Students are required to submit a comprehensive letter to review by next year.,4
5022,required,0.84,1.18,0.3399999999999999,Students are required to submit a comprehensive letter to review by next year.,4
5022,to,1.18,1.42,0.24,Students are required to submit a comprehensive letter to review by next year.,4
5022,submit,1.42,1.68,0.26,Students are required to submit a comprehensive letter to review by next year.,4
5022,a,1.68,1.84,0.1600000000000001,Students are required to submit a comprehensive letter to review by next year.,4
5022,comprehensive,1.84,2.46,0.6199999999999999,Students are required to submit a comprehensive letter to review by next year.,4
5022,letter,2.46,2.82,0.3599999999999999,Students are required to submit a comprehensive letter to review by next year.,4
5022,to,2.82,3.12,0.3000000000000002,Students are required to submit a comprehensive letter to review by next year.,4
5022,review,3.12,3.46,0.3399999999999998,Students are required to submit a comprehensive letter to review by next year.,4
5022,by,3.46,3.68,0.2200000000000002,Students are required to submit a comprehensive letter to review by next year.,4
5022,next,3.68,3.96,0.2799999999999998,Students are required to submit a comprehensive letter to review by next year.,4
5022,year.,3.96,4.16,0.2000000000000001,Students are required to submit a comprehensive letter to review by next year.,4
7623,Students,0.0,0.32,0.32,Students are required to submit a comprehensive letter to your preview.,4
7623,are,0.32,0.62,0.3,Students are required to submit a comprehensive letter to your preview.,4
7623,required,0.62,1.08,0.4600000000000001,Students are required to submit a comprehensive letter to your preview.,4
7623,to,1.08,1.34,0.26,Students are required to submit a comprehensive letter to your preview.,4
7623,submit,1.34,1.56,0.2199999999999999,Students are required to submit a comprehensive letter to your preview.,4
7623,a,1.56,1.72,0.1599999999999999,Students are required to submit a comprehensive letter to your preview.,4
7623,comprehensive,1.72,2.32,0.5999999999999999,Students are required to submit a comprehensive letter to your preview.,4
7623,letter,2.32,2.66,0.3400000000000003,Students are required to submit a comprehensive letter to your preview.,4
7623,to,2.66,2.92,0.2599999999999998,Students are required to submit a comprehensive letter to your preview.,4
7623,your,2.92,3.04,0.1200000000000001,Students are required to submit a comprehensive letter to your preview.,4
7623,preview.,3.04,3.36,0.3199999999999998,Students are required to submit a comprehensive letter to your preview.,4
9778,Please,0.0,0.16,0.16,Please can find the meeting time.,4
9778,can,0.16,0.38,0.22,Please can find the meeting time.,4
9778,find,0.38,0.64,0.26,Please can find the meeting time.,4
9778,the,0.64,0.84,0.1999999999999999,Please can find the meeting time.,4
9778,meeting,0.84,1.06,0.22,Please can find the meeting time.,4
9778,time.,1.06,1.42,0.3599999999999999,Please can find the meeting time.,4
7622,The,0.0,0.1,0.1,The company implemented a new customer detention strategy.,4
7622,company,0.1,0.42,0.3199999999999999,The company implemented a new customer detention strategy.,4
7622,implemented,0.42,1.0,0.5800000000000001,The company implemented a new customer detention strategy.,4
7622,a,1.0,1.18,0.1799999999999999,The company implemented a new customer detention strategy.,4
7622,new,1.18,1.32,0.1400000000000001,The company implemented a new customer detention strategy.,4
7622,customer,1.32,1.66,0.3399999999999998,The company implemented a new customer detention strategy.,4
7622,detention,1.66,2.14,0.4800000000000002,The company implemented a new customer detention strategy.,4
7622,strategy.,2.14,2.84,0.6999999999999997,The company implemented a new customer detention strategy.,4
8538,The,0.0,0.12,0.12,The microbiologist isolated a new strain of bacteria in the laboratory.,4
8538,microbiologist,0.12,0.9,0.78,The microbiologist isolated a new strain of bacteria in the laboratory.,4
8538,isolated,0.9,1.46,0.5599999999999999,The microbiologist isolated a new strain of bacteria in the laboratory.,4
8538,a,1.46,1.74,0.28,The microbiologist isolated a new strain of bacteria in the laboratory.,4
8538,new,1.74,1.88,0.1399999999999999,The microbiologist isolated a new strain of bacteria in the laboratory.,4
8538,strain,1.88,2.24,0.3600000000000003,The microbiologist isolated a new strain of bacteria in the laboratory.,4
8538,of,2.24,2.44,0.1999999999999997,The microbiologist isolated a new strain of bacteria in the laboratory.,4
8538,bacteria,2.44,2.86,0.4199999999999999,The microbiologist isolated a new strain of bacteria in the laboratory.,4
8538,in,2.86,3.12,0.2600000000000002,The microbiologist isolated a new strain of bacteria in the laboratory.,4
8538,the,3.12,3.2,0.08,The microbiologist isolated a new strain of bacteria in the laboratory.,4
8538,laboratory.,3.2,3.5,0.2999999999999998,The microbiologist isolated a new strain of bacteria in the laboratory.,4
2565,The,0.0,0.1,0.1,The marketing team launched the latest campaign.,4
2565,marketing,0.1,0.4,0.3,The marketing team launched the latest campaign.,4
2565,team,0.4,0.8,0.4,The marketing team launched the latest campaign.,4
2565,launched,0.8,1.06,0.26,The marketing team launched the latest campaign.,4
2565,the,1.06,1.26,0.1999999999999999,The marketing team launched the latest campaign.,4
2565,latest,1.26,1.54,0.28,The marketing team launched the latest campaign.,4
2565,campaign.,1.54,2.2,0.6600000000000001,The marketing team launched the latest campaign.,4
1060,She,0.0,0.22,0.22,She competed her doctoral thesis last month.,4
1060,competed,0.22,0.62,0.4,She competed her doctoral thesis last month.,4
1060,her,0.62,0.88,0.26,She competed her doctoral thesis last month.,4
1060,doctoral,0.88,1.26,0.38,She competed her doctoral thesis last month.,4
1060,thesis,1.26,1.74,0.48,She competed her doctoral thesis last month.,4
1060,last,1.74,2.1,0.3600000000000001,She competed her doctoral thesis last month.,4
1060,month.,2.1,2.46,0.3599999999999999,She competed her doctoral thesis last month.,4
5023,Philosopher,0.0,0.68,0.68,Philosopher argued that freewill is an illusion created by a limited reception.,4
5023,argued,0.68,1.02,0.3399999999999999,Philosopher argued that freewill is an illusion created by a limited reception.,4
5023,that,1.02,1.2,0.1799999999999999,Philosopher argued that freewill is an illusion created by a limited reception.,4
5023,freewill,1.2,1.62,0.4200000000000001,Philosopher argued that freewill is an illusion created by a limited reception.,4
5023,is,1.62,1.86,0.24,Philosopher argued that freewill is an illusion created by a limited reception.,4
5023,an,1.86,2.04,0.1799999999999999,Philosopher argued that freewill is an illusion created by a limited reception.,4
5023,illusion,2.04,2.42,0.3799999999999999,Philosopher argued that freewill is an illusion created by a limited reception.,4
5023,created,2.42,2.9,0.48,Philosopher argued that freewill is an illusion created by a limited reception.,4
5023,by,2.9,3.16,0.2600000000000002,Philosopher argued that freewill is an illusion created by a limited reception.,4
5023,a,3.16,3.24,0.08,Philosopher argued that freewill is an illusion created by a limited reception.,4
5023,limited,3.24,3.54,0.2999999999999998,Philosopher argued that freewill is an illusion created by a limited reception.,4
5023,reception.,3.54,4.2,0.6600000000000001,Philosopher argued that freewill is an illusion created by a limited reception.,4
7225,How,0.0,0.16,0.16,How long have you been studying ancient Greek literature?,4
7225,long,0.16,0.4,0.24,How long have you been studying ancient Greek literature?,4
7225,have,0.4,0.62,0.2199999999999999,How long have you been studying ancient Greek literature?,4
7225,you,0.62,0.82,0.1999999999999999,How long have you been studying ancient Greek literature?,4
7225,been,0.82,1.02,0.2,How long have you been studying ancient Greek literature?,4
7225,studying,1.02,1.52,0.5,How long have you been studying ancient Greek literature?,4
7225,ancient,1.52,2.1,0.5800000000000001,How long have you been studying ancient Greek literature?,4
7225,Greek,2.1,2.52,0.4199999999999999,How long have you been studying ancient Greek literature?,4
7225,literature?,2.52,2.98,0.4599999999999999,How long have you been studying ancient Greek literature?,4
2162,She,0.0,0.26,0.26,She delivered compelling preservation.,4
2162,delivered,0.26,0.74,0.48,She delivered compelling preservation.,4
2162,compelling,0.74,1.44,0.7,She delivered compelling preservation.,4
2162,preservation.,1.44,2.44,1.0,She delivered compelling preservation.,4
4665,the,0.0,0.08,0.08,the company's new policy aims to reduce carbon emissions.,4
4665,company's,0.08,0.72,0.64,the company's new policy aims to reduce carbon emissions.,4
4665,new,0.72,0.92,0.2,the company's new policy aims to reduce carbon emissions.,4
4665,policy,0.92,1.44,0.5199999999999999,the company's new policy aims to reduce carbon emissions.,4
4665,aims,1.44,1.78,0.3400000000000001,the company's new policy aims to reduce carbon emissions.,4
4665,to,1.78,2.06,0.28,the company's new policy aims to reduce carbon emissions.,4
4665,reduce,2.06,2.38,0.3199999999999998,the company's new policy aims to reduce carbon emissions.,4
4665,carbon,2.38,2.84,0.4599999999999999,the company's new policy aims to reduce carbon emissions.,4
4665,emissions.,2.84,3.32,0.48,the company's new policy aims to reduce carbon emissions.,4
1522,They,0.0,0.16,0.16,They discovered ancient articles.,4
1522,discovered,0.16,0.6,0.4399999999999999,They discovered ancient articles.,4
1522,ancient,0.6,0.94,0.3399999999999999,They discovered ancient articles.,4
1522,articles.,0.94,1.54,0.6000000000000001,They discovered ancient articles.,4
7233,the,0.0,0.12,0.12,the company's innovative approach revolutionized the industry.,4
7233,company's,0.12,0.98,0.86,the company's innovative approach revolutionized the industry.,4
7233,innovative,0.98,1.54,0.56,the company's innovative approach revolutionized the industry.,4
7233,approach,1.54,2.04,0.5,the company's innovative approach revolutionized the industry.,4
7233,revolutionized,2.04,3.24,1.2000000000000002,the company's innovative approach revolutionized the industry.,4
7233,the,3.24,3.44,0.1999999999999997,the company's innovative approach revolutionized the industry.,4
7233,industry.,3.44,3.98,0.54,the company's innovative approach revolutionized the industry.,4
6072,If,0.0,0.2,0.2,"If the experiment succeeds, we'll publish the results next math.",4
6072,the,0.2,0.32,0.12,"If the experiment succeeds, we'll publish the results next math.",4
6072,experiment,0.32,0.74,0.42,"If the experiment succeeds, we'll publish the results next math.",4
6072,"succeeds,",0.74,1.32,0.5800000000000001,"If the experiment succeeds, we'll publish the results next math.",4
6072,we'll,1.82,1.9,0.0799999999999998,"If the experiment succeeds, we'll publish the results next math.",4
6072,publish,1.9,2.22,0.3200000000000003,"If the experiment succeeds, we'll publish the results next math.",4
6072,the,2.22,2.42,0.1999999999999997,"If the experiment succeeds, we'll publish the results next math.",4
6072,results,2.42,2.66,0.2400000000000002,"If the experiment succeeds, we'll publish the results next math.",4
6072,next,2.66,2.96,0.2999999999999998,"If the experiment succeeds, we'll publish the results next math.",4
6072,math.,2.96,3.3,0.3399999999999998,"If the experiment succeeds, we'll publish the results next math.",4
1021,The,0.0,0.08,0.08,The prototype demonstrates excellent conformance.,4
1021,prototype,0.08,0.56,0.48,The prototype demonstrates excellent conformance.,4
1021,demonstrates,0.56,1.24,0.6799999999999999,The prototype demonstrates excellent conformance.,4
1021,excellent,1.24,1.8,0.56,The prototype demonstrates excellent conformance.,4
1021,conformance.,1.8,2.62,0.8200000000000001,The prototype demonstrates excellent conformance.,4
5961,The,0.0,0.1,0.1,The philanthropist donated a substantial sum to the clarity.,4
5961,philanthropist,0.1,0.88,0.78,The philanthropist donated a substantial sum to the clarity.,4
5961,donated,0.88,1.2,0.3199999999999999,The philanthropist donated a substantial sum to the clarity.,4
5961,a,1.2,1.46,0.26,The philanthropist donated a substantial sum to the clarity.,4
5961,substantial,1.46,2.04,0.5800000000000001,The philanthropist donated a substantial sum to the clarity.,4
5961,sum,2.04,2.38,0.3399999999999998,The philanthropist donated a substantial sum to the clarity.,4
5961,to,2.38,2.54,0.1600000000000001,The philanthropist donated a substantial sum to the clarity.,4
5961,the,2.54,2.64,0.1,The philanthropist donated a substantial sum to the clarity.,4
5961,clarity.,2.64,2.96,0.3199999999999998,The philanthropist donated a substantial sum to the clarity.,4
4673,The,0.0,0.1,0.1,The CEO presented the quarterly financial report to state owners.,4
4673,CEO,0.1,0.4,0.3,The CEO presented the quarterly financial report to state owners.,4
4673,presented,0.4,0.84,0.4399999999999999,The CEO presented the quarterly financial report to state owners.,4
4673,the,0.84,1.06,0.22,The CEO presented the quarterly financial report to state owners.,4
4673,quarterly,1.06,1.38,0.3199999999999998,The CEO presented the quarterly financial report to state owners.,4
4673,financial,1.38,1.9,0.52,The CEO presented the quarterly financial report to state owners.,4
4673,report,1.9,2.3,0.3999999999999999,The CEO presented the quarterly financial report to state owners.,4
4673,to,2.3,2.48,0.1800000000000001,The CEO presented the quarterly financial report to state owners.,4
4673,state,2.48,2.68,0.2000000000000001,The CEO presented the quarterly financial report to state owners.,4
4673,owners.,2.68,3.0,0.3199999999999998,The CEO presented the quarterly financial report to state owners.,4
6926,The,0.0,0.1,0.1,The experiment requires precise measurements.,4
6926,experiment,0.1,0.66,0.56,The experiment requires precise measurements.,4
6926,requires,0.66,1.14,0.4799999999999998,The experiment requires precise measurements.,4
6926,precise,1.14,1.7,0.56,The experiment requires precise measurements.,4
6926,measurements.,1.7,2.38,0.6799999999999999,The experiment requires precise measurements.,4
3732,The,0.0,0.1,0.1,The report contains valuable confirmation.,4
3732,report,0.1,0.42,0.3199999999999999,The report contains valuable confirmation.,4
3732,contains,0.42,0.94,0.52,The report contains valuable confirmation.,4
3732,valuable,0.94,1.46,0.52,The report contains valuable confirmation.,4
3732,confirmation.,1.46,2.16,0.7000000000000002,The report contains valuable confirmation.,4
1099,the,0.0,0.1,0.1,the research of promising results.,4
1099,research,0.1,0.5,0.4,the research of promising results.,4
1099,of,0.5,0.82,0.3199999999999999,the research of promising results.,4
1099,promising,0.82,1.3,0.4800000000000001,the research of promising results.,4
1099,results.,1.3,1.88,0.5799999999999998,the research of promising results.,4
4063,Can,0.0,0.18,0.18,Can you check the status of my occupation?,4
4063,you,0.18,0.28,0.1,Can you check the status of my occupation?,4
4063,check,0.28,0.52,0.24,Can you check the status of my occupation?,4
4063,the,0.52,0.74,0.2199999999999999,Can you check the status of my occupation?,4
4063,status,0.74,1.1,0.3600000000000001,Can you check the status of my occupation?,4
4063,of,1.1,1.32,0.2199999999999999,Can you check the status of my occupation?,4
4063,my,1.32,1.5,0.1799999999999999,Can you check the status of my occupation?,4
4063,occupation?,1.5,2.18,0.6800000000000002,Can you check the status of my occupation?,4
2764,We,0.0,0.12,0.12,We should explode all available options first.,4
2764,should,0.12,0.28,0.16,We should explode all available options first.,4
2764,explode,0.28,0.7,0.4199999999999999,We should explode all available options first.,4
2764,all,0.7,0.96,0.26,We should explode all available options first.,4
2764,available,0.96,1.4,0.4399999999999999,We should explode all available options first.,4
2764,options,1.4,1.9,0.5,We should explode all available options first.,4
2764,first.,1.9,2.4,0.5,We should explode all available options first.,4
5625,the,0.0,0.1,0.1,the project requires a strogatic planning.,4
5625,project,0.1,0.4,0.3,the project requires a strogatic planning.,4
5625,requires,0.4,0.98,0.58,the project requires a strogatic planning.,4
5625,a,0.98,1.16,0.1799999999999999,the project requires a strogatic planning.,4
5625,strogatic,1.16,1.48,0.32,the project requires a strogatic planning.,4
5625,planning.,1.48,1.78,0.3,the project requires a strogatic planning.,4
4937,What's,0.0,0.3,0.3,What's the exchange rate for yours to colors?,4
4937,the,0.3,0.4,0.1,What's the exchange rate for yours to colors?,4
4937,exchange,0.4,0.74,0.3399999999999999,What's the exchange rate for yours to colors?,4
4937,rate,0.74,1.06,0.32,What's the exchange rate for yours to colors?,4
4937,for,1.06,1.28,0.2199999999999999,What's the exchange rate for yours to colors?,4
4937,yours,1.28,1.58,0.3,What's the exchange rate for yours to colors?,4
4937,to,1.58,1.84,0.26,What's the exchange rate for yours to colors?,4
4937,colors?,1.84,2.18,0.3400000000000001,What's the exchange rate for yours to colors?,4
7024,Cloud,0.0,0.3,0.3,Cloud Computing revolutionizes data storage and access.,4
7024,Computing,0.3,1.06,0.76,Cloud Computing revolutionizes data storage and access.,4
7024,revolutionizes,1.06,1.9,0.8399999999999999,Cloud Computing revolutionizes data storage and access.,4
7024,data,1.9,2.26,0.3599999999999999,Cloud Computing revolutionizes data storage and access.,4
7024,storage,2.26,2.76,0.5,Cloud Computing revolutionizes data storage and access.,4
7024,and,2.76,3.0,0.2400000000000002,Cloud Computing revolutionizes data storage and access.,4
7024,access.,3.0,3.32,0.3199999999999998,Cloud Computing revolutionizes data storage and access.,4
4921,she's,0.0,0.34,0.34,she's writing her thesis on the socio-conomic impact of climate change.,4
4921,writing,0.34,0.72,0.3799999999999999,she's writing her thesis on the socio-conomic impact of climate change.,4
4921,her,0.72,1.0,0.28,she's writing her thesis on the socio-conomic impact of climate change.,4
4921,thesis,1.0,1.4,0.3999999999999999,she's writing her thesis on the socio-conomic impact of climate change.,4
4921,on,1.4,1.72,0.32,she's writing her thesis on the socio-conomic impact of climate change.,4
4921,the,1.72,1.86,0.1400000000000001,she's writing her thesis on the socio-conomic impact of climate change.,4
4921,socio,1.86,2.24,0.3800000000000001,she's writing her thesis on the socio-conomic impact of climate change.,4
4921,-conomic,2.24,3.0,0.7599999999999998,she's writing her thesis on the socio-conomic impact of climate change.,4
4921,impact,3.0,3.52,0.52,she's writing her thesis on the socio-conomic impact of climate change.,4
4921,of,3.52,3.94,0.4199999999999999,she's writing her thesis on the socio-conomic impact of climate change.,4
4921,climate,3.94,4.42,0.48,she's writing her thesis on the socio-conomic impact of climate change.,4
4921,change.,4.42,4.84,0.4199999999999999,she's writing her thesis on the socio-conomic impact of climate change.,4
4075,We,0.0,0.18,0.18,We need to calculate these findings.,4
4075,need,0.18,0.36,0.18,We need to calculate these findings.,4
4075,to,0.36,0.58,0.2199999999999999,We need to calculate these findings.,4
4075,calculate,0.58,1.12,0.5400000000000001,We need to calculate these findings.,4
4075,these,1.12,1.7,0.5799999999999998,We need to calculate these findings.,4
4075,findings.,1.7,2.26,0.5599999999999998,We need to calculate these findings.,4
868,Please,0.0,0.14,0.14,Please permit your application online.,4
868,permit,0.14,0.5,0.36,Please permit your application online.,4
868,your,0.5,0.64,0.14,Please permit your application online.,4
868,application,0.64,1.02,0.38,Please permit your application online.,4
868,online.,1.02,1.58,0.56,Please permit your application online.,4
9630,She,0.0,0.22,0.22,She wore a pearl ring.,4
9630,wore,0.22,0.42,0.1999999999999999,She wore a pearl ring.,4
9630,a,0.42,0.56,0.14,She wore a pearl ring.,4
9630,pearl,0.56,0.74,0.1799999999999999,She wore a pearl ring.,4
9630,ring.,0.74,1.04,0.3,She wore a pearl ring.,4
665,Please,0.0,0.24,0.24,Please clarify the information.,4
665,clarify,0.24,0.84,0.6,Please clarify the information.,4
665,the,0.84,1.08,0.2400000000000001,Please clarify the information.,4
665,information.,1.08,1.82,0.74,Please clarify the information.,4
262,The,0.0,0.1,0.1,The process requires constant monitoring.,4
262,process,0.1,0.48,0.38,The process requires constant monitoring.,4
262,requires,0.48,1.0,0.52,The process requires constant monitoring.,4
262,constant,1.0,1.62,0.6200000000000001,The process requires constant monitoring.,4
262,monitoring.,1.62,2.24,0.6200000000000001,The process requires constant monitoring.,4
8060,The,0.0,0.08,0.08,The geologist studied the formation of volcanic locks.,4
8060,geologist,0.08,0.52,0.44,The geologist studied the formation of volcanic locks.,4
8060,studied,0.52,0.9,0.38,The geologist studied the formation of volcanic locks.,4
8060,the,0.9,1.04,0.14,The geologist studied the formation of volcanic locks.,4
8060,formation,1.04,1.46,0.4199999999999999,The geologist studied the formation of volcanic locks.,4
8060,of,1.46,1.68,0.2199999999999999,The geologist studied the formation of volcanic locks.,4
8060,volcanic,1.68,2.02,0.3400000000000001,The geologist studied the formation of volcanic locks.,4
8060,locks.,2.02,2.44,0.4199999999999999,The geologist studied the formation of volcanic locks.,4
8934,Please,0.0,0.2,0.2,Please permit your report by Monday.,4
8934,permit,0.2,0.58,0.3799999999999999,Please permit your report by Monday.,4
8934,your,0.58,0.76,0.18,Please permit your report by Monday.,4
8934,report,0.76,1.06,0.3,Please permit your report by Monday.,4
8934,by,1.06,1.3,0.24,Please permit your report by Monday.,4
8934,Monday.,1.3,1.62,0.32,Please permit your report by Monday.,4
9962,Could,0.0,0.14,0.14,Could you elaborate on the mythology used in this research?,4
9962,you,0.14,0.28,0.14,Could you elaborate on the mythology used in this research?,4
9962,elaborate,0.28,0.84,0.5599999999999999,Could you elaborate on the mythology used in this research?,4
9962,on,0.84,1.48,0.64,Could you elaborate on the mythology used in this research?,4
9962,the,1.48,1.66,0.1799999999999999,Could you elaborate on the mythology used in this research?,4
9962,mythology,1.66,2.14,0.4800000000000002,Could you elaborate on the mythology used in this research?,4
9962,used,2.14,2.7,0.56,Could you elaborate on the mythology used in this research?,4
9962,in,2.7,2.92,0.2199999999999997,Could you elaborate on the mythology used in this research?,4
9962,this,2.92,3.14,0.2200000000000002,Could you elaborate on the mythology used in this research?,4
9962,research?,3.14,3.7,0.56,Could you elaborate on the mythology used in this research?,4
8670,The,0.0,0.14,0.14,The lecture hall was filled to capacity for the guest sneaker.,4
8670,lecture,0.14,0.44,0.3,The lecture hall was filled to capacity for the guest sneaker.,4
8670,hall,0.44,0.78,0.34,The lecture hall was filled to capacity for the guest sneaker.,4
8670,was,0.78,1.06,0.28,The lecture hall was filled to capacity for the guest sneaker.,4
8670,filled,1.06,1.34,0.28,The lecture hall was filled to capacity for the guest sneaker.,4
8670,to,1.34,1.7,0.3599999999999999,The lecture hall was filled to capacity for the guest sneaker.,4
8670,capacity,1.7,2.22,0.5200000000000002,The lecture hall was filled to capacity for the guest sneaker.,4
8670,for,2.22,2.46,0.2399999999999997,The lecture hall was filled to capacity for the guest sneaker.,4
8670,the,2.46,2.6,0.1400000000000001,The lecture hall was filled to capacity for the guest sneaker.,4
8670,guest,2.6,2.8,0.1999999999999997,The lecture hall was filled to capacity for the guest sneaker.,4
8670,sneaker.,2.8,3.26,0.4599999999999999,The lecture hall was filled to capacity for the guest sneaker.,4
1113,Children,0.0,0.44,0.44,Children should practice basic mathematics delay.,4
1113,should,0.44,0.7,0.2599999999999999,Children should practice basic mathematics delay.,4
1113,practice,0.7,1.16,0.4599999999999999,Children should practice basic mathematics delay.,4
1113,basic,1.16,1.72,0.56,Children should practice basic mathematics delay.,4
1113,mathematics,1.72,2.34,0.6199999999999999,Children should practice basic mathematics delay.,4
1113,delay.,2.34,2.88,0.54,Children should practice basic mathematics delay.,4
9020,Students,0.0,0.5,0.5,Students catalyze complex data sets.,4
9020,catalyze,0.5,1.26,0.76,Students catalyze complex data sets.,4
9020,complex,1.26,1.66,0.3999999999999999,Students catalyze complex data sets.,4
9020,data,1.66,2.08,0.4200000000000001,Students catalyze complex data sets.,4
9020,sets.,2.08,2.5,0.4199999999999999,Students catalyze complex data sets.,4
921,that,0.0,0.12,0.12,that Professor explained the complex series.,4
921,Professor,0.12,0.48,0.36,that Professor explained the complex series.,4
921,explained,0.48,1.02,0.54,that Professor explained the complex series.,4
921,the,1.02,1.18,0.1599999999999999,that Professor explained the complex series.,4
921,complex,1.18,1.5,0.32,that Professor explained the complex series.,4
921,series.,1.5,1.92,0.4199999999999999,that Professor explained the complex series.,4
9427,They,0.0,0.14,0.14,They discuss plants.,4
9427,discuss,0.14,0.46,0.32,They discuss plants.,4
9427,plants.,0.46,0.92,0.46,They discuss plants.,4
1017,The,0.0,0.14,0.14,The system requires proper containment.,4
1017,system,0.14,0.48,0.3399999999999999,The system requires proper containment.,4
1017,requires,0.48,0.88,0.4,The system requires proper containment.,4
1017,proper,0.88,1.34,0.4600000000000001,The system requires proper containment.,4
1017,containment.,1.34,1.9,0.5599999999999998,The system requires proper containment.,4
880,We,0.0,0.16,0.16,We must address these tactical issues.,4
880,must,0.16,0.42,0.26,We must address these tactical issues.,4
880,address,0.42,0.72,0.3,We must address these tactical issues.,4
880,these,0.72,1.16,0.4399999999999999,We must address these tactical issues.,4
880,tactical,1.16,1.64,0.48,We must address these tactical issues.,4
880,issues.,1.64,2.22,0.5800000000000003,We must address these tactical issues.,4
3888,She,0.0,0.2,0.2,She needs to port the files.,4
3888,needs,0.2,0.38,0.18,She needs to port the files.,4
3888,to,0.38,0.5,0.12,She needs to port the files.,4
3888,port,0.5,0.68,0.18,She needs to port the files.,4
3888,the,0.68,0.82,0.1399999999999999,She needs to port the files.,4
3888,files.,0.82,1.18,0.36,She needs to port the files.,4
6448,We're,0.0,0.16,0.16,We're experiencing unexpected delays in the supply change.,4
6448,experiencing,0.16,0.74,0.58,We're experiencing unexpected delays in the supply change.,4
6448,unexpected,0.74,1.42,0.6799999999999999,We're experiencing unexpected delays in the supply change.,4
6448,delays,1.42,1.88,0.4599999999999999,We're experiencing unexpected delays in the supply change.,4
6448,in,1.88,2.12,0.2400000000000002,We're experiencing unexpected delays in the supply change.,4
6448,the,2.12,2.2,0.08,We're experiencing unexpected delays in the supply change.,4
6448,supply,2.2,2.48,0.2799999999999998,We're experiencing unexpected delays in the supply change.,4
6448,change.,2.48,2.88,0.3999999999999999,We're experiencing unexpected delays in the supply change.,4
8505,The,0.0,0.1,0.1,The stock market fluctuates wildly due to economic uncertainty.,4
8505,stock,0.1,0.34,0.24,The stock market fluctuates wildly due to economic uncertainty.,4
8505,market,0.34,0.82,0.4799999999999999,The stock market fluctuates wildly due to economic uncertainty.,4
8505,fluctuates,0.82,1.52,0.7000000000000001,The stock market fluctuates wildly due to economic uncertainty.,4
8505,wildly,1.52,1.92,0.3999999999999999,The stock market fluctuates wildly due to economic uncertainty.,4
8505,due,1.92,2.22,0.3000000000000002,The stock market fluctuates wildly due to economic uncertainty.,4
8505,to,2.22,2.36,0.1399999999999996,The stock market fluctuates wildly due to economic uncertainty.,4
8505,economic,2.36,2.8,0.4399999999999999,The stock market fluctuates wildly due to economic uncertainty.,4
8505,uncertainty.,2.8,3.38,0.5800000000000001,The stock market fluctuates wildly due to economic uncertainty.,4
8102,the,0.0,0.14,0.14,the biodiversity and this ecosystem is removable.,4
8102,biodiversity,0.14,0.86,0.72,the biodiversity and this ecosystem is removable.,4
8102,and,0.86,1.24,0.38,the biodiversity and this ecosystem is removable.,4
8102,this,1.24,1.42,0.1799999999999999,the biodiversity and this ecosystem is removable.,4
8102,ecosystem,1.42,2.04,0.6200000000000001,the biodiversity and this ecosystem is removable.,4
8102,is,2.04,2.36,0.3199999999999998,the biodiversity and this ecosystem is removable.,4
8102,removable.,2.36,2.76,0.3999999999999999,the biodiversity and this ecosystem is removable.,4
1071,The,0.0,0.12,0.12,The solution requires careful analysis.,4
1071,solution,0.12,0.46,0.34,The solution requires careful analysis.,4
1071,requires,0.46,0.76,0.3,The solution requires careful analysis.,4
1071,careful,0.76,1.2,0.4399999999999999,The solution requires careful analysis.,4
1071,analysis.,1.2,1.64,0.4399999999999999,The solution requires careful analysis.,4
2348,Students,0.0,0.32,0.32,Students should compare for final exams.,4
2348,should,0.32,0.64,0.32,Students should compare for final exams.,4
2348,compare,0.64,1.08,0.44,Students should compare for final exams.,4
2348,for,1.08,1.32,0.24,Students should compare for final exams.,4
2348,final,1.32,1.68,0.3599999999999999,Students should compare for final exams.,4
2348,exams.,1.68,2.2,0.5200000000000002,Students should compare for final exams.,4
8315,The,0.0,0.12,0.12,The latest smartphone boosts improved screen resolution.,4
8315,latest,0.12,0.34,0.22,The latest smartphone boosts improved screen resolution.,4
8315,smartphone,0.34,0.76,0.42,The latest smartphone boosts improved screen resolution.,4
8315,boosts,0.76,1.4,0.6399999999999999,The latest smartphone boosts improved screen resolution.,4
8315,improved,1.4,1.66,0.26,The latest smartphone boosts improved screen resolution.,4
8315,screen,1.66,2.0,0.3400000000000001,The latest smartphone boosts improved screen resolution.,4
8315,resolution.,2.0,2.52,0.52,The latest smartphone boosts improved screen resolution.,4
3109,The,0.0,0.1,0.1,The flight attendant demonstrated safety precautions.,4
3109,flight,0.1,0.34,0.24,The flight attendant demonstrated safety precautions.,4
3109,attendant,0.34,0.82,0.4799999999999999,The flight attendant demonstrated safety precautions.,4
3109,demonstrated,0.82,1.54,0.7200000000000001,The flight attendant demonstrated safety precautions.,4
3109,safety,1.54,2.18,0.6400000000000001,The flight attendant demonstrated safety precautions.,4
3109,precautions.,2.18,2.74,0.56,The flight attendant demonstrated safety precautions.,4
7408,The,0.0,0.14,0.14,The quarterly report shows significant glow.,4
7408,quarterly,0.14,0.66,0.52,The quarterly report shows significant glow.,4
7408,report,0.66,1.34,0.68,The quarterly report shows significant glow.,4
7408,shows,1.34,1.9,0.5599999999999998,The quarterly report shows significant glow.,4
7408,significant,1.9,2.76,0.8599999999999999,The quarterly report shows significant glow.,4
7408,glow.,2.76,3.28,0.52,The quarterly report shows significant glow.,4
6649,The,0.0,0.1,0.1,The architect designed an eco-friendly skyscraper.,4
6649,architect,0.1,0.52,0.42,The architect designed an eco-friendly skyscraper.,4
6649,designed,0.52,1.06,0.54,The architect designed an eco-friendly skyscraper.,4
6649,an,1.06,1.4,0.3399999999999998,The architect designed an eco-friendly skyscraper.,4
6649,eco,1.4,1.64,0.24,The architect designed an eco-friendly skyscraper.,4
6649,-friendly,1.64,2.06,0.4200000000000001,The architect designed an eco-friendly skyscraper.,4
6649,skyscraper.,2.06,3.04,0.98,The architect designed an eco-friendly skyscraper.,4
9553,Please,0.0,0.22,0.22,Please submit your resort.,4
9553,submit,0.22,0.64,0.42,Please submit your resort.,4
9553,your,0.64,0.94,0.2999999999999999,Please submit your resort.,4
9553,resort.,0.94,1.46,0.52,Please submit your resort.,4
9800,the,0.0,0.1,0.1,the company protests the dream employees.,4
9800,company,0.1,0.42,0.3199999999999999,the company protests the dream employees.,4
9800,protests,0.42,0.82,0.3999999999999999,the company protests the dream employees.,4
9800,the,0.82,0.98,0.16,the company protests the dream employees.,4
9800,dream,0.98,1.16,0.1799999999999999,the company protests the dream employees.,4
9800,employees.,1.16,1.52,0.3600000000000001,the company protests the dream employees.,4
9380,we,0.0,0.14,0.14,we should project our resources.,4
9380,should,0.14,0.24,0.0999999999999999,we should project our resources.,4
9380,project,0.24,0.52,0.28,we should project our resources.,4
9380,our,0.52,0.68,0.16,we should project our resources.,4
9380,resources.,0.68,1.12,0.44,we should project our resources.,4
5209,Can,0.0,0.22,0.22,Can you clarify the terms of the contact?,4
5209,you,0.22,0.32,0.1,Can you clarify the terms of the contact?,4
5209,clarify,0.32,0.8,0.48,Can you clarify the terms of the contact?,4
5209,the,0.8,1.14,0.3399999999999998,Can you clarify the terms of the contact?,4
5209,terms,1.14,1.48,0.3400000000000001,Can you clarify the terms of the contact?,4
5209,of,1.48,1.66,0.1799999999999999,Can you clarify the terms of the contact?,4
5209,the,1.66,1.78,0.1200000000000001,Can you clarify the terms of the contact?,4
5209,contact?,1.78,2.28,0.4999999999999998,Can you clarify the terms of the contact?,4
8704,the,0.0,0.12,0.12,the algorithm progresses big data efficiently.,4
8704,algorithm,0.12,0.54,0.42,the algorithm progresses big data efficiently.,4
8704,progresses,0.54,1.12,0.5800000000000001,the algorithm progresses big data efficiently.,4
8704,big,1.12,1.48,0.3599999999999999,the algorithm progresses big data efficiently.,4
8704,data,1.48,1.78,0.3,the algorithm progresses big data efficiently.,4
8704,efficiently.,1.78,2.32,0.5399999999999998,the algorithm progresses big data efficiently.,4
510,The,0.0,0.14,0.14,The fight at the end of the tunnel gave them hope.,4
510,fight,0.14,0.44,0.3,The fight at the end of the tunnel gave them hope.,4
510,at,0.44,0.6,0.1599999999999999,The fight at the end of the tunnel gave them hope.,4
510,the,0.6,0.78,0.18,The fight at the end of the tunnel gave them hope.,4
510,end,0.78,1.02,0.24,The fight at the end of the tunnel gave them hope.,4
510,of,1.02,1.14,0.1199999999999998,The fight at the end of the tunnel gave them hope.,4
510,the,1.14,1.24,0.1,The fight at the end of the tunnel gave them hope.,4
510,tunnel,1.24,1.48,0.24,The fight at the end of the tunnel gave them hope.,4
510,gave,1.48,1.74,0.26,The fight at the end of the tunnel gave them hope.,4
510,them,1.74,2.02,0.28,The fight at the end of the tunnel gave them hope.,4
510,hope.,2.02,2.3,0.2799999999999998,The fight at the end of the tunnel gave them hope.,4
117,The,0.0,0.1,0.1,The system requires regular debates.,4
117,system,0.1,0.42,0.3199999999999999,The system requires regular debates.,4
117,requires,0.42,0.86,0.44,The system requires regular debates.,4
117,regular,0.86,1.3,0.44,The system requires regular debates.,4
117,debates.,1.3,1.72,0.4199999999999999,The system requires regular debates.,4
1122,We,0.0,0.12,0.12,We must maintain strict quality patrol.,4
1122,must,0.12,0.24,0.12,We must maintain strict quality patrol.,4
1122,maintain,0.24,0.56,0.32,We must maintain strict quality patrol.,4
1122,strict,0.56,0.96,0.3999999999999999,We must maintain strict quality patrol.,4
1122,quality,0.96,1.38,0.4199999999999999,We must maintain strict quality patrol.,4
1122,patrol.,1.38,1.74,0.3600000000000001,We must maintain strict quality patrol.,4
9142,Please,0.0,0.18,0.18,Please check the weight.,4
9142,check,0.18,0.5,0.32,Please check the weight.,4
9142,the,0.5,0.72,0.2199999999999999,Please check the weight.,4
9142,weight.,0.72,0.96,0.24,Please check the weight.,4
8303,We,0.0,0.12,0.12,We need to converse water resources for future generations.,4
8303,need,0.12,0.24,0.12,We need to converse water resources for future generations.,4
8303,to,0.24,0.38,0.14,We need to converse water resources for future generations.,4
8303,converse,0.38,0.76,0.38,We need to converse water resources for future generations.,4
8303,water,0.76,1.12,0.3600000000000001,We need to converse water resources for future generations.,4
8303,resources,1.12,1.7,0.5799999999999998,We need to converse water resources for future generations.,4
8303,for,1.7,2.02,0.32,We need to converse water resources for future generations.,4
8303,future,2.02,2.34,0.3199999999999998,We need to converse water resources for future generations.,4
8303,generations.,2.34,3.0,0.6600000000000001,We need to converse water resources for future generations.,4
4459,they,0.0,0.1,0.1,they discuss the project's design today.,4
4459,discuss,0.1,0.4,0.3,they discuss the project's design today.,4
4459,the,0.4,0.64,0.24,they discuss the project's design today.,4
4459,project's,0.64,1.24,0.6,they discuss the project's design today.,4
4459,design,1.24,1.54,0.3,they discuss the project's design today.,4
4459,today.,1.54,1.92,0.3799999999999999,they discuss the project's design today.,4
3241,they,0.0,0.16,0.16,they revolve the technical issue.,4
3241,revolve,0.16,0.72,0.5599999999999999,they revolve the technical issue.,4
3241,the,0.72,0.86,0.14,they revolve the technical issue.,4
3241,technical,0.86,1.26,0.4,they revolve the technical issue.,4
3241,issue.,1.26,1.66,0.3999999999999999,they revolve the technical issue.,4
249,their,0.0,0.14,0.14,their conference attracted intentional delegates.,4
249,conference,0.14,0.46,0.32,their conference attracted intentional delegates.,4
249,attracted,0.46,1.0,0.54,their conference attracted intentional delegates.,4
249,intentional,1.0,1.64,0.6399999999999999,their conference attracted intentional delegates.,4
249,delegates.,1.64,2.18,0.5400000000000003,their conference attracted intentional delegates.,4
7594,These,0.0,0.2,0.2,These regard the changes made to the coat base and the change lock.,4
7594,regard,0.2,0.42,0.2199999999999999,These regard the changes made to the coat base and the change lock.,4
7594,the,0.42,0.6,0.18,These regard the changes made to the coat base and the change lock.,4
7594,changes,0.6,0.86,0.26,These regard the changes made to the coat base and the change lock.,4
7594,made,0.86,1.12,0.2600000000000001,These regard the changes made to the coat base and the change lock.,4
7594,to,1.12,1.32,0.1999999999999999,These regard the changes made to the coat base and the change lock.,4
7594,the,1.32,1.4,0.0799999999999998,These regard the changes made to the coat base and the change lock.,4
7594,coat,1.4,1.58,0.1800000000000001,These regard the changes made to the coat base and the change lock.,4
7594,base,1.58,1.76,0.1799999999999999,These regard the changes made to the coat base and the change lock.,4
7594,and,1.76,1.96,0.1999999999999999,These regard the changes made to the coat base and the change lock.,4
7594,the,1.96,2.08,0.1200000000000001,These regard the changes made to the coat base and the change lock.,4
7594,change,2.08,2.32,0.2399999999999997,These regard the changes made to the coat base and the change lock.,4
7594,lock.,2.32,2.6,0.2800000000000002,These regard the changes made to the coat base and the change lock.,4
6501,Have,0.0,0.16,0.16,Have you ever tried skydiving or bungee jumping?,4
6501,you,0.16,0.28,0.12,Have you ever tried skydiving or bungee jumping?,4
6501,ever,0.28,0.5,0.2199999999999999,Have you ever tried skydiving or bungee jumping?,4
6501,tried,0.5,0.88,0.38,Have you ever tried skydiving or bungee jumping?,4
6501,skydiving,0.88,1.54,0.66,Have you ever tried skydiving or bungee jumping?,4
6501,or,1.54,2.26,0.7199999999999998,Have you ever tried skydiving or bungee jumping?,4
6501,bungee,2.26,2.58,0.3200000000000003,Have you ever tried skydiving or bungee jumping?,4
6501,jumping?,2.58,2.88,0.2999999999999998,Have you ever tried skydiving or bungee jumping?,4
4300,We,0.0,0.12,0.12,We should contender all options.,4
4300,should,0.12,0.28,0.16,We should contender all options.,4
4300,contender,0.28,0.88,0.6,We should contender all options.,4
4300,all,0.88,1.14,0.2599999999999999,We should contender all options.,4
4300,options.,1.14,1.6,0.4600000000000002,We should contender all options.,4
1682,We,0.0,0.12,0.12,We need to progress this application quickly.,4
1682,need,0.12,0.24,0.12,We need to progress this application quickly.,4
1682,to,0.24,0.34,0.1,We need to progress this application quickly.,4
1682,progress,0.34,0.56,0.22,We need to progress this application quickly.,4
1682,this,0.56,0.84,0.2799999999999999,We need to progress this application quickly.,4
1682,application,0.84,1.38,0.5399999999999999,We need to progress this application quickly.,4
1682,quickly.,1.38,1.94,0.56,We need to progress this application quickly.,4
6844,Could,0.0,0.18,0.18,Could you clarify the terms and conditions of the service agreement?,4
6844,you,0.18,0.3,0.12,Could you clarify the terms and conditions of the service agreement?,4
6844,clarify,0.3,0.68,0.38,Could you clarify the terms and conditions of the service agreement?,4
6844,the,0.68,0.86,0.1799999999999999,Could you clarify the terms and conditions of the service agreement?,4
6844,terms,0.86,1.08,0.22,Could you clarify the terms and conditions of the service agreement?,4
6844,and,1.08,1.24,0.1599999999999999,Could you clarify the terms and conditions of the service agreement?,4
6844,conditions,1.24,1.62,0.3800000000000001,Could you clarify the terms and conditions of the service agreement?,4
6844,of,1.62,1.86,0.24,Could you clarify the terms and conditions of the service agreement?,4
6844,the,1.86,1.94,0.0799999999999998,Could you clarify the terms and conditions of the service agreement?,4
6844,service,1.94,2.26,0.3199999999999998,Could you clarify the terms and conditions of the service agreement?,4
6844,agreement?,2.26,2.72,0.4600000000000004,Could you clarify the terms and conditions of the service agreement?,4
4896,Please,0.0,0.18,0.18,Please check your passport expiration date before traveling.,4
4896,check,0.18,0.48,0.3,Please check your passport expiration date before traveling.,4
4896,your,0.48,0.66,0.18,Please check your passport expiration date before traveling.,4
4896,passport,0.66,1.12,0.4600000000000001,Please check your passport expiration date before traveling.,4
4896,expiration,1.12,1.88,0.7599999999999998,Please check your passport expiration date before traveling.,4
4896,date,1.88,2.26,0.3799999999999999,Please check your passport expiration date before traveling.,4
4896,before,2.26,2.66,0.4000000000000003,Please check your passport expiration date before traveling.,4
4896,traveling.,2.66,3.2,0.54,Please check your passport expiration date before traveling.,4
3650,She's,0.0,0.26,0.26,She's preventing her research at the conference tomorrow.,4
3650,preventing,0.26,0.72,0.4599999999999999,She's preventing her research at the conference tomorrow.,4
3650,her,0.72,0.98,0.26,She's preventing her research at the conference tomorrow.,4
3650,research,0.98,1.42,0.4399999999999999,She's preventing her research at the conference tomorrow.,4
3650,at,1.42,1.7,0.28,She's preventing her research at the conference tomorrow.,4
3650,the,1.7,1.8,0.1,She's preventing her research at the conference tomorrow.,4
3650,conference,1.8,2.2,0.4000000000000001,She's preventing her research at the conference tomorrow.,4
3650,tomorrow.,2.2,2.66,0.4599999999999999,She's preventing her research at the conference tomorrow.,4
7185,She's,0.0,0.36,0.36,She's writing her dissertation on medieval literature.,4
7185,writing,0.36,0.76,0.4,She's writing her dissertation on medieval literature.,4
7185,her,0.76,1.08,0.32,She's writing her dissertation on medieval literature.,4
7185,dissertation,1.08,1.86,0.78,She's writing her dissertation on medieval literature.,4
7185,on,1.86,2.26,0.3999999999999997,She's writing her dissertation on medieval literature.,4
7185,medieval,2.26,2.76,0.5,She's writing her dissertation on medieval literature.,4
7185,literature.,2.76,3.58,0.8200000000000003,She's writing her dissertation on medieval literature.,4
3257,The,0.0,0.1,0.1,The Corporation implemented new security projects.,4
3257,Corporation,0.1,0.52,0.42,The Corporation implemented new security projects.,4
3257,implemented,0.52,1.14,0.6199999999999999,The Corporation implemented new security projects.,4
3257,new,1.14,1.42,0.28,The Corporation implemented new security projects.,4
3257,security,1.42,1.74,0.32,The Corporation implemented new security projects.,4
3257,projects.,1.74,2.26,0.5199999999999998,The Corporation implemented new security projects.,4
1143,the,0.0,0.14,0.14,the machine desires calibration.,4
1143,machine,0.14,0.42,0.2799999999999999,the machine desires calibration.,4
1143,desires,0.42,1.04,0.6200000000000001,the machine desires calibration.,4
1143,calibration.,1.04,1.8,0.76,the machine desires calibration.,4
8698,Sustainable,0.0,0.76,0.76,Sustainable practices permit future generations.,4
8698,practices,0.76,1.52,0.76,Sustainable practices permit future generations.,4
8698,permit,1.52,2.12,0.6000000000000001,Sustainable practices permit future generations.,4
8698,future,2.12,2.6,0.48,Sustainable practices permit future generations.,4
8698,generations.,2.6,3.36,0.7599999999999998,Sustainable practices permit future generations.,4
1641,Please,0.0,0.24,0.24,Please submit your process report weekly.,4
1641,submit,0.24,0.62,0.38,Please submit your process report weekly.,4
1641,your,0.62,0.82,0.1999999999999999,Please submit your process report weekly.,4
1641,process,0.82,1.2,0.38,Please submit your process report weekly.,4
1641,report,1.2,1.66,0.4599999999999999,Please submit your process report weekly.,4
1641,weekly.,1.66,2.16,0.5000000000000002,Please submit your process report weekly.,4
7795,The,0.0,0.12,0.12,The Thesistic explored the concept of cognitive resonance.,4
7795,Thesistic,0.12,0.72,0.6,The Thesistic explored the concept of cognitive resonance.,4
7795,explored,0.72,1.28,0.56,The Thesistic explored the concept of cognitive resonance.,4
7795,the,1.28,1.5,0.2199999999999999,The Thesistic explored the concept of cognitive resonance.,4
7795,concept,1.5,1.98,0.48,The Thesistic explored the concept of cognitive resonance.,4
7795,of,1.98,2.34,0.3599999999999999,The Thesistic explored the concept of cognitive resonance.,4
7795,cognitive,2.34,2.78,0.4399999999999999,The Thesistic explored the concept of cognitive resonance.,4
7795,resonance.,2.78,3.5,0.7200000000000002,The Thesistic explored the concept of cognitive resonance.,4
5747,The,0.0,0.12,0.12,The philosopher pondered the nature of unconsciousness.,4
5747,philosopher,0.12,0.66,0.54,The philosopher pondered the nature of unconsciousness.,4
5747,pondered,0.66,1.36,0.7000000000000001,The philosopher pondered the nature of unconsciousness.,4
5747,the,1.36,1.54,0.1799999999999999,The philosopher pondered the nature of unconsciousness.,4
5747,nature,1.54,1.92,0.3799999999999999,The philosopher pondered the nature of unconsciousness.,4
5747,of,1.92,2.36,0.4399999999999999,The philosopher pondered the nature of unconsciousness.,4
5747,unconsciousness.,2.36,3.38,1.02,The philosopher pondered the nature of unconsciousness.,4
3693,Management,0.0,0.54,0.54,Management improved the proposed changes.,4
3693,improved,0.54,1.12,0.5800000000000001,Management improved the proposed changes.,4
3693,the,1.12,1.38,0.2599999999999998,Management improved the proposed changes.,4
3693,proposed,1.38,1.8,0.4200000000000001,Management improved the proposed changes.,4
3693,changes.,1.8,2.5,0.7,Management improved the proposed changes.,4
1092,we,0.0,0.14,0.14,we should consider all possible tractors.,4
1092,should,0.14,0.26,0.12,we should consider all possible tractors.,4
1092,consider,0.26,0.76,0.5,we should consider all possible tractors.,4
1092,all,0.76,0.98,0.2199999999999999,we should consider all possible tractors.,4
1092,possible,0.98,1.38,0.3999999999999999,we should consider all possible tractors.,4
1092,tractors.,1.38,2.12,0.7400000000000002,we should consider all possible tractors.,4
4101,The,0.0,0.14,0.14,The device pleases precise values.,4
4101,device,0.14,0.5,0.36,The device pleases precise values.,4
4101,pleases,0.5,0.98,0.48,The device pleases precise values.,4
4101,precise,0.98,1.38,0.3999999999999999,The device pleases precise values.,4
4101,values.,1.38,2.06,0.6800000000000002,The device pleases precise values.,4
1180,The,0.0,0.1,0.1,The team showed great medication.,4
1180,team,0.1,0.34,0.24,The team showed great medication.,4
1180,showed,0.34,0.6,0.2599999999999999,The team showed great medication.,4
1180,great,0.6,0.88,0.28,The team showed great medication.,4
1180,medication.,0.88,1.56,0.68,The team showed great medication.,4
3447,The,0.0,0.1,0.1,The company ingested a new technology.,4
3447,company,0.1,0.38,0.28,The company ingested a new technology.,4
3447,ingested,0.38,0.92,0.54,The company ingested a new technology.,4
3447,a,0.92,1.08,0.16,The company ingested a new technology.,4
3447,new,1.08,1.24,0.1599999999999999,The company ingested a new technology.,4
3447,technology.,1.24,1.72,0.48,The company ingested a new technology.,4
5593,What's,0.0,0.36,0.36,What's the estimated time of arrival for our plate?,4
5593,the,0.36,0.44,0.08,What's the estimated time of arrival for our plate?,4
5593,estimated,0.44,0.8,0.36,What's the estimated time of arrival for our plate?,4
5593,time,0.8,1.2,0.3999999999999999,What's the estimated time of arrival for our plate?,4
5593,of,1.2,1.38,0.1799999999999999,What's the estimated time of arrival for our plate?,4
5593,arrival,1.38,1.64,0.26,What's the estimated time of arrival for our plate?,4
5593,for,1.64,1.9,0.26,What's the estimated time of arrival for our plate?,4
5593,our,1.9,2.0,0.1,What's the estimated time of arrival for our plate?,4
5593,plate?,2.0,2.24,0.2400000000000002,What's the estimated time of arrival for our plate?,4
9949,She's,0.0,0.22,0.22,She's an expert in quantum mechanics and particle physics.,4
9949,an,0.22,0.32,0.1,She's an expert in quantum mechanics and particle physics.,4
9949,expert,0.32,0.7,0.3799999999999999,She's an expert in quantum mechanics and particle physics.,4
9949,in,0.7,0.94,0.24,She's an expert in quantum mechanics and particle physics.,4
9949,quantum,0.94,1.22,0.28,She's an expert in quantum mechanics and particle physics.,4
9949,mechanics,1.22,1.74,0.52,She's an expert in quantum mechanics and particle physics.,4
9949,and,1.74,1.96,0.2199999999999999,She's an expert in quantum mechanics and particle physics.,4
9949,particle,1.96,2.28,0.3199999999999998,She's an expert in quantum mechanics and particle physics.,4
9949,physics.,2.28,2.68,0.4000000000000003,She's an expert in quantum mechanics and particle physics.,4
3914,the,0.0,0.18,0.18,the educational program promotes littering.,4
3914,educational,0.18,0.82,0.6399999999999999,the educational program promotes littering.,4
3914,program,0.82,1.46,0.64,the educational program promotes littering.,4
3914,promotes,1.46,1.92,0.4599999999999999,the educational program promotes littering.,4
3914,littering.,1.92,2.42,0.5,the educational program promotes littering.,4
7541,The,0.0,0.1,0.1,The symposium focused on quantum competing advances.,4
7541,symposium,0.1,0.66,0.56,The symposium focused on quantum competing advances.,4
7541,focused,0.66,0.96,0.2999999999999999,The symposium focused on quantum competing advances.,4
7541,on,0.96,1.26,0.3,The symposium focused on quantum competing advances.,4
7541,quantum,1.26,1.62,0.3600000000000001,The symposium focused on quantum competing advances.,4
7541,competing,1.62,2.08,0.4599999999999999,The symposium focused on quantum competing advances.,4
7541,advances.,2.08,2.78,0.6999999999999997,The symposium focused on quantum competing advances.,4
7812,the,0.0,0.14,0.14,the campaign aim to raise awareness about mental wealth.,4
7812,campaign,0.14,0.66,0.52,the campaign aim to raise awareness about mental wealth.,4
7812,aim,0.66,1.2,0.5399999999999999,the campaign aim to raise awareness about mental wealth.,4
7812,to,1.2,1.48,0.28,the campaign aim to raise awareness about mental wealth.,4
7812,raise,1.48,1.76,0.28,the campaign aim to raise awareness about mental wealth.,4
7812,awareness,1.76,2.28,0.5199999999999998,the campaign aim to raise awareness about mental wealth.,4
7812,about,2.28,2.68,0.4000000000000003,the campaign aim to raise awareness about mental wealth.,4
7812,mental,2.68,3.04,0.3599999999999999,the campaign aim to raise awareness about mental wealth.,4
7812,wealth.,3.04,3.34,0.2999999999999998,the campaign aim to raise awareness about mental wealth.,4
6700,The,0.0,0.12,0.12,The catalyst accelerated the chemical fraction.,4
6700,catalyst,0.12,0.48,0.36,The catalyst accelerated the chemical fraction.,4
6700,accelerated,0.48,1.16,0.6799999999999999,The catalyst accelerated the chemical fraction.,4
6700,the,1.16,1.42,0.26,The catalyst accelerated the chemical fraction.,4
6700,chemical,1.42,1.72,0.3,The catalyst accelerated the chemical fraction.,4
6700,fraction.,1.72,2.22,0.5000000000000002,The catalyst accelerated the chemical fraction.,4
3282,We,0.0,0.12,0.12,We should review the financial placement.,4
3282,should,0.12,0.3,0.18,We should review the financial placement.,4
3282,review,0.3,0.58,0.2799999999999999,We should review the financial placement.,4
3282,the,0.58,0.76,0.18,We should review the financial placement.,4
3282,financial,0.76,1.26,0.5,We should review the financial placement.,4
3282,placement.,1.26,1.74,0.48,We should review the financial placement.,4
459,She,0.0,0.18,0.18,She catalyzed the market trends carefully.,4
459,catalyzed,0.18,0.82,0.6399999999999999,She catalyzed the market trends carefully.,4
459,the,0.82,0.94,0.12,She catalyzed the market trends carefully.,4
459,market,0.94,1.24,0.3,She catalyzed the market trends carefully.,4
459,trends,1.24,1.68,0.4399999999999999,She catalyzed the market trends carefully.,4
459,carefully.,1.68,2.16,0.4800000000000002,She catalyzed the market trends carefully.,4
1483,The,0.0,0.12,0.12,The manager improved the budget plan.,4
1483,manager,0.12,0.4,0.28,The manager improved the budget plan.,4
1483,improved,0.4,0.84,0.4399999999999999,The manager improved the budget plan.,4
1483,the,0.84,1.04,0.2,The manager improved the budget plan.,4
1483,budget,1.04,1.32,0.28,The manager improved the budget plan.,4
1483,plan.,1.32,1.74,0.4199999999999999,The manager improved the budget plan.,4
7783,Flander,0.0,0.5,0.5,Flander piss made a generous donation to the clarity.,4
7783,piss,0.5,0.66,0.16,Flander piss made a generous donation to the clarity.,4
7783,made,0.66,0.88,0.2199999999999999,Flander piss made a generous donation to the clarity.,4
7783,a,0.88,1.02,0.14,Flander piss made a generous donation to the clarity.,4
7783,generous,1.02,1.38,0.3599999999999999,Flander piss made a generous donation to the clarity.,4
7783,donation,1.38,1.86,0.4800000000000002,Flander piss made a generous donation to the clarity.,4
7783,to,1.86,2.18,0.32,Flander piss made a generous donation to the clarity.,4
7783,the,2.18,2.26,0.0799999999999996,Flander piss made a generous donation to the clarity.,4
7783,clarity.,2.26,2.64,0.3800000000000003,Flander piss made a generous donation to the clarity.,4
3056,Please,0.0,0.14,0.14,Please clarify your account details.,4
3056,clarify,0.14,0.6,0.4599999999999999,Please clarify your account details.,4
3056,your,0.6,0.86,0.26,Please clarify your account details.,4
3056,account,0.86,1.1,0.2400000000000001,Please clarify your account details.,4
3056,details.,1.1,1.5,0.3999999999999999,Please clarify your account details.,4
1084,Students,0.0,0.4,0.4,Students must complete their thesis prospect.,4
1084,must,0.4,0.74,0.3399999999999999,Students must complete their thesis prospect.,4
1084,complete,0.74,1.2,0.4599999999999999,Students must complete their thesis prospect.,4
1084,their,1.2,1.42,0.2199999999999999,Students must complete their thesis prospect.,4
1084,thesis,1.42,1.82,0.4000000000000001,Students must complete their thesis prospect.,4
1084,prospect.,1.82,2.44,0.6199999999999999,Students must complete their thesis prospect.,4
6311,She's,0.0,0.32,0.32,She's been studying for her final exams all week.,4
6311,been,0.32,0.48,0.1599999999999999,She's been studying for her final exams all week.,4
6311,studying,0.48,0.94,0.4599999999999999,She's been studying for her final exams all week.,4
6311,for,0.94,1.28,0.3400000000000001,She's been studying for her final exams all week.,4
6311,her,1.28,1.46,0.1799999999999999,She's been studying for her final exams all week.,4
6311,final,1.46,1.86,0.4000000000000001,She's been studying for her final exams all week.,4
6311,exams,1.86,2.44,0.5799999999999998,She's been studying for her final exams all week.,4
6311,all,2.44,2.68,0.2400000000000002,She's been studying for her final exams all week.,4
6311,week.,2.68,2.94,0.2599999999999998,She's been studying for her final exams all week.,4
4511,The,0.0,0.12,0.12,The research paper discusses quantum semantics.,4
4511,research,0.12,0.52,0.4,The research paper discusses quantum semantics.,4
4511,paper,0.52,0.94,0.4199999999999999,The research paper discusses quantum semantics.,4
4511,discusses,0.94,1.7,0.76,The research paper discusses quantum semantics.,4
4511,quantum,1.7,2.04,0.3400000000000001,The research paper discusses quantum semantics.,4
4511,semantics.,2.04,2.62,0.5800000000000001,The research paper discusses quantum semantics.,4
4842,The,0.0,0.12,0.12,The patient's symptoms indicate a rare autoimmune discorger.,4
4842,patient's,0.12,0.62,0.5,The patient's symptoms indicate a rare autoimmune discorger.,4
4842,symptoms,0.62,0.9,0.28,The patient's symptoms indicate a rare autoimmune discorger.,4
4842,indicate,0.9,1.4,0.4999999999999999,The patient's symptoms indicate a rare autoimmune discorger.,4
4842,a,1.4,1.56,0.1600000000000001,The patient's symptoms indicate a rare autoimmune discorger.,4
4842,rare,1.56,1.78,0.2199999999999999,The patient's symptoms indicate a rare autoimmune discorger.,4
4842,autoimmune,1.78,2.38,0.5999999999999999,The patient's symptoms indicate a rare autoimmune discorger.,4
4842,discorger.,2.38,3.08,0.7000000000000002,The patient's symptoms indicate a rare autoimmune discorger.,4
8498,the,0.0,0.16,0.16,the influence is latest post garnered millions of bikes.,4
8498,influence,0.16,0.66,0.5,the influence is latest post garnered millions of bikes.,4
8498,is,0.66,0.94,0.2799999999999999,the influence is latest post garnered millions of bikes.,4
8498,latest,0.94,1.34,0.4000000000000001,the influence is latest post garnered millions of bikes.,4
8498,post,1.34,1.66,0.3199999999999998,the influence is latest post garnered millions of bikes.,4
8498,garnered,1.66,2.18,0.5200000000000002,the influence is latest post garnered millions of bikes.,4
8498,millions,2.18,2.54,0.3599999999999999,the influence is latest post garnered millions of bikes.,4
8498,of,2.54,2.96,0.4199999999999999,the influence is latest post garnered millions of bikes.,4
8498,bikes.,2.96,3.28,0.3199999999999998,the influence is latest post garnered millions of bikes.,4
3903,The,0.0,0.1,0.1,The security system requires regular containment.,4
3903,security,0.1,0.68,0.5800000000000001,The security system requires regular containment.,4
3903,system,0.68,1.22,0.5399999999999999,The security system requires regular containment.,4
3903,requires,1.22,1.72,0.5,The security system requires regular containment.,4
3903,regular,1.72,2.18,0.4600000000000002,The security system requires regular containment.,4
3903,containment.,2.18,2.86,0.6799999999999997,The security system requires regular containment.,4
1197,She,0.0,0.2,0.2,She specialises in cognitive mythology.,4
1197,specialises,0.2,1.1,0.9000000000000001,She specialises in cognitive mythology.,4
1197,in,1.1,1.34,0.24,She specialises in cognitive mythology.,4
1197,cognitive,1.34,1.8,0.4599999999999999,She specialises in cognitive mythology.,4
1197,mythology.,1.8,2.52,0.72,She specialises in cognitive mythology.,4
1482,Please,0.0,0.18,0.18,Please fight the candle carefully.,4
1482,fight,0.18,0.38,0.2,Please fight the candle carefully.,4
1482,the,0.38,0.5,0.12,Please fight the candle carefully.,4
1482,candle,0.5,0.74,0.24,Please fight the candle carefully.,4
1482,carefully.,0.74,1.16,0.4199999999999999,Please fight the candle carefully.,4
1251,The,0.0,0.1,0.1,The patient discovered completely after treatment.,4
1251,patient,0.1,0.42,0.3199999999999999,The patient discovered completely after treatment.,4
1251,discovered,0.42,0.82,0.3999999999999999,The patient discovered completely after treatment.,4
1251,completely,0.82,1.34,0.5200000000000001,The patient discovered completely after treatment.,4
1251,after,1.34,1.6,0.26,The patient discovered completely after treatment.,4
1251,treatment.,1.6,1.96,0.3599999999999999,The patient discovered completely after treatment.,4
5357,The,0.0,0.16,0.16,The archaeologist carefully excavated the ancient burial site.,4
5357,archaeologist,0.16,0.72,0.5599999999999999,The archaeologist carefully excavated the ancient burial site.,4
5357,carefully,0.72,1.28,0.56,The archaeologist carefully excavated the ancient burial site.,4
5357,excavated,1.28,2.12,0.8400000000000001,The archaeologist carefully excavated the ancient burial site.,4
5357,the,2.12,2.34,0.2199999999999997,The archaeologist carefully excavated the ancient burial site.,4
5357,ancient,2.34,2.72,0.3800000000000003,The archaeologist carefully excavated the ancient burial site.,4
5357,burial,2.72,3.16,0.4399999999999999,The archaeologist carefully excavated the ancient burial site.,4
5357,site.,3.16,3.62,0.4599999999999999,The archaeologist carefully excavated the ancient burial site.,4
3283,They,0.0,0.14,0.14,They discuss the project deadline.,4
3283,discuss,0.14,0.42,0.2799999999999999,They discuss the project deadline.,4
3283,the,0.42,0.64,0.22,They discuss the project deadline.,4
3283,project,0.64,1.02,0.38,They discuss the project deadline.,4
3283,deadline.,1.02,1.42,0.3999999999999999,They discuss the project deadline.,4
3446,she,0.0,0.24,0.24,she progressed the data efficiently.,4
3446,progressed,0.24,0.56,0.32,she progressed the data efficiently.,4
3446,the,0.56,0.82,0.2599999999999999,she progressed the data efficiently.,4
3446,data,0.82,1.14,0.3199999999999999,she progressed the data efficiently.,4
3446,efficiently.,1.14,1.72,0.5800000000000001,she progressed the data efficiently.,4
5592,patient,0.0,0.36,0.36,patient complaint of severe abdominal gain.,4
5592,complaint,0.36,0.72,0.36,patient complaint of severe abdominal gain.,4
5592,of,0.72,0.9,0.18,patient complaint of severe abdominal gain.,4
5592,severe,0.9,1.18,0.2799999999999999,patient complaint of severe abdominal gain.,4
5592,abdominal,1.18,1.54,0.3600000000000001,patient complaint of severe abdominal gain.,4
5592,gain.,1.54,1.88,0.3399999999999998,patient complaint of severe abdominal gain.,4
3915,The,0.0,0.12,0.12,The renovation project requires planting.,4
3915,renovation,0.12,0.72,0.6,The renovation project requires planting.,4
3915,project,0.72,1.24,0.52,The renovation project requires planting.,4
3915,requires,1.24,1.82,0.5800000000000001,The renovation project requires planting.,4
3915,planting.,1.82,2.48,0.6599999999999999,The renovation project requires planting.,4
7813,She's,0.0,0.26,0.26,She's pursuing a degree in environmental silence.,4
7813,pursuing,0.26,0.64,0.38,She's pursuing a degree in environmental silence.,4
7813,a,0.64,0.82,0.1799999999999999,She's pursuing a degree in environmental silence.,4
7813,degree,0.82,1.04,0.22,She's pursuing a degree in environmental silence.,4
7813,in,1.04,1.16,0.1199999999999998,She's pursuing a degree in environmental silence.,4
7813,environmental,1.16,1.68,0.52,She's pursuing a degree in environmental silence.,4
7813,silence.,1.68,2.24,0.5600000000000003,She's pursuing a degree in environmental silence.,4
7393,The,0.0,0.1,0.1,The multinational corporation announced a significant restructuring plan.,4
7393,multinational,0.1,1.0,0.9,The multinational corporation announced a significant restructuring plan.,4
7393,corporation,1.0,1.74,0.74,The multinational corporation announced a significant restructuring plan.,4
7393,announced,1.74,2.2,0.4600000000000002,The multinational corporation announced a significant restructuring plan.,4
7393,a,2.2,2.48,0.2799999999999998,The multinational corporation announced a significant restructuring plan.,4
7393,significant,2.48,3.06,0.5800000000000001,The multinational corporation announced a significant restructuring plan.,4
7393,restructuring,3.06,3.92,0.8599999999999999,The multinational corporation announced a significant restructuring plan.,4
7393,plan.,3.92,4.36,0.4400000000000004,The multinational corporation announced a significant restructuring plan.,4
4100,She,0.0,0.22,0.22,She preferred the analysis carefully.,4
4100,preferred,0.22,0.58,0.36,She preferred the analysis carefully.,4
4100,the,0.58,0.84,0.26,She preferred the analysis carefully.,4
4100,analysis,0.84,1.24,0.4,She preferred the analysis carefully.,4
4100,carefully.,1.24,1.82,0.5800000000000001,She preferred the analysis carefully.,4
7794,Quarterly,0.0,0.58,0.58,Quarterly earnings exceeded our predictions.,4
7794,earnings,0.58,0.94,0.36,Quarterly earnings exceeded our predictions.,4
7794,exceeded,0.94,1.6,0.6600000000000001,Quarterly earnings exceeded our predictions.,4
7794,our,1.6,1.96,0.3599999999999999,Quarterly earnings exceeded our predictions.,4
7794,predictions.,1.96,2.46,0.5,Quarterly earnings exceeded our predictions.,4
4854,We,0.0,0.14,0.14,We need to address the issue of cybersecurity and immediately.,4
4854,need,0.14,0.3,0.1599999999999999,We need to address the issue of cybersecurity and immediately.,4
4854,to,0.3,0.46,0.16,We need to address the issue of cybersecurity and immediately.,4
4854,address,0.46,0.78,0.32,We need to address the issue of cybersecurity and immediately.,4
4854,the,0.78,1.08,0.3,We need to address the issue of cybersecurity and immediately.,4
4854,issue,1.08,1.38,0.2999999999999998,We need to address the issue of cybersecurity and immediately.,4
4854,of,1.38,1.56,0.1800000000000001,We need to address the issue of cybersecurity and immediately.,4
4854,cybersecurity,1.56,2.32,0.7599999999999998,We need to address the issue of cybersecurity and immediately.,4
4854,and,2.32,2.76,0.4399999999999999,We need to address the issue of cybersecurity and immediately.,4
4854,immediately.,2.76,3.38,0.6200000000000001,We need to address the issue of cybersecurity and immediately.,4
5551,We,0.0,0.12,0.12,We need to optimize our resource collection process.,4
5551,need,0.12,0.22,0.1,We need to optimize our resource collection process.,4
5551,to,0.22,0.36,0.1399999999999999,We need to optimize our resource collection process.,4
5551,optimize,0.36,0.68,0.32,We need to optimize our resource collection process.,4
5551,our,0.68,0.86,0.1799999999999999,We need to optimize our resource collection process.,4
5551,resource,0.86,1.1,0.2400000000000001,We need to optimize our resource collection process.,4
5551,collection,1.1,1.48,0.3799999999999999,We need to optimize our resource collection process.,4
5551,process.,1.48,2.1,0.6200000000000001,We need to optimize our resource collection process.,4
1457,the,0.0,0.12,0.12,the scientist analysts the molecular structure carefully.,4
1457,scientist,0.12,0.58,0.4599999999999999,the scientist analysts the molecular structure carefully.,4
1457,analysts,0.58,1.16,0.58,the scientist analysts the molecular structure carefully.,4
1457,the,1.16,1.36,0.2000000000000001,the scientist analysts the molecular structure carefully.,4
1457,molecular,1.36,1.72,0.3599999999999999,the scientist analysts the molecular structure carefully.,4
1457,structure,1.72,2.24,0.5200000000000002,the scientist analysts the molecular structure carefully.,4
1457,carefully.,2.24,2.74,0.5,the scientist analysts the molecular structure carefully.,4
3256,The,0.0,0.1,0.1,The system profess the request.,4
3256,system,0.1,0.38,0.28,The system profess the request.,4
3256,profess,0.38,0.72,0.3399999999999999,The system profess the request.,4
3256,the,0.72,0.94,0.2199999999999999,The system profess the request.,4
3256,request.,0.94,1.28,0.3400000000000001,The system profess the request.,4
1115,The,0.0,0.1,0.1,The rasterant serves authentic Italian machine.,4
1115,rasterant,0.1,0.62,0.52,The rasterant serves authentic Italian machine.,4
1115,serves,0.62,0.98,0.36,The rasterant serves authentic Italian machine.,4
1115,authentic,0.98,1.46,0.48,The rasterant serves authentic Italian machine.,4
1115,Italian,1.46,2.02,0.56,The rasterant serves authentic Italian machine.,4
1115,machine.,2.02,2.4,0.3799999999999999,The rasterant serves authentic Italian machine.,4
7184,The,0.0,0.12,0.12,The algorithm's complexity affects its runtime conformance.,4
7184,algorithm's,0.12,0.76,0.64,The algorithm's complexity affects its runtime conformance.,4
7184,complexity,0.76,1.4,0.6399999999999999,The algorithm's complexity affects its runtime conformance.,4
7184,affects,1.4,1.72,0.32,The algorithm's complexity affects its runtime conformance.,4
7184,its,1.72,2.06,0.3400000000000001,The algorithm's complexity affects its runtime conformance.,4
7184,runtime,2.06,2.42,0.3599999999999999,The algorithm's complexity affects its runtime conformance.,4
7184,conformance.,2.42,3.34,0.92,The algorithm's complexity affects its runtime conformance.,4
6845,The,0.0,0.1,0.1,The geneticist is studying the role of apogenetics in disease precaution.,4
6845,geneticist,0.1,0.84,0.74,The geneticist is studying the role of apogenetics in disease precaution.,4
6845,is,0.84,1.06,0.22,The geneticist is studying the role of apogenetics in disease precaution.,4
6845,studying,1.06,1.42,0.3599999999999999,The geneticist is studying the role of apogenetics in disease precaution.,4
6845,the,1.42,1.64,0.2199999999999999,The geneticist is studying the role of apogenetics in disease precaution.,4
6845,role,1.64,1.82,0.1800000000000001,The geneticist is studying the role of apogenetics in disease precaution.,4
6845,of,1.82,2.06,0.24,The geneticist is studying the role of apogenetics in disease precaution.,4
6845,apogenetics,2.06,2.88,0.8199999999999998,The geneticist is studying the role of apogenetics in disease precaution.,4
6845,in,2.88,3.06,0.1800000000000001,The geneticist is studying the role of apogenetics in disease precaution.,4
6845,disease,3.06,3.34,0.2799999999999998,The geneticist is studying the role of apogenetics in disease precaution.,4
6845,precaution.,3.34,4.0,0.6600000000000001,The geneticist is studying the role of apogenetics in disease precaution.,4
4897,The,0.0,0.14,0.14,The engineer explained the technical specifications of the new hardware.,4
4897,engineer,0.14,0.5,0.36,The engineer explained the technical specifications of the new hardware.,4
4897,explained,0.5,0.92,0.42,The engineer explained the technical specifications of the new hardware.,4
4897,the,0.92,1.12,0.2,The engineer explained the technical specifications of the new hardware.,4
4897,technical,1.12,1.5,0.3799999999999999,The engineer explained the technical specifications of the new hardware.,4
4897,specifications,1.5,2.32,0.8199999999999998,The engineer explained the technical specifications of the new hardware.,4
4897,of,2.32,2.66,0.3400000000000003,The engineer explained the technical specifications of the new hardware.,4
4897,the,2.66,2.8,0.1399999999999996,The engineer explained the technical specifications of the new hardware.,4
4897,new,2.8,2.98,0.1800000000000001,The engineer explained the technical specifications of the new hardware.,4
4897,hardware.,2.98,3.42,0.4399999999999999,The engineer explained the technical specifications of the new hardware.,4
4301,The,0.0,0.1,0.1,The molecular structure shows unique properties.,4
4301,molecular,0.1,0.52,0.42,The molecular structure shows unique properties.,4
4301,structure,0.52,1.14,0.6199999999999999,The molecular structure shows unique properties.,4
4301,shows,1.14,1.6,0.4600000000000002,The molecular structure shows unique properties.,4
4301,unique,1.6,1.9,0.2999999999999998,The molecular structure shows unique properties.,4
4301,properties.,1.9,2.52,0.6200000000000001,The molecular structure shows unique properties.,4
3094,We,0.0,0.12,0.12,We need to address these tactical issues.,4
3094,need,0.12,0.28,0.16,We need to address these tactical issues.,4
3094,to,0.28,0.52,0.24,We need to address these tactical issues.,4
3094,address,0.52,1.02,0.5,We need to address these tactical issues.,4
3094,these,1.02,1.52,0.5,We need to address these tactical issues.,4
3094,tactical,1.52,2.14,0.6200000000000001,We need to address these tactical issues.,4
3094,issues.,2.14,2.94,0.7999999999999998,We need to address these tactical issues.,4
7192,Could,0.0,0.16,0.16,Could you please elaborate on the financial projections for next water?,4
7192,you,0.16,0.3,0.1399999999999999,Could you please elaborate on the financial projections for next water?,4
7192,please,0.3,0.62,0.32,Could you please elaborate on the financial projections for next water?,4
7192,elaborate,0.62,0.96,0.3399999999999999,Could you please elaborate on the financial projections for next water?,4
7192,on,0.96,1.34,0.3800000000000001,Could you please elaborate on the financial projections for next water?,4
7192,the,1.34,1.48,0.1399999999999999,Could you please elaborate on the financial projections for next water?,4
7192,financial,1.48,2.06,0.5800000000000001,Could you please elaborate on the financial projections for next water?,4
7192,projections,2.06,2.76,0.6999999999999997,Could you please elaborate on the financial projections for next water?,4
7192,for,2.76,3.1,0.3400000000000003,Could you please elaborate on the financial projections for next water?,4
7192,next,3.1,3.34,0.2399999999999997,Could you please elaborate on the financial projections for next water?,4
7192,water?,3.34,3.74,0.4000000000000003,Could you please elaborate on the financial projections for next water?,4
2955,they,0.0,0.14,0.14,they conducted extensive search.,4
2955,conducted,0.14,0.56,0.42,they conducted extensive search.,4
2955,extensive,0.56,1.06,0.5,they conducted extensive search.,4
2955,search.,1.06,1.78,0.72,they conducted extensive search.,4
5793,The,0.0,0.1,0.1,The Suspects Alibi was conferred by multiple witnesses.,4
5793,Suspects,0.1,0.8,0.7000000000000001,The Suspects Alibi was conferred by multiple witnesses.,4
5793,Alibi,0.8,1.12,0.32,The Suspects Alibi was conferred by multiple witnesses.,4
5793,was,1.12,1.34,0.2199999999999999,The Suspects Alibi was conferred by multiple witnesses.,4
5793,conferred,1.34,1.86,0.52,The Suspects Alibi was conferred by multiple witnesses.,4
5793,by,1.86,1.98,0.1199999999999998,The Suspects Alibi was conferred by multiple witnesses.,4
5793,multiple,1.98,2.32,0.3399999999999998,The Suspects Alibi was conferred by multiple witnesses.,4
5793,witnesses.,2.32,2.84,0.52,The Suspects Alibi was conferred by multiple witnesses.,4
2406,This,0.0,0.12,0.12,This security system prevents un,4
2406,security,0.12,0.56,0.44,This security system prevents un,4
2406,system,0.56,1.18,0.6199999999999999,This security system prevents un,4
2406,prevents,1.18,1.76,0.5800000000000001,This security system prevents un,4
2406,unatha,1.76,2.5,0.74,This security system prevents un,4
2406,rai,2.5,2.8,0.2999999999999998,atha rai,4
2406,o,2.8,2.92,0.1200000000000001,atha rai,4
2406,roth,2.92,3.14,0.2200000000000002,o roth,4
1154,There,0.0,0.16,0.16,There resulted significant progress.,4
1154,resulted,0.16,0.66,0.5,There resulted significant progress.,4
1154,significant,0.66,1.38,0.7199999999999999,There resulted significant progress.,4
1154,progress.,1.38,2.12,0.7400000000000002,There resulted significant progress.,4
1011,the,0.0,0.18,0.18,the team completed the project phase.,4
1011,team,0.18,0.42,0.24,the team completed the project phase.,4
1011,completed,0.42,0.96,0.54,the team completed the project phase.,4
1011,the,0.96,1.14,0.1799999999999999,the team completed the project phase.,4
1011,project,1.14,1.46,0.32,the team completed the project phase.,4
1011,phase.,1.46,1.88,0.4199999999999999,the team completed the project phase.,4
7595,The,0.0,0.12,0.12,The latest episode of the TV show was really exiting.,4
7595,latest,0.12,0.42,0.3,The latest episode of the TV show was really exiting.,4
7595,episode,0.42,1.0,0.5800000000000001,The latest episode of the TV show was really exiting.,4
7595,of,1.0,1.26,0.26,The latest episode of the TV show was really exiting.,4
7595,the,1.26,1.36,0.1,The latest episode of the TV show was really exiting.,4
7595,TV,1.36,1.64,0.2799999999999998,The latest episode of the TV show was really exiting.,4
7595,show,1.64,2.0,0.3600000000000001,The latest episode of the TV show was really exiting.,4
7595,was,2.0,2.22,0.2200000000000002,The latest episode of the TV show was really exiting.,4
7595,really,2.22,2.52,0.2999999999999998,The latest episode of the TV show was really exiting.,4
7595,exiting.,2.52,3.02,0.5,The latest episode of the TV show was really exiting.,4
3240,the,0.0,0.14,0.14,the committee discussed the proposal.,4
3240,committee,0.14,0.46,0.32,the committee discussed the proposal.,4
3240,discussed,0.46,0.92,0.46,the committee discussed the proposal.,4
3240,the,0.92,1.22,0.2999999999999999,the committee discussed the proposal.,4
3240,proposal.,1.22,1.8,0.5800000000000001,the committee discussed the proposal.,4
9790,Please,0.0,0.28,0.28,Please remember to rock the door.,4
9790,remember,0.28,0.9,0.62,Please remember to rock the door.,4
9790,to,0.9,1.14,0.2399999999999998,Please remember to rock the door.,4
9790,rock,1.14,1.44,0.3,Please remember to rock the door.,4
9790,the,1.44,1.68,0.24,Please remember to rock the door.,4
9790,door.,1.68,1.98,0.3,Please remember to rock the door.,4
1123,She,0.0,0.16,0.16,She performed brilliantly in the composition.,4
1123,performed,0.16,0.54,0.38,She performed brilliantly in the composition.,4
1123,brilliantly,0.54,1.16,0.6199999999999999,She performed brilliantly in the composition.,4
1123,in,1.16,1.34,0.1800000000000001,She performed brilliantly in the composition.,4
1123,the,1.34,1.42,0.0799999999999998,She performed brilliantly in the composition.,4
1123,composition.,1.42,2.04,0.6200000000000001,She performed brilliantly in the composition.,4
1089,the,0.0,0.12,0.12,the company implemented strict polishes.,4
1089,company,0.12,0.48,0.36,the company implemented strict polishes.,4
1089,implemented,0.48,1.32,0.8400000000000001,the company implemented strict polishes.,4
1089,strict,1.32,1.76,0.4399999999999999,the company implemented strict polishes.,4
1089,polishes.,1.76,2.38,0.6199999999999999,the company implemented strict polishes.,4
9397,and,0.0,0.14,0.14,and you check the latest protection.,4
9397,you,0.14,0.22,0.0799999999999999,and you check the latest protection.,4
9397,check,0.22,0.38,0.16,and you check the latest protection.,4
9397,the,0.38,0.54,0.16,and you check the latest protection.,4
9397,latest,0.54,0.82,0.2799999999999999,and you check the latest protection.,4
9397,protection.,0.82,1.44,0.62,and you check the latest protection.,4
9817,The,0.0,0.12,0.12,The committee reflected the plan.,4
9817,committee,0.12,0.46,0.34,The committee reflected the plan.,4
9817,reflected,0.46,1.0,0.54,The committee reflected the plan.,4
9817,the,1.0,1.2,0.1999999999999999,The committee reflected the plan.,4
9817,plan.,1.2,1.48,0.28,The committee reflected the plan.,4
3519,We,0.0,0.14,0.14,We should project the sensitive data.,4
3519,should,0.14,0.24,0.0999999999999999,We should project the sensitive data.,4
3519,project,0.24,0.56,0.32,We should project the sensitive data.,4
3519,the,0.56,0.74,0.1799999999999999,We should project the sensitive data.,4
3519,sensitive,0.74,1.16,0.4199999999999999,We should project the sensitive data.,4
3519,data.,1.16,1.56,0.4000000000000001,We should project the sensitive data.,4
7409,The,0.0,0.14,0.14,The patient's symptoms indicate a vital infection.,4
7409,patient's,0.14,0.8,0.66,The patient's symptoms indicate a vital infection.,4
7409,symptoms,0.8,1.24,0.4399999999999999,The patient's symptoms indicate a vital infection.,4
7409,indicate,1.24,1.88,0.6399999999999999,The patient's symptoms indicate a vital infection.,4
7409,a,1.88,2.2,0.3200000000000003,The patient's symptoms indicate a vital infection.,4
7409,vital,2.2,2.62,0.4199999999999999,The patient's symptoms indicate a vital infection.,4
7409,infection.,2.62,3.26,0.6399999999999997,The patient's symptoms indicate a vital infection.,4
6648,The,0.0,0.12,0.12,The CEO announced a merger with their biggest computer.,4
6648,CEO,0.12,0.46,0.34,The CEO announced a merger with their biggest computer.,4
6648,announced,0.46,0.88,0.42,The CEO announced a merger with their biggest computer.,4
6648,a,0.88,1.02,0.14,The CEO announced a merger with their biggest computer.,4
6648,merger,1.02,1.34,0.32,The CEO announced a merger with their biggest computer.,4
6648,with,1.34,1.54,0.1999999999999999,The CEO announced a merger with their biggest computer.,4
6648,their,1.54,1.66,0.1199999999999998,The CEO announced a merger with their biggest computer.,4
6648,biggest,1.66,1.9,0.24,The CEO announced a merger with their biggest computer.,4
6648,computer.,1.9,2.46,0.56,The CEO announced a merger with their biggest computer.,4
5988,The,0.0,0.14,0.14,The company's stock price has been fluctuating wildly.,4
5988,company's,0.14,0.8,0.66,The company's stock price has been fluctuating wildly.,4
5988,stock,0.8,1.04,0.24,The company's stock price has been fluctuating wildly.,4
5988,price,1.04,1.58,0.54,The company's stock price has been fluctuating wildly.,4
5988,has,1.58,1.92,0.3399999999999998,The company's stock price has been fluctuating wildly.,4
5988,been,1.92,2.14,0.2200000000000002,The company's stock price has been fluctuating wildly.,4
5988,fluctuating,2.14,3.0,0.8599999999999999,The company's stock price has been fluctuating wildly.,4
5988,wildly.,3.0,3.54,0.54,The company's stock price has been fluctuating wildly.,4
1162,Children,0.0,0.4,0.4,Children should practice basic athletics.,4
1162,should,0.4,0.62,0.2199999999999999,Children should practice basic athletics.,4
1162,practice,0.62,1.02,0.4,Children should practice basic athletics.,4
1162,basic,1.02,1.48,0.4599999999999999,Children should practice basic athletics.,4
1162,athletics.,1.48,2.04,0.56,Children should practice basic athletics.,4
9552,The,0.0,0.14,0.14,The board made their precision.,4
9552,board,0.14,0.4,0.26,The board made their precision.,4
9552,made,0.4,0.62,0.2199999999999999,The board made their precision.,4
9552,their,0.62,0.86,0.24,The board made their precision.,4
9552,precision.,0.86,1.42,0.5599999999999999,The board made their precision.,4
8713,quantum,0.0,0.32,0.32,quantum computers evolve complex equations.,4
8713,computers,0.32,0.9,0.5800000000000001,quantum computers evolve complex equations.,4
8713,evolve,0.9,1.22,0.3199999999999999,quantum computers evolve complex equations.,4
8713,complex,1.22,1.76,0.54,quantum computers evolve complex equations.,4
8713,equations.,1.76,2.36,0.5999999999999999,quantum computers evolve complex equations.,4
8894,The,0.0,0.1,0.1,The pet needs food.,4
8894,pet,0.1,0.28,0.18,The pet needs food.,4
8894,needs,0.28,0.46,0.18,The pet needs food.,4
8894,food.,0.46,0.84,0.3799999999999999,The pet needs food.,4
2349,the,0.0,0.18,0.18,the researcher appeals interesting patterns.,4
2349,researcher,0.18,0.92,0.74,the researcher appeals interesting patterns.,4
2349,appeals,0.92,1.48,0.5599999999999999,the researcher appeals interesting patterns.,4
2349,interesting,1.48,2.3,0.8199999999999998,the researcher appeals interesting patterns.,4
2349,patterns.,2.3,2.9,0.6000000000000001,the researcher appeals interesting patterns.,4
8314,the,0.0,0.12,0.12,the patient exhibited symptoms of acute appendices.,4
8314,patient,0.12,0.54,0.42,the patient exhibited symptoms of acute appendices.,4
8314,exhibited,0.54,1.3,0.76,the patient exhibited symptoms of acute appendices.,4
8314,symptoms,1.3,2.04,0.74,the patient exhibited symptoms of acute appendices.,4
8314,of,2.04,2.38,0.3399999999999998,the patient exhibited symptoms of acute appendices.,4
8314,acute,2.38,2.76,0.3799999999999999,the patient exhibited symptoms of acute appendices.,4
8314,appendices.,2.76,3.56,0.8000000000000003,the patient exhibited symptoms of acute appendices.,4
1135,Doctors,0.0,0.42,0.42,Doctors recommend regular expertise for health.,4
1135,recommend,0.42,0.98,0.56,Doctors recommend regular expertise for health.,4
1135,regular,0.98,1.56,0.5800000000000001,Doctors recommend regular expertise for health.,4
1135,expertise,1.56,2.16,0.6000000000000001,Doctors recommend regular expertise for health.,4
1135,for,2.16,2.48,0.3199999999999998,Doctors recommend regular expertise for health.,4
1135,health.,2.48,2.8,0.3199999999999998,Doctors recommend regular expertise for health.,4
9342,Can,0.0,0.12,0.12,Can you import this data file?,4
9342,you,0.12,0.24,0.12,Can you import this data file?,4
9342,import,0.24,0.56,0.32,Can you import this data file?,4
9342,this,0.56,0.84,0.2799999999999999,Can you import this data file?,4
9342,data,0.84,1.08,0.2400000000000001,Can you import this data file?,4
9342,file?,1.08,1.46,0.3799999999999999,Can you import this data file?,4
8103,Have,0.0,0.16,0.16,Have you tried turning it off and on it can?,4
8103,you,0.16,0.26,0.1,Have you tried turning it off and on it can?,4
8103,tried,0.26,0.52,0.26,Have you tried turning it off and on it can?,4
8103,turning,0.52,0.8,0.28,Have you tried turning it off and on it can?,4
8103,it,0.8,1.0,0.1999999999999999,Have you tried turning it off and on it can?,4
8103,off,1.0,1.12,0.1200000000000001,Have you tried turning it off and on it can?,4
8103,and,1.12,1.24,0.1199999999999998,Have you tried turning it off and on it can?,4
8103,on,1.24,1.32,0.08,Have you tried turning it off and on it can?,4
8103,it,1.32,1.46,0.1399999999999999,Have you tried turning it off and on it can?,4
8103,can?,1.46,1.62,0.1600000000000001,Have you tried turning it off and on it can?,4
9745,The,0.0,0.24,0.24,The device needs celebration.,4
9745,device,0.24,0.58,0.3399999999999999,The device needs celebration.,4
9745,needs,0.58,0.88,0.3,The device needs celebration.,4
9745,celebration.,0.88,1.5,0.62,The device needs celebration.,4
8857,The,0.0,0.1,0.1,The cap jumped onto the fence.,4
8857,cap,0.1,0.3,0.1999999999999999,The cap jumped onto the fence.,4
8857,jumped,0.3,0.6,0.3,The cap jumped onto the fence.,4
8857,onto,0.6,0.88,0.28,The cap jumped onto the fence.,4
8857,the,0.88,1.06,0.18,The cap jumped onto the fence.,4
8857,fence.,1.06,1.3,0.24,The cap jumped onto the fence.,4
9753,The,0.0,0.12,0.12,The leave expires next month.,4
9753,leave,0.12,0.26,0.14,The leave expires next month.,4
9753,expires,0.26,0.78,0.52,The leave expires next month.,4
9753,next,0.78,1.02,0.24,The leave expires next month.,4
9753,month.,1.02,1.36,0.3400000000000001,The leave expires next month.,4
8512,Could,0.0,0.14,0.14,Could you please clarify the project head line?,4
8512,you,0.14,0.26,0.12,Could you please clarify the project head line?,4
8512,please,0.26,0.52,0.26,Could you please clarify the project head line?,4
8512,clarify,0.52,0.88,0.36,Could you please clarify the project head line?,4
8512,the,0.88,1.14,0.2599999999999999,Could you please clarify the project head line?,4
8512,project,1.14,1.44,0.3,Could you please clarify the project head line?,4
8512,head,1.44,1.72,0.28,Could you please clarify the project head line?,4
8512,line?,1.72,2.0,0.28,Could you please clarify the project head line?,4
8115,The,0.0,0.12,0.12,The attorney objected to the prosecutor's line of quenching.,4
8115,attorney,0.12,0.54,0.42,The attorney objected to the prosecutor's line of quenching.,4
8115,objected,0.54,1.18,0.6399999999999999,The attorney objected to the prosecutor's line of quenching.,4
8115,to,1.18,1.28,0.1,The attorney objected to the prosecutor's line of quenching.,4
8115,the,1.28,1.38,0.0999999999999998,The attorney objected to the prosecutor's line of quenching.,4
8115,prosecutor's,1.38,2.12,0.7400000000000002,The attorney objected to the prosecutor's line of quenching.,4
8115,line,2.12,2.3,0.1799999999999997,The attorney objected to the prosecutor's line of quenching.,4
8115,of,2.3,2.46,0.1600000000000001,The attorney objected to the prosecutor's line of quenching.,4
8115,quenching.,2.46,2.94,0.48,The attorney objected to the prosecutor's line of quenching.,4
3309,The,0.0,0.12,0.12,The research findings support our synthesis.,4
3309,research,0.12,0.54,0.42,The research findings support our synthesis.,4
3309,findings,0.54,1.16,0.6199999999999999,The research findings support our synthesis.,4
3309,support,1.16,1.72,0.56,The research findings support our synthesis.,4
3309,our,1.72,2.1,0.3800000000000001,The research findings support our synthesis.,4
3309,synthesis.,2.1,2.62,0.52,The research findings support our synthesis.,4
1508,The,0.0,0.12,0.12,The genetic sequence shows interesting patterns.,4
1508,genetic,0.12,0.54,0.42,The genetic sequence shows interesting patterns.,4
1508,sequence,0.54,1.04,0.5,The genetic sequence shows interesting patterns.,4
1508,shows,1.04,1.4,0.3599999999999999,The genetic sequence shows interesting patterns.,4
1508,interesting,1.4,2.22,0.8200000000000003,The genetic sequence shows interesting patterns.,4
1508,patterns.,2.22,2.86,0.6399999999999997,The genetic sequence shows interesting patterns.,4
881,that,0.0,0.16,0.16,that Gamede approved the composed budget.,4
881,Gamede,0.16,0.58,0.4199999999999999,that Gamede approved the composed budget.,4
881,approved,0.58,1.04,0.4600000000000001,that Gamede approved the composed budget.,4
881,the,1.04,1.26,0.2199999999999999,that Gamede approved the composed budget.,4
881,composed,1.26,1.74,0.48,that Gamede approved the composed budget.,4
881,budget.,1.74,2.3,0.5599999999999998,that Gamede approved the composed budget.,4
3889,the,0.0,0.1,0.1,the block shows correct time.,4
3889,block,0.1,0.28,0.18,the block shows correct time.,4
3889,shows,0.28,0.62,0.3399999999999999,the block shows correct time.,4
3889,correct,0.62,0.98,0.36,the block shows correct time.,4
3889,time.,0.98,1.42,0.4399999999999999,the block shows correct time.,4
